caller	callee
DGifCloseFile	fclose@plt
DGifDecompressInput	fread@plt
DGifDecompressLine	DGifDecompressInput
DGifDecompressLine	__stack_chk_fail@plt
DGifGetCode	__stack_chk_fail@plt
DGifGetCode	fread@plt
DGifGetCodeNext	__stack_chk_fail@plt
DGifGetCodeNext	fread@plt
DGifGetExtension	__stack_chk_fail@plt
DGifGetExtension	fread@plt
DGifGetExtensionNext	__stack_chk_fail@plt
DGifGetExtensionNext	fread@plt
DGifGetImageDesc	GifMakeMapObject
DGifGetImageDesc	__stack_chk_fail@plt
DGifGetImageDesc	calloc@plt
DGifGetImageDesc	fread@plt
DGifGetImageDesc	realloc@plt
DGifGetLZCodes	DGifDecompressInput
DGifGetLZCodes	__stack_chk_fail@plt
DGifGetLZCodes	fread@plt
DGifGetLine	DGifDecompressLine
DGifGetLine	__stack_chk_fail@plt
DGifGetLine	fread@plt
DGifGetPixel	DGifDecompressLine
DGifGetPixel	__stack_chk_fail@plt
DGifGetPixel	fread@plt
DGifGetRecordType	__stack_chk_fail@plt
DGifGetRecordType	fread@plt
DGifGetScreenDesc	DGifGetScreenDesc.part.9
DGifGetScreenDesc	__stack_chk_fail@plt
DGifGetScreenDesc	fread@plt
DGifGetScreenDesc.part.9	GifMakeMapObject
DGifGetScreenDesc.part.9	__stack_chk_fail@plt
DGifGetScreenDesc.part.9	fread@plt
DGifOpen	DGifGetScreenDesc.part.9
DGifOpen	__stack_chk_fail@plt
DGifOpen	calloc@plt
DGifOpen	fread@plt
DGifOpenFileHandle	DGifGetScreenDesc.part.9
DGifOpenFileHandle	__stack_chk_fail@plt
DGifOpenFileHandle	calloc@plt
DGifOpenFileHandle	close@plt
DGifOpenFileHandle	fclose@plt
DGifOpenFileHandle	fdopen@plt
DGifOpenFileHandle	fread@plt
DGifOpenFileName	DGifGetScreenDesc.part.9
DGifOpenFileName	__stack_chk_fail@plt
DGifOpenFileName	calloc@plt
DGifOpenFileName	close@plt
DGifOpenFileName	fclose@plt
DGifOpenFileName	fdopen@plt
DGifOpenFileName	fread@plt
DGifOpenFileName	open@plt
DGifSlurp	DGifDecompressLine
DGifSlurp	DGifGetCodeNext
DGifSlurp	DGifGetExtensionNext
DGifSlurp	DGifGetImageDesc
DGifSlurp	GifAddExtensionBlock
DGifSlurp	__stack_chk_fail@plt
DGifSlurp	calloc@plt
DGifSlurp	fread@plt
DumpFunction	DumpFunction
DumpFunction	DumpString
DumpFunction	__stack_chk_fail@plt
DumpString	__stack_chk_fail@plt
EGifCloseFile	__stack_chk_fail@plt
EGifCloseFile	fclose@plt
EGifCloseFile	fwrite@plt
EGifCompressLine	EGifCompressOutput
EGifCompressLine	memset@plt
EGifCompressOutput	fwrite@plt
EGifGCBToSavedExtension	GifAddExtensionBlock
EGifGCBToSavedExtension	__stack_chk_fail@plt
EGifOpen	calloc@plt
EGifOpen	free@plt
EGifOpen	memset@plt
EGifOpenFileHandle	calloc@plt
EGifOpenFileHandle	fdopen@plt
EGifOpenFileHandle	memset@plt
EGifOpenFileName	calloc@plt
EGifOpenFileName	close@plt
EGifOpenFileName	fdopen@plt
EGifOpenFileName	memset@plt
EGifOpenFileName	open@plt
EGifPutCode	__stack_chk_fail@plt
EGifPutCode	fwrite@plt
EGifPutCodeNext	__stack_chk_fail@plt
EGifPutCodeNext	fwrite@plt
EGifPutComment	__stack_chk_fail@plt
EGifPutComment	fwrite@plt
EGifPutComment	strlen@plt
EGifPutExtension	__stack_chk_fail@plt
EGifPutExtension	fwrite@plt
EGifPutExtensionBlock	__stack_chk_fail@plt
EGifPutExtensionBlock	fwrite@plt
EGifPutExtensionLeader	__stack_chk_fail@plt
EGifPutExtensionLeader	fwrite@plt
EGifPutExtensionTrailer	__stack_chk_fail@plt
EGifPutExtensionTrailer	fwrite@plt
EGifPutImageDesc	EGifCompressOutput
EGifPutImageDesc	GifMakeMapObject
EGifPutImageDesc	__stack_chk_fail@plt
EGifPutImageDesc	fwrite@plt
EGifPutImageDesc	memset@plt
EGifPutPixel	EGifCompressLine
EGifPutScreenDesc	EGifGetGifVersion
EGifPutScreenDesc	GifMakeMapObject
EGifPutScreenDesc	__stack_chk_fail@plt
EGifPutScreenDesc	fwrite@plt
EGifPutScreenDesc	strlen@plt
EGifSpew	EGifCompressLine
EGifSpew	EGifPutImageDesc
EGifSpew	EGifPutScreenDesc
EGifSpew	EGifWriteExtensions.part.8
EGifSpew	__stack_chk_fail@plt
EGifSpew	fclose@plt
EGifSpew	fwrite@plt
EGifWriteExtensions.part.8	__stack_chk_fail@plt
EGifWriteExtensions.part.8	fwrite@plt
GifAddExtensionBlock	calloc@plt
GifAddExtensionBlock	memcpy@plt
GifAddExtensionBlock	realloc@plt
GifDrawBoxedText8x8	memset@plt
GifDrawBoxedText8x8	strlen@plt
GifDrawBoxedText8x8	strtok@plt
GifDrawRectangle	memset@plt
GifMakeMapObject	calloc@plt
GifMakeSavedImage	GifMakeMapObject
GifMakeSavedImage	calloc@plt
GifMakeSavedImage	memcpy@plt
GifMakeSavedImage	realloc@plt
GifQuantizeBuffer	__stack_chk_fail@plt
GifQuantizeBuffer	calloc@plt
GifQuantizeBuffer	qsort@plt
GifUnionColorMap	GifMakeMapObject
GifUnionColorMap	calloc@plt
GifUnionColorMap	realloc@plt
HuffmanTree_fillInCoins	codo_free
HuffmanTree_fillInCoins	codo_realloc
HuffmanTree_makeFromFrequencies	HuffmanTree_fillInCoins
HuffmanTree_makeFromFrequencies	HuffmanTree_makeFromLengths2
HuffmanTree_makeFromFrequencies	__stack_chk_fail@plt
HuffmanTree_makeFromFrequencies	codo_free
HuffmanTree_makeFromFrequencies	codo_realloc
HuffmanTree_makeFromFrequencies	memset@plt
HuffmanTree_makeFromLengths2	codo_free
HuffmanTree_makeFromLengths2	codo_realloc
HuffmanTree_makeFromLengths2	memset@plt
LZ4HC_compress_generic	memcpy@plt
LZ4_compress	__stack_chk_fail@plt
LZ4_compress	memcpy@plt
LZ4_compress	memset@plt
LZ4_compressHC	LZ4HC_compress_generic
LZ4_compressHC	calloc@plt
LZ4_compressHC	free@plt
LZ4_compressHC	memset@plt
LZ4_compressHC_limitedOutput	LZ4HC_compress_generic
LZ4_compressHC_limitedOutput	calloc@plt
LZ4_compressHC_limitedOutput	free@plt
LZ4_compressHC_limitedOutput	memset@plt
LZ4_compress_continue	memcpy@plt
LZ4_compress_limitedOutput	__stack_chk_fail@plt
LZ4_compress_limitedOutput	memcpy@plt
LZ4_compress_limitedOutput	memset@plt
LZ4_compress_limitedOutput_continue	memcpy@plt
LZ4_create	calloc@plt
LZ4_create	memset@plt
LZ4_createHC	calloc@plt
LZ4_createHC	memset@plt
LZ4_decompress_fast	__stack_chk_fail@plt
LZ4_decompress_fast	memcpy@plt
LZ4_decompress_safe	__stack_chk_fail@plt
LZ4_decompress_safe	memcpy@plt
LZ4_decompress_safe_partial	__stack_chk_fail@plt
LZ4_decompress_safe_partial	memcpy@plt
LZ4_decompress_safe_withPrefix64k	__stack_chk_fail@plt
LZ4_decompress_safe_withPrefix64k	memcpy@plt
LZ4_free	free@plt
LZ4_freeHC	free@plt
LZ4_slideInputBuffer	memcpy@plt
LZ4_slideInputBufferHC	memcpy@plt
LoadBlock.part.129	error.isra.128
LoadFunction	LoadBlock.part.129
LoadFunction	LoadFunction
LoadFunction	LoadInt
LoadFunction	LoadStringZep
LoadFunction	__stack_chk_fail@plt
LoadFunction	error.isra.128
LoadFunction	luaM_realloc_
LoadFunction	luaM_toobig
LoadFunction	luaZ_fill
LoadFunction	memcpy@plt
LoadFunction	memset@plt
LoadInt	LoadBlock.part.129
LoadInt	__stack_chk_fail@plt
LoadInt	error.isra.128
LoadInt	memcpy@plt
LoadStringZep	LoadBlock.part.129
LoadStringZep	__stack_chk_fail@plt
LoadStringZep	luaM_realloc_
LoadStringZep	luaM_toobig
LoadStringZep	luaZ_fill
LoadStringZep	memcpy@plt
LodeFlate_deflate	HuffmanTree_makeFromLengths2
LodeFlate_deflate	__stack_chk_fail@plt
LodeFlate_deflate	codo_free
LodeFlate_deflate	codo_realloc
LodeFlate_deflate	deflateDynamic
LodeFlate_deflate	encodeLZ77
LodeFlate_deflate	generateFixedTree
LodeFlate_deflate	writeLZ77data.isra.8
LodeFlate_inflate	HuffmanTree_makeFromLengths2
LodeFlate_inflate	__stack_chk_fail@plt
LodeFlate_inflate	codo_free
LodeFlate_inflate	codo_realloc
LodeFlate_inflate	generateFixedTree
LodePNG_Decoder_cleanup	codo_free
LodePNG_Decoder_copy	LodePNG_InfoPng_cleanup
LodePNG_Decoder_copy	LodePNG_InfoPng_copy
LodePNG_Decoder_copy	codo_free
LodePNG_Decoder_copy	codo_malloc
LodePNG_Decoder_decode	LodePNG_convert
LodePNG_Decoder_decode	codo_free
LodePNG_Decoder_decode	codo_malloc
LodePNG_Decoder_decode	decodeGeneric
LodePNG_Decoder_inspect	Crc32_update_crc.constprop.17
LodePNG_Decoder_inspect	LodePNG_InfoPng_cleanup
LodePNG_Decoder_inspect	checkColorValidity
LodePNG_Encoder_cleanup	codo_free
LodePNG_Encoder_copy	LodePNG_IText_add
LodePNG_Encoder_copy	LodePNG_InfoPng_cleanup
LodePNG_Encoder_copy	LodePNG_Text_add
LodePNG_Encoder_copy	codo_free
LodePNG_Encoder_copy	codo_malloc
LodePNG_Encoder_encode	LodePNG_add32bitInt
LodePNG_Encoder_encode	LodePNG_convert
LodePNG_Encoder_encode	LodePNG_create_chunk
LodePNG_Encoder_encode	LodeZlib_compress
LodePNG_Encoder_encode	__stack_chk_fail@plt
LodePNG_Encoder_encode	addChunk_PLTE.isra.11
LodePNG_Encoder_encode	addChunk_tEXt
LodePNG_Encoder_encode	addChunk_tRNS
LodePNG_Encoder_encode	addUnknownChunks
LodePNG_Encoder_encode	checkColorValidity
LodePNG_Encoder_encode	codo_free
LodePNG_Encoder_encode	codo_malloc
LodePNG_Encoder_encode	codo_realloc
LodePNG_Encoder_encode	preProcessScanlines
LodePNG_Encoder_encode	strlen@plt
LodePNG_Encoder_encode	ucvector_push_back
LodePNG_Encoder_encode	ucvector_resize.part.7
LodePNG_IText_add	codo_free
LodePNG_IText_add	codo_realloc
LodePNG_IText_add	strlen@plt
LodePNG_IText_cleanup	codo_free
LodePNG_IText_clear	codo_free
LodePNG_IText_copy	codo_free
LodePNG_IText_copy	codo_realloc
LodePNG_IText_copy	strlen@plt
LodePNG_InfoColor_addPalette	codo_realloc
LodePNG_InfoColor_cleanup	codo_free
LodePNG_InfoColor_clearPalette	codo_free
LodePNG_InfoColor_copy	codo_free
LodePNG_InfoColor_copy	codo_malloc
LodePNG_InfoPng_cleanup	codo_free
LodePNG_InfoPng_copy	LodePNG_IText_add
LodePNG_InfoPng_copy	LodePNG_InfoPng_cleanup
LodePNG_InfoPng_copy	codo_free
LodePNG_InfoPng_copy	codo_malloc
LodePNG_InfoPng_copy	codo_realloc
LodePNG_InfoPng_copy	strlen@plt
LodePNG_InfoPng_swap	__stack_chk_fail@plt
LodePNG_InfoRaw_cleanup	codo_free
LodePNG_InfoRaw_copy	codo_free
LodePNG_InfoRaw_copy	codo_malloc
LodePNG_Text_add	codo_free
LodePNG_Text_add	codo_realloc
LodePNG_Text_add	strlen@plt
LodePNG_Text_cleanup	codo_free
LodePNG_Text_clear	codo_free
LodePNG_Text_copy	codo_free
LodePNG_Text_copy	codo_realloc
LodePNG_Text_copy	strlen@plt
LodePNG_UnknownChunks_cleanup	codo_free
LodePNG_UnknownChunks_copy	codo_free
LodePNG_UnknownChunks_copy	codo_malloc
LodePNG_add32bitInt	codo_realloc
LodePNG_append_chunk	codo_realloc
LodePNG_chunk_type_equals	strlen@plt
LodePNG_create_chunk	LodePNG_chunk_generate_crc
LodePNG_create_chunk	codo_realloc
LodePNG_decode	LodePNG_InfoPng_cleanup
LodePNG_decode	LodePNG_convert
LodePNG_decode	__stack_chk_fail@plt
LodePNG_decode	codo_free
LodePNG_decode	codo_malloc
LodePNG_decode	decodeGeneric
LodePNG_decode32	LodePNG_decode
LodePNG_decode32_codo_file	LodePNG_decode
LodePNG_decode32_codo_file	codo_free
LodePNG_decode32_codo_file	codo_malloc
LodePNG_decode32_codo_file	fread@plt
LodePNG_decode32_codo_file	fseek@plt
LodePNG_decode32_codo_file	ftell@plt
LodePNG_decode32_codo_file	rewind@plt
LodePNG_decode32_file	LodePNG_decode
LodePNG_decode32_file	codo_free
LodePNG_decode32_file	codo_malloc
LodePNG_decode32_file	fclose@plt
LodePNG_decode32_file	fopen@plt
LodePNG_decode32_file	fread@plt
LodePNG_decode32_file	fseek@plt
LodePNG_decode32_file	ftell@plt
LodePNG_decode32_file	rewind@plt
LodePNG_decode_codo_file	LodePNG_decode
LodePNG_decode_codo_file	codo_free
LodePNG_decode_codo_file	codo_malloc
LodePNG_decode_codo_file	fread@plt
LodePNG_decode_codo_file	fseek@plt
LodePNG_decode_codo_file	ftell@plt
LodePNG_decode_codo_file	rewind@plt
LodePNG_decode_file	LodePNG_decode
LodePNG_decode_file	codo_free
LodePNG_decode_file	codo_malloc
LodePNG_decode_file	fclose@plt
LodePNG_decode_file	fopen@plt
LodePNG_decode_file	fread@plt
LodePNG_decode_file	fseek@plt
LodePNG_decode_file	ftell@plt
LodePNG_decode_file	rewind@plt
LodePNG_encode	LodePNG_Encoder_encode
LodePNG_encode	__stack_chk_fail@plt
LodePNG_encode	codo_free
LodePNG_encode32	LodePNG_encode
LodePNG_encode32_file	LodePNG_encode
LodePNG_encode32_file	__stack_chk_fail@plt
LodePNG_encode32_file	codo_free
LodePNG_encode32_file	fclose@plt
LodePNG_encode32_file	fopen@plt
LodePNG_encode32_file	fwrite@plt
LodePNG_encode_file	LodePNG_encode
LodePNG_encode_file	__stack_chk_fail@plt
LodePNG_encode_file	codo_free
LodePNG_encode_file	fclose@plt
LodePNG_encode_file	fopen@plt
LodePNG_encode_file	fwrite@plt
LodePNG_loadFile	codo_malloc
LodePNG_loadFile	fclose@plt
LodePNG_loadFile	fopen@plt
LodePNG_loadFile	fread@plt
LodePNG_loadFile	fseek@plt
LodePNG_loadFile	ftell@plt
LodePNG_loadFile	rewind@plt
LodePNG_saveFile	fclose@plt
LodePNG_saveFile	fopen@plt
LodePNG_saveFile	fwrite@plt
LodeZlib_add32bitInt	codo_realloc
LodeZlib_compress	LodeFlate_deflate
LodeZlib_compress	__stack_chk_fail@plt
LodeZlib_compress	codo_free
LodeZlib_compress	codo_realloc
LodeZlib_decompress	LodeFlate_inflate
LodeZlib_decompress	__stack_chk_fail@plt
SDLTest_PrintRenderer	SDL_GetRendererInfo@plt
SDLTest_PrintRenderer	__fprintf_chk@plt
SDLTest_PrintRenderer	__stack_chk_fail@plt
SDLTest_PrintRenderer	fputc@plt
SDLTest_PrintRenderer	fwrite@plt
SHA1Input	SHA1ProcessMessageBlock
SHA1PadMessage	SHA1ProcessMessageBlock
SHA1PadMessage	memset@plt
SHA1ProcessMessageBlock	__stack_chk_fail@plt
SHA1Result	SHA1ProcessMessageBlock
SHA1Result	memset@plt
_InitHashTable	calloc@plt
_InitHashTable	memset@plt
__do_global_dtors_aux	deregister_tm_clones
__libc_csu_init	_init
action_current_splore_item	__isoc99_sscanf@plt
action_current_splore_item	__sprintf_chk@plt
action_current_splore_item	__stack_chk_fail@plt
action_current_splore_item	codo_create_thread
action_current_splore_item	codo_destroy_bitmap
action_current_splore_item	codo_get_time
action_current_splore_item	codo_keypressed
action_current_splore_item	codo_mkdir
action_current_splore_item	codo_prefix_with_appdata_path
action_current_splore_item	codo_readkey
action_current_splore_item	codo_resolve_filename
action_current_splore_item	codo_strcpy
action_current_splore_item	download_bbs_cart
action_current_splore_item	download_list
action_current_splore_item	load_working_cart
action_current_splore_item	populate_splore_list_from_directory
action_current_splore_item	show_message
action_current_splore_item	strchr@plt
action_current_splore_item	strlen@plt
action_current_splore_item	strncpy@plt
action_current_splore_item	strstr@plt
activate_extpal_glitch	codo_get_time
addBitToStream	codo_realloc
addChunk_PLTE.isra.11	LodePNG_create_chunk
addChunk_PLTE.isra.11	__stack_chk_fail@plt
addChunk_PLTE.isra.11	codo_free
addChunk_PLTE.isra.11	ucvector_push_back
addChunk_tEXt	LodePNG_chunk_generate_crc
addChunk_tEXt	codo_free
addChunk_tEXt	codo_realloc
addChunk_tRNS	LodePNG_create_chunk
addChunk_tRNS	__stack_chk_fail@plt
addChunk_tRNS	codo_free
addChunk_tRNS	ucvector_push_back
addUnknownChunks	codo_realloc
add_api_function_name	codo_strcpy
add_c_functions	add_api_function_name
add_c_functions	init_api_function_names
add_c_functions	lua_pushcclosure
add_c_functions	lua_setglobal
add_c_functions_system	lua_pushcclosure
add_c_functions_system	lua_setglobal
add_guie	codo_add_guie
add_key	codo_malloc
add_key	codo_realloc
add_key	codo_strcpy
add_key	strcmp@plt
add_paused_menu_item	strncpy@plt
add_run_chain_item	codo_strcpy
add_sdl_controllers	SDL_GameControllerAddMapping@plt
add_sdl_controllers	__sprintf_chk@plt
add_sdl_controllers	__stack_chk_fail@plt
add_sdl_controllers	codo_debug
add_sdl_controllers	codo_prefix_with_appdata_path
add_sdl_controllers	codo_prefix_with_program_path
add_sdl_controllers	codo_trim
add_sdl_controllers	fclose@plt
add_sdl_controllers	feof@plt
add_sdl_controllers	fgets@plt
add_sdl_controllers	fopen@plt
add_sdl_controllers	fwrite@plt
add_splore_item	codo_allocate_buffer_size
add_to_keyword_hash_table	__printf_chk@plt
add_to_keyword_hash_table	__sprintf_chk@plt
add_to_keyword_hash_table	codo_debug
add_to_keyword_hash_table	exit@plt
add_to_keyword_hash_table	strlen@plt
add_to_zip_file.part.1	__printf_chk@plt
add_to_zip_file.part.1	__sprintf_chk@plt
add_to_zip_file.part.1	__stack_chk_fail@plt
add_to_zip_file.part.1	add_to_zip_file.part.1
add_to_zip_file.part.1	codo_fclose
add_to_zip_file.part.1	codo_find_close
add_to_zip_file.part.1	codo_find_first
add_to_zip_file.part.1	codo_find_next
add_to_zip_file.part.1	codo_load_file
add_to_zip_file.part.1	mz_set_executable_bit_on_next_file
add_to_zip_file.part.1	mz_zip_add_mem_to_archive_file_in_place
add_to_zip_file.part.1	strchr@plt
add_to_zip_file.part.1	strstr@plt
addk	luaC_barrier_
addk	luaH_get
addk	luaH_newkey
addk	luaM_growaux_
addk	luaV_equalobj_
adjust_assign.isra.115	luaK_exp2nextreg
adjust_assign.isra.115	luaK_reserveregs
adjust_assign.isra.115	luaK_setreturns
allocate_channel	codo_calloc
ants_line	codo_putpixel
apply_legacy_changes.part.0	__sprintf_chk@plt
apply_legacy_changes.part.0	codo_calloc
apply_legacy_changes.part.0	codo_free
apply_legacy_changes.part.0	codo_strcpy
apply_legacy_changes.part.0	pico_print
apply_legacy_changes.part.0	show_message
apply_legacy_changes.part.0	strcat@plt
apply_legacy_changes.part.0	strstr@plt
apply_patch.isra.1	codo_create_buffer
apply_patch.isra.1	codo_fread_int32
apply_patch.isra.1	codo_fread_uint32
apply_patch.isra.1	codo_fread_uint8
apply_patch.isra.1	codo_fwrite_uint8
apply_synth_filter	apply_synth_filter_delay
apply_synth_filter	apply_synth_filter_lphp
apply_synth_filter	codo_calloc
apply_synth_filter_delay	codo_fmul
apply_synth_filter_lphp	codo_fmul
assignment	__stack_chk_fail@plt
assignment	adjust_assign.isra.115
assignment	assignment
assignment	checklimit.part.122
assignment	checknext
assignment	explist
assignment	llex
assignment	luaK_code
assignment	luaK_reserveregs
assignment	luaK_setoneret
assignment	luaK_storevar
assignment	luaX_syntaxerror
assignment	suffixedexp
audio_stat	codo_get_pico8_channel_sfx
audio_stat	codo_get_pico8_song_ticks
audio_stat	codo_get_sfx_playing_note
audio_stat	codo_music_is_playing
auxresume	lua_checkstack
auxresume	lua_pushlstring
auxresume	lua_resume
auxresume	lua_settop
auxsort	auxsort
auxsort	index2addr
auxsort	luaD_call.constprop.198
auxsort	luaL_error
auxsort	luaV_lessthan
auxsort	lua_compare
auxsort	lua_rawgeti.constprop.175
auxsort	lua_rawseti.constprop.172
auxsort	sort_comp.constprop.135
b_and	__stack_chk_fail@plt
b_and	index2addr
b_and	luaO_str2d.part.50
b_and	strpbrk@plt
b_and	tag_error
b_arshift	__stack_chk_fail@plt
b_arshift	luaV_tonumber.part.56
b_arshift	tag_error
b_extract	__stack_chk_fail@plt
b_extract	index2addr
b_extract	luaL_argerror
b_extract	luaL_checkinteger
b_extract	luaL_error
b_extract	luaV_tonumber.part.56
b_extract	tag_error
b_lrot	__stack_chk_fail@plt
b_lrot	luaV_tonumber.part.56
b_lrot	tag_error
b_lshift	__stack_chk_fail@plt
b_lshift	luaV_tonumber.part.56
b_lshift	tag_error
b_not	__stack_chk_fail@plt
b_not	luaV_tonumber.part.56
b_not	tag_error
b_or	__stack_chk_fail@plt
b_or	index2addr
b_or	luaO_str2d.part.50
b_or	strpbrk@plt
b_or	tag_error
b_replace	__stack_chk_fail@plt
b_replace	index2addr
b_replace	luaL_argerror
b_replace	luaL_checkinteger
b_replace	luaL_error
b_replace	luaV_tonumber.part.56
b_replace	tag_error
b_rrot	__stack_chk_fail@plt
b_rrot	luaV_tonumber.part.56
b_rrot	tag_error
b_rshift	__stack_chk_fail@plt
b_rshift	luaV_tonumber.part.56
b_rshift	tag_error
b_test	__stack_chk_fail@plt
b_test	index2addr
b_test	luaO_str2d.part.50
b_test	strpbrk@plt
b_test	tag_error
b_xor	__stack_chk_fail@plt
b_xor	index2addr
b_xor	luaO_str2d.part.50
b_xor	strpbrk@plt
b_xor	tag_error
backup_audio	memcpy@plt
backup_audio	memset@plt
backup_bmp	codo_blit
backup_gfx	codo_blit
backup_gfx	codo_push_undo_state
backup_gfx	create_undo_bmp_state
blah	__printf_chk@plt
blit_pico8_back_page_to_pico8_screen	__stack_chk_fail@plt
blit_pico8_back_page_to_pico8_screen	codo_get_time
blit_pico8_back_page_to_pico8_screen	pico8_peek
block	__stack_chk_fail@plt
block	leaveblock
block	statlist
block_buttons	pico8_peek
body	__stack_chk_fail@plt
body	check_match
body	checknext
body	close_func
body	llex
body	luaC_barrier_
body	luaD_growstack
body	luaF_newproto
body	luaH_new
body	luaK_code
body	luaK_exp2nextreg
body	luaM_growaux_
body	luaX_newstring
body	luaX_syntaxerror
body	memset@plt
body	new_localvar
body	statlist
boot_embedded_cart	clear_embedded_carts
boot_embedded_cart	codo_create_pico8_cart
boot_embedded_cart	codo_destroy_pico8_cart
boot_embedded_cart	load_pico8_cart_32k
boot_embedded_cart	mount_embedded_cart
boot_embedded_cart	prepare_loaded_cart
boot_init	cmusic_stop
boot_init	codo_clear_bitmap
boot_init	codo_get_time
boot_init	codo_keypressed
boot_init	codo_line
boot_init	codo_readkey
boot_init	codo_stop_all_sounds
boot_init	pico8_srand
boot_init	pico_print
boot_init	reset_lua_machine
boot_init	reset_runtime_state
boot_init	time@plt
build_paused_menu	__sprintf_chk@plt
build_paused_menu	codo_get_windowed
build_paused_menu	get_run_chain_label
build_paused_menu	strncpy@plt
button_pressed_nok	__stack_chk_fail@plt
button_pressed_nok	codo_get_joystick
cactor_evaluate_bones	memcpy@plt
calculate_dormant_tokens	count_tokens
calculate_osc_state	apply_meta_instrument
calculate_skip_steps	codo_get_key_state
calculate_skip_steps	strchr@plt
calculate_skip_steps	strlen@plt
calculate_tab_char_limits	strlen@plt
callTM.isra.75	luaD_call
cancel_download	codo_destroy_thread
cancel_download	show_message
canim_channel_delete	memcpy@plt
canim_channel_evaluate_nonlinear	__stack_chk_fail@plt
canim_channel_evaluate_nonlinear	cos@plt
canim_channel_insert_state	codo_realloc
canim_channel_insert_state	memcpy@plt
canim_channel_set_num_states	codo_realloc
canim_delete_actor	canim_destroy_actor.part.1
canim_destroy_actor.part.1	codo_free
canim_new_actor	__sprintf_chk@plt
canim_new_actor	codo_malloc
canim_new_actor	codo_realloc
cart_menu_pop	__sprintf_chk@plt
cart_menu_pop	codo_strcpy
cbuffer_add_data	codo_fwrite
cbuffer_add_string	codo_fwrite
cbuffer_add_string	strlen@plt
cbuffer_add_uint8	malloc@plt
cbuffer_add_uint8	memset@plt
cbuffer_add_uint8	realloc@plt
cdict_entries	strcmp@plt
checkSDLError	SDL_GetError@plt
checkSDLError	__printf_chk@plt
checkSDLError	fflush@plt
check_bbs_file_ok	codo_destroy_bitmap
check_bbs_file_ok	codo_file_exists
check_bbs_file_ok	codo_load_png
check_bbs_file_ok	codo_strcasestr
check_cart_update_nfo	__isoc99_sscanf@plt
check_cart_update_nfo	__stack_chk_fail@plt
check_cart_update_nfo	codo_destroy_stable
check_cart_update_nfo	codo_load_stable_config
check_cart_update_nfo	codo_sts
check_cart_update_nfo	get_bbs_cart_filename_ex.part.2
check_cart_update_nfo	get_bbs_cart_filename_legacy
check_cart_update_nfo	get_run_chain_label
check_cart_update_nfo	memcmp@plt
check_cart_update_nfo	strcmp@plt
check_cart_update_nfo	strlen@plt
check_match	__stack_chk_fail@plt
check_match	error_expected
check_match	find_tab_line
check_match	luaO_pushfstring
check_match	luaX_next.part.119
check_match	luaX_syntaxerror
check_match	luaX_token2str
check_next	luaZ_fill
check_next	save
check_next	strchr@plt
checklimit.part.122	find_tab_line
checklimit.part.122	luaO_pushfstring
checklimit.part.122	luaX_syntaxerror
checkload.part.80	luaL_error
checkload.part.80	lua_tolstring.constprop.186
checkload.part.80	lua_tolstring.constprop.187
checknext	error_expected
checknext	llex
clean_pico8_string	is_input_char
clear_selected_region	__stack_chk_fail@plt
clear_selected_region	codo_rectfill
clear_selected_region	get_selected_area
clear_splore_list	codo_destroy_bitmap
clearkeys.constprop.207	reallymarkobject
clearvalues	reallymarkobject
close_func	leaveblock
close_func	luaK_code
close_func	luaM_realloc_
close_func	luaM_toobig
close_func	luaX_newstring
close_state	luaC_freeallobjects
close_state	luaF_close
close_state	luaM_realloc_.constprop.195
closegoto.isra.125	__stack_chk_fail@plt
closegoto.isra.125	find_tab_line
closegoto.isra.125	luaK_concat.part.108
closegoto.isra.125	luaO_pushfstring
closegoto.isra.125	luaX_syntaxerror
closegoto.isra.125	memmove@plt
closegoto.isra.125	patchlistaux
cmodel_calculate_bone_parents	codo_free
cmodel_calculate_bone_parents	codo_realloc
cmodel_calculate_bone_vertices	__stack_chk_fail@plt
cmodel_calculate_bone_vertices	atan2@plt
cmodel_calculate_bone_vertices	atan@plt
cmodel_calculate_bone_vertices	cmodel_calculate_matrices
cmodel_calculate_bone_vertices	codo_apply_matrix_inverse
cmodel_calculate_bone_vertices	codo_free
cmodel_calculate_bone_vertices	codo_malloc
cmodel_calculate_bone_vertices	codo_normalize
cmodel_calculate_bone_vertices	codo_realloc
cmodel_calculate_bone_vertices	memcpy@plt
cmodel_calculate_bone_vertices	sqrtf@plt
cmodel_calculate_matrices	codo_cross_product
cmodel_calculate_matrices	codo_realloc
cmodel_calculate_matrices	sincos@plt
cmodel_calculate_normals	__stack_chk_fail@plt
cmodel_calculate_normals	codo_cross_product
cmodel_calculate_normals	codo_normalize
cmodel_calculate_vertex_normals	cmodel_calculate_normals
cmodel_calculate_vertex_normals	codo_normalize
cmodel_calculate_vertex_normals	codo_realloc
cmodel_calculate_vertex_normals	sqrt@plt
cmodel_clear	codo_free
cmodel_decorate	__stack_chk_fail@plt
cmodel_decorate	cmodel_calculate_bone_parents
cmodel_decorate	cmodel_calculate_bone_vertices
cmodel_decorate	codo_cross_product
cmodel_decorate	codo_normalize
cmodel_delete_polygon	codo_free
cmodel_delete_polygon	cpoly_set_num_vertices
cmodel_delete_polygon	memcpy@plt
cmodel_evaluate_bone_vertices	__stack_chk_fail@plt
cmodel_evaluate_bone_vertices	codo_apply_matrix
cmodel_max_polygons	__sprintf_chk@plt
cmodel_max_polygons	codo_debug
cmodel_max_polygons	codo_realloc
cmodel_max_vertices	__sprintf_chk@plt
cmodel_max_vertices	codo_debug
cmodel_max_vertices	codo_malloc
cmodel_max_vertices	codo_realloc
cmodel_new_polygon	__sprintf_chk@plt
cmodel_new_polygon	cmodel_max_vertices
cmodel_new_polygon	codo_debug
cmodel_new_polygon	codo_realloc
cmodel_new_polygon	cpoly_set_num_vertices
cmodel_new_polygon	memcpy@plt
cmodel_new_quad	__sprintf_chk@plt
cmodel_new_quad	codo_debug
cmodel_new_quad	codo_realloc
cmodel_new_quad	cpoly_set_num_vertices
cmodel_new_triangle	__sprintf_chk@plt
cmodel_new_triangle	codo_debug
cmodel_new_triangle	codo_realloc
cmodel_new_triangle	cpoly_set_num_vertices
cmodel_new_vertex	__sprintf_chk@plt
cmodel_new_vertex	codo_debug
cmodel_new_vertex	codo_malloc
cmodel_new_vertex	codo_realloc
cmusic_load	codo_destroy_xm
cmusic_load	codo_load_xm
cmusic_load	codo_lock_audio_plat
cmusic_load	codo_unlock_audio_plat
cmusic_load_from_file	codo_destroy_xm
cmusic_load_from_file	codo_load_xm_from_file
cmusic_load_from_file	codo_lock_audio_plat
cmusic_load_from_file	codo_unlock_audio_plat
cmusic_play	codo_get_time
cmusic_play	codo_lock_audio_plat
cmusic_play	codo_mix_xm_init
cmusic_play	codo_unlock_audio_plat
cmusic_play	codo_update_music_fading
cmusic_stop	codo_get_time
cmusic_stop	codo_lock_audio_plat
cmusic_stop	codo_unlock_audio_plat
codearith	freeexp.isra.6.part.7
codearith	luaK_code
codearith	luaK_exp2RK
codearith	luaO_arith
codo_add_guie	codo_memset
codo_add_guie	cpod_get_free_item
codo_allocate_buffer_size	malloc@plt
codo_allocate_buffer_size	memset@plt
codo_allocate_buffer_size	realloc@plt
codo_any_sound_is_playing	codo_lock_audio_plat
codo_any_sound_is_playing	codo_unlock_audio_plat
codo_apply_matrix_inverse	__stack_chk_fail@plt
codo_audio_rec	codo_create_buffer
codo_backup_ctext	codo_create_buffer
codo_backup_ctext	codo_fwrite
codo_backup_ctext	codo_fwrite_int32
codo_backup_ctext	strlen@plt
codo_backup_ctext_allow_view	codo_create_buffer
codo_backup_ctext_allow_view	codo_fwrite
codo_backup_ctext_allow_view	codo_fwrite_int32
codo_backup_ctext_allow_view	strlen@plt
codo_backup_ctext_if_editing_newline	codo_create_buffer
codo_backup_ctext_if_editing_newline	codo_fwrite
codo_backup_ctext_if_editing_newline	codo_fwrite_int32
codo_backup_ctext_if_editing_newline	codo_push_undo_state
codo_backup_ctext_if_editing_newline	strlen@plt
codo_blit	codo_blit_to_video_plat
codo_blit	codo_clip
codo_blit	codo_create_bitmap
codo_blit	codo_destroy_bitmap
codo_blit	codo_get_preblit_scale
codo_blit	codo_stretch_blit
codo_blit	memcpy@plt
codo_blit_back_page	codo_blit
codo_blit_to_video_plat	SDL_CreateTexture@plt
codo_blit_to_video_plat	SDL_DestroyTexture@plt
codo_blit_to_video_plat	SDL_GetWindowSurface@plt
codo_blit_to_video_plat	SDL_LockSurface@plt
codo_blit_to_video_plat	SDL_RenderClear@plt
codo_blit_to_video_plat	SDL_RenderCopy@plt
codo_blit_to_video_plat	SDL_RenderPresent@plt
codo_blit_to_video_plat	SDL_UnlockSurface@plt
codo_blit_to_video_plat	SDL_UpdateTexture@plt
codo_blit_to_video_plat	SDL_UpdateWindowSurface@plt
codo_blit_to_video_plat	__sprintf_chk@plt
codo_blit_to_video_plat	__stack_chk_fail@plt
codo_blit_to_video_plat	codo_create_bitmap
codo_blit_to_video_plat	codo_destroy_bitmap
codo_blit_to_video_plat	codo_draw_text
codo_blit_to_video_plat	codo_draw_text_phat
codo_blit_to_video_plat	codo_get_fps
codo_blit_to_video_plat	codo_rectfill
codo_blit_to_video_plat	get_dest_rect
codo_blit_to_video_plat	memcpy@plt
codo_blit_to_video_plat	memset@plt
codo_blit_voxmap	codo_blit
codo_box	codo_line3d
codo_boxfill	codo_memset
codo_calloc	malloc@plt
codo_calloc	memset@plt
codo_choose_display	SDL_GetDisplayMode@plt
codo_choose_display	SDL_GetDisplayName@plt
codo_choose_display	SDL_GetNumDisplayModes@plt
codo_choose_display	SDL_GetNumVideoDisplays@plt
codo_choose_display	__stack_chk_fail@plt
codo_choose_display	__stpcpy_chk@plt
codo_choose_display	strstr@plt
codo_clear_anim	canim_destroy_actor.part.1
codo_clear_bitmap	codo_memset
codo_clear_undo_stack	codo_clear_buffer
codo_config_default	codo_memset
codo_config_load	__sprintf_chk@plt
codo_config_load	__stack_chk_fail@plt
codo_config_load	codo_debug
codo_config_load	codo_destroy_buffer
codo_config_load	codo_fix_path_string
codo_config_load	codo_fopen_vdisk
codo_config_load	codo_free
codo_config_load	codo_load_file
codo_config_load	codo_malloc
codo_config_load	codo_memset
codo_config_load	codo_prefix_with_appdata_path
codo_config_load	codo_prefix_with_program_path
codo_config_load	codo_sha1
codo_config_load	codo_split_filename_ex.part.0
codo_config_load	codo_strcasestr
codo_config_load	fclose@plt
codo_config_load	feof@plt
codo_config_load	fgetc@plt
codo_config_load	fgets@plt
codo_config_load	fopen@plt
codo_config_load	sscanf@plt
codo_config_load	strlen@plt
codo_config_load	strncmp@plt
codo_config_load	strncpy@plt
codo_config_load	vdisk_file_owned
codo_config_save	__fprintf_chk@plt
codo_config_save	__sprintf_chk@plt
codo_config_save	__stack_chk_fail@plt
codo_config_save	codo_debug
codo_config_save	codo_destroy_buffer
codo_config_save	codo_free
codo_config_save	codo_fwrite.constprop.11
codo_config_save	codo_get_windowed
codo_config_save	codo_load_file
codo_config_save	codo_malloc
codo_config_save	codo_memset
codo_config_save	codo_prefix_with_appdata_path
codo_config_save	codo_sha1
codo_config_save	codo_split_filename_ex.part.0
codo_config_save	codo_strcasestr
codo_config_save	fclose@plt
codo_config_save	fopen@plt
codo_config_save	fputc@plt
codo_config_save	fwrite@plt
codo_config_save	strlen@plt
codo_config_save	vdisk_file_owned
codo_convert_bitmap	codo_blit
codo_copy_file	codo_free
codo_copy_file	codo_malloc
codo_copy_file	fclose@plt
codo_copy_file	feof@plt
codo_copy_file	fopen@plt
codo_copy_file	fread@plt
codo_copy_file	fwrite@plt
codo_count_joystick_buttons	SDL_NumJoysticks@plt
codo_create_anim	codo_malloc
codo_create_anim_channel	codo_malloc
codo_create_bitmap	codo_malloc
codo_create_bitmap	codo_memset
codo_create_buffer	malloc@plt
codo_create_buffer	memset@plt
codo_create_ctext	codo_backup_ctext
codo_create_ctext	codo_calloc
codo_create_ctext	codo_create_buffer
codo_create_ctext	codo_create_undo_stack
codo_create_material	codo_malloc
codo_create_model	codo_malloc
codo_create_mouse_bmp	codo_clear_bitmap
codo_create_mouse_bmp	codo_create_bitmap
codo_create_mouse_bmp	codo_destroy_bitmap
codo_create_mouse_bmp	codo_rectfill
codo_create_music	codo_malloc
codo_create_music	codo_memset
codo_create_osx_launch_html_string	__sprintf_chk@plt
codo_create_osx_launch_html_string	codo_memset
codo_create_osx_launch_html_string	strlen@plt
codo_create_palette	codo_malloc
codo_create_pea_pod	codo_calloc
codo_create_pea_pod	codo_malloc
codo_create_pea_pod	codo_realloc
codo_create_pico8_cart	codo_calloc
codo_create_pico8_cart	codo_create_bitmap
codo_create_pico8_cart	codo_create_undo_stack
codo_create_pico8_cart	codo_malloc
codo_create_pico8_cart	memset@plt
codo_create_pod	codo_calloc
codo_create_pod	codo_realloc
codo_create_poly	codo_malloc
codo_create_poly	codo_realloc
codo_create_poly	memcpy@plt
codo_create_sound	codo_malloc
codo_create_synth	codo_calloc
codo_create_thread	SDL_CreateThread@plt
codo_create_thread	codo_calloc
codo_create_undo_stack	codo_calloc
codo_create_undo_stack	codo_create_buffer
codo_create_voxmap	codo_malloc
codo_create_voxmap	codo_memset
codo_create_xm	codo_malloc
codo_create_xm	codo_memset
codo_debug	__fprintf_chk@plt
codo_debug	codo_get_time
codo_debug	fflush@plt
codo_debug	fputs@plt
codo_debug	fwrite@plt
codo_debug	strlen@plt
codo_destroy_anim	canim_destroy_actor.part.1
codo_destroy_anim	codo_free
codo_destroy_anim_channel	codo_free
codo_destroy_bitmap	codo_free
codo_destroy_cpoly	codo_free
codo_destroy_ctext	codo_destroy_buffer
codo_destroy_ctext	codo_destroy_undo_stack
codo_destroy_material	codo_free
codo_destroy_model	codo_free
codo_destroy_music	codo_destroy_xm
codo_destroy_music	codo_lock_audio_plat
codo_destroy_music	codo_unlock_audio_plat
codo_destroy_palette	codo_free
codo_destroy_pico8_cart	codo_destroy_bitmap
codo_destroy_pico8_cart	codo_destroy_buffer
codo_destroy_pico8_cart	codo_destroy_undo_stack
codo_destroy_pico8_cart	codo_free
codo_destroy_pico8_cart	codo_stop_pico8_song
codo_destroy_pico8_cart	codo_stop_sfx
codo_destroy_pico8_cart	memset@plt
codo_destroy_pod	codo_debug
codo_destroy_pod	codo_destroy_anim
codo_destroy_pod	codo_destroy_bitmap
codo_destroy_pod	codo_destroy_material
codo_destroy_pod	codo_destroy_model
codo_destroy_pod	codo_destroy_palette
codo_destroy_pod	codo_destroy_pod
codo_destroy_pod	codo_destroy_sound
codo_destroy_pod	codo_destroy_synth
codo_destroy_pod	codo_destroy_voxmap
codo_destroy_pod	codo_fclose
codo_destroy_pod	codo_free
codo_destroy_pod	codo_memset
codo_destroy_sound	codo_free
codo_destroy_sound	codo_lock_audio_plat
codo_destroy_sound	codo_unlock_audio_plat
codo_destroy_stable	codo_free
codo_destroy_synth	codo_destroy_sound
codo_destroy_synth	codo_free
codo_destroy_synth	codo_stop_sound
codo_destroy_thread	SDL_DetachThread@plt
codo_destroy_undo_stack	codo_destroy_buffer
codo_destroy_voxmap	codo_free
codo_destroy_xm	codo_free
codo_determine_cart_version	strstr@plt
codo_directory_exists	__stack_chk_fail@plt
codo_directory_exists	closedir@plt
codo_directory_exists	codo_find_next
codo_directory_exists	codo_strcpy
codo_directory_exists	opendir@plt
codo_draw_mouse_cursor	__stack_chk_fail@plt
codo_draw_mouse_cursor	codo_draw_sprite
codo_draw_mouse_cursor	codo_get_mouse
codo_draw_sprite	codo_blit_to_video_plat
codo_draw_sprite32	codo_blend32
codo_draw_sprite_col	codo_clip
codo_draw_sprite_pal	codo_clip
codo_draw_sprite_shadow	codo_clip
codo_draw_text	codo_draw_sprite
codo_draw_text	codo_draw_sprite_col
codo_draw_text_c	codo_draw_sprite
codo_draw_text_c	codo_draw_sprite_col
codo_draw_text_ex	codo_draw_sprite
codo_draw_text_ex	codo_draw_sprite_col
codo_draw_text_ex	codo_draw_text_ex.part.1
codo_draw_text_ex.part.1	codo_draw_sprite
codo_draw_text_ex.part.1	codo_draw_sprite_col
codo_draw_text_ex.part.1	codo_draw_text_ex.part.1
codo_draw_text_phat	codo_draw_text_ex.part.1
codo_draw_voxmap	codo_blit_to_video_plat
codo_draw_voxmap	codo_draw_sprite32
codo_draw_voxmap	codo_draw_sprite8
codo_exit	codo_exit.part.1
codo_exit.part.1	__sprintf_chk@plt
codo_exit.part.1	cmusic_stop
codo_exit.part.1	codo_config_save
codo_exit.part.1	codo_debug
codo_exit.part.1	codo_gui_exit
codo_exit.part.1	codo_joystick_exit
codo_exit.part.1	codo_keys_exit
codo_exit.part.1	codo_main_exit
codo_exit.part.1	codo_sound_exit
codo_exit.part.1	codo_system_exit
codo_exit.part.1	codo_text_exit
codo_exit.part.1	codo_video_exit
codo_exit.part.1	fclose@plt
codo_fatal_error	__printf_chk@plt
codo_fatal_error	__sprintf_chk@plt
codo_fatal_error	checkSDLError
codo_fatal_error	codo_debug
codo_fatal_error	codo_exit
codo_fatal_error	exit@plt
codo_fatal_error	fflush@plt
codo_fclose	codo_free
codo_fclose	fclose@plt
codo_fclose	vdisk_file_owned
codo_fgets	feof@plt
codo_fgets	fgetc@plt
codo_fgets_sensitive	feof@plt
codo_fgets_sensitive	fgetc@plt
codo_file_exists	codo_fclose
codo_file_exists	codo_fopen
codo_find_close	closedir@plt
codo_find_first	codo_strcpy
codo_find_first	opendir@plt
codo_find_first	strlen@plt
codo_find_next	__sprintf_chk@plt
codo_find_next	__stack_chk_fail@plt
codo_find_next	__xstat@plt
codo_find_next	codo_memset
codo_find_next	codo_strcpy
codo_find_next	readdir@plt
codo_find_next	strcasecmp@plt
codo_find_next	strlen@plt
codo_floodfill	codo_free
codo_floodfill	codo_malloc
codo_floodfill	memcpy@plt
codo_fopen	codo_free
codo_fopen	codo_is_legal_filename
codo_fopen	codo_malloc
codo_fopen	codo_memset
codo_fopen	fopen@plt
codo_fopen_memory	codo_malloc
codo_fopen_memory	codo_memset
codo_fopen_vdisk	__sprintf_chk@plt
codo_fopen_vdisk	__stack_chk_fail@plt
codo_fopen_vdisk	codo_create_buffer
codo_fopen_vdisk	codo_split_filename
codo_fopen_vdisk	codo_strcpy
codo_fopen_vdisk	strcmp@plt
codo_fprintf_1d	__sprintf_chk@plt
codo_fprintf_1d	__stack_chk_fail@plt
codo_fprintf_1d	codo_allocate_buffer_size
codo_fprintf_1d	codo_memset
codo_fprintf_1d	fwrite@plt
codo_fprintf_1d	memcpy@plt
codo_fprintf_1s	__sprintf_chk@plt
codo_fprintf_1s	codo_allocate_buffer_size
codo_fprintf_1s	codo_calloc
codo_fprintf_1s	codo_free
codo_fprintf_1s	fwrite@plt
codo_fprintf_1s	memcpy@plt
codo_fprintf_1s	strlen@plt
codo_fprintf_4x	__sprintf_chk@plt
codo_fprintf_4x	__stack_chk_fail@plt
codo_fprintf_4x	codo_allocate_buffer_size
codo_fprintf_4x	codo_memset
codo_fprintf_4x	fwrite@plt
codo_fprintf_4x	memcpy@plt
codo_fread	fread@plt
codo_fread	memcpy@plt
codo_fread.constprop.13	fread@plt
codo_fread.constprop.13	memcpy@plt
codo_fread.constprop.14	fread@plt
codo_fread.constprop.14	memcpy@plt
codo_fread_float	__memcpy_chk@plt
codo_fread_float	__stack_chk_fail@plt
codo_fread_float	fread@plt
codo_fread_int16	__memcpy_chk@plt
codo_fread_int16	__stack_chk_fail@plt
codo_fread_int16	fread@plt
codo_fread_int16s	memcpy@plt
codo_fread_int32	__memcpy_chk@plt
codo_fread_int32	__stack_chk_fail@plt
codo_fread_int32	fread@plt
codo_fread_int32s	memcpy@plt
codo_fread_int8	__memcpy_chk@plt
codo_fread_int8	__stack_chk_fail@plt
codo_fread_int8	fread@plt
codo_fread_lz4	LZ4_decompress_safe
codo_fread_lz4	__memcpy_chk@plt
codo_fread_lz4	__stack_chk_fail@plt
codo_fread_lz4	codo_malloc
codo_fread_lz4	fread@plt
codo_fread_lz4	memcpy@plt
codo_fread_uint16	__memcpy_chk@plt
codo_fread_uint16	__stack_chk_fail@plt
codo_fread_uint16	fread@plt
codo_fread_uint32	__memcpy_chk@plt
codo_fread_uint32	__stack_chk_fail@plt
codo_fread_uint32	fread@plt
codo_fread_uint8	__memcpy_chk@plt
codo_fread_uint8	__stack_chk_fail@plt
codo_fread_uint8	fread@plt
codo_free	__printf_chk@plt
codo_free	__sprintf_chk@plt
codo_free	fflush@plt
codo_fwrite	codo_allocate_buffer_size
codo_fwrite	codo_memset
codo_fwrite	fwrite@plt
codo_fwrite	memcpy@plt
codo_fwrite.constprop.10	codo_allocate_buffer_size
codo_fwrite.constprop.10	codo_memset
codo_fwrite.constprop.10	fwrite@plt
codo_fwrite.constprop.10	memcpy@plt
codo_fwrite.constprop.11	codo_allocate_buffer_size
codo_fwrite.constprop.11	codo_memset
codo_fwrite.constprop.11	fwrite@plt
codo_fwrite.constprop.11	memcpy@plt
codo_fwrite_float	codo_allocate_buffer_size
codo_fwrite_float	fwrite@plt
codo_fwrite_int16	codo_allocate_buffer_size
codo_fwrite_int16	fwrite@plt
codo_fwrite_int16s	codo_allocate_buffer_size
codo_fwrite_int16s	codo_memset
codo_fwrite_int16s	memcpy@plt
codo_fwrite_int32	codo_allocate_buffer_size
codo_fwrite_int32	fwrite@plt
codo_fwrite_int32s	codo_allocate_buffer_size
codo_fwrite_int32s	codo_memset
codo_fwrite_int32s	memcpy@plt
codo_fwrite_int8	codo_allocate_buffer_size
codo_fwrite_int8	fwrite@plt
codo_fwrite_lz4	LZ4_compressHC
codo_fwrite_lz4	__stack_chk_fail@plt
codo_fwrite_lz4	codo_allocate_buffer_size
codo_fwrite_lz4	codo_free
codo_fwrite_lz4	codo_malloc
codo_fwrite_lz4	codo_memset
codo_fwrite_lz4	fwrite@plt
codo_fwrite_lz4	memcpy@plt
codo_fwrite_uint16	codo_allocate_buffer_size
codo_fwrite_uint16	fwrite@plt
codo_fwrite_uint32	codo_allocate_buffer_size
codo_fwrite_uint32	fwrite@plt
codo_fwrite_uint8	codo_allocate_buffer_size
codo_fwrite_uint8	fwrite@plt
codo_get_clipboard_text	SDL_GetClipboardText@plt
codo_get_clipboard_text	SDL_free@plt
codo_get_clipboard_text	codo_malloc
codo_get_clipboard_text	memcpy@plt
codo_get_clipboard_text	strlen@plt
codo_get_ctextfield_pos_for_cursor	strlen@plt
codo_get_date	__stack_chk_fail@plt
codo_get_date	codo_debug
codo_get_date	localtime@plt
codo_get_date	time@plt
codo_get_datetime	__stack_chk_fail@plt
codo_get_datetime	gmtime@plt
codo_get_datetime	localtime@plt
codo_get_datetime	sscanf@plt
codo_get_datetime	strftime@plt
codo_get_datetime	time@plt
codo_get_elapsed_time	codo_get_time
codo_get_filename_without_path	strlen@plt
codo_get_joystick	SDL_GameControllerGetAttached@plt
codo_get_joystick	SDL_GameControllerGetButton@plt
codo_get_joystick	SDL_JoystickGetButton@plt
codo_get_joystick	SDL_NumJoysticks@plt
codo_get_joystick	__sprintf_chk@plt
codo_get_joystick	codo_debug
codo_get_joystick	codo_get_joystick_axes
codo_get_joystick_axes	SDL_GameControllerGetAttached@plt
codo_get_joystick_axes	SDL_GameControllerGetAxis@plt
codo_get_joystick_axes	SDL_JoystickGetAxis@plt
codo_get_joystick_axes	SDL_NumJoysticks@plt
codo_get_joystick_axes	__printf_chk@plt
codo_get_joystick_axes	__sprintf_chk@plt
codo_get_joystick_axes	codo_debug
codo_get_key_name	SDL_GetScancodeName@plt
codo_get_key_name	__strcpy_chk@plt
codo_get_key_state	codo_get_key_state
codo_get_keyboard_string_ex.part.3	codo_blit
codo_get_keyboard_string_ex.part.3	codo_blit_back_page
codo_get_keyboard_string_ex.part.3	codo_clear_bitmap
codo_get_keyboard_string_ex.part.3	codo_create_bitmap
codo_get_keyboard_string_ex.part.3	codo_destroy_bitmap
codo_get_keyboard_string_ex.part.3	codo_draw_sprite
codo_get_keyboard_string_ex.part.3	codo_draw_sprite_col
codo_get_keyboard_string_ex.part.3	codo_handle_system_messages
codo_get_keyboard_string_ex.part.3	codo_readkey
codo_get_mouse	SDL_GetMouseState@plt
codo_get_mouse	SDL_GetWindowSize@plt
codo_get_mouse	__stack_chk_fail@plt
codo_get_mouse	codo_get_key_state
codo_get_mouse	get_dest_rect
codo_get_mouse_deltas	SDL_GetMouseState@plt
codo_get_mouse_deltas	SDL_GetWindowSize@plt
codo_get_mouse_deltas	__stack_chk_fail@plt
codo_get_mouse_deltas	codo_get_key_state
codo_get_mouse_deltas	get_dest_rect
codo_get_path_without_filename	strncpy@plt
codo_get_pico8_channel_sfx	codo_lock_audio_plat
codo_get_pico8_channel_sfx	codo_unlock_audio_plat
codo_get_pico8_mixer_state	codo_lock_audio_plat
codo_get_pico8_mixer_state	codo_unlock_audio_plat
codo_get_pico8_song_ticks	codo_lock_audio_plat
codo_get_pico8_song_ticks	codo_unlock_audio_plat
codo_get_pixel_perfect_plat	SDL_GetWindowSize@plt
codo_get_pixel_perfect_plat	__stack_chk_fail@plt
codo_get_preblit_scale	codo_get_pixel_perfect_plat
codo_get_sfx_playing_note	codo_lock_audio_plat
codo_get_sfx_playing_note	codo_unlock_audio_plat
codo_get_transformation_matrix	sincos@plt
codo_get_vector_rotation_matrix	sincos@plt
codo_get_vector_rotation_matrix	sqrtf@plt
codo_gui_add_ctext_field	codo_add_guie
codo_gui_add_ctext_field	codo_get_gui_element
codo_gui_add_ctext_field	codo_gui_set_keyboard_focus
codo_gui_broadcast	__stack_chk_fail@plt
codo_gui_broadcast	codo_get_mouse
codo_gui_clear	cpod_clear
codo_gui_init	codo_create_pea_pod
codo_gui_message	__stack_chk_fail@plt
codo_gui_message	codo_get_mouse
codo_handle_messages	codo_get_mouse
codo_handle_messages	codo_handle_system_messages
codo_handle_messages	codo_process_gui
codo_handle_messages	codo_update_music_fading
codo_handle_system_messages	SDL_Delay@plt
codo_handle_system_messages	SDL_GameControllerClose@plt
codo_handle_system_messages	SDL_GetKeyFromScancode@plt
codo_handle_system_messages	SDL_GetKeyboardFocus@plt
codo_handle_system_messages	SDL_GetKeyboardState@plt
codo_handle_system_messages	SDL_GetModState@plt
codo_handle_system_messages	SDL_GetTicks@plt
codo_handle_system_messages	SDL_GetWindowID@plt
codo_handle_system_messages	SDL_GetWindowSize@plt
codo_handle_system_messages	SDL_JoystickClose@plt
codo_handle_system_messages	SDL_PollEvent@plt
codo_handle_system_messages	SDL_RaiseWindow@plt
codo_handle_system_messages	SDL_ShowCursor@plt
codo_handle_system_messages	SDL_WarpMouseInWindow@plt
codo_handle_system_messages	__sprintf_chk@plt
codo_handle_system_messages	__stack_chk_fail@plt
codo_handle_system_messages	__strcpy_chk@plt
codo_handle_system_messages	codo_debug
codo_handle_system_messages	codo_exit
codo_handle_system_messages	codo_get_key_state
codo_handle_system_messages	codo_toggle_fullscreen
codo_handle_system_messages	connect_joystick.part.0
codo_handle_system_messages	exit@plt
codo_handle_system_messages	puts@plt
codo_has_clipboard_text	SDL_HasClipboardText@plt
codo_init	codo_init.part.2
codo_init.part.2	__sprintf_chk@plt
codo_init.part.2	__stack_chk_fail@plt
codo_init.part.2	codo_config_default
codo_init.part.2	codo_config_load
codo_init.part.2	codo_debug
codo_init.part.2	codo_get_time
codo_init.part.2	codo_gui_init
codo_init.part.2	codo_joystick_init
codo_init.part.2	codo_keys_init
codo_init.part.2	codo_memset
codo_init.part.2	codo_mouse_init
codo_init.part.2	codo_prefix_with_appdata_path
codo_init.part.2	codo_process_arguments
codo_init.part.2	codo_srand
codo_init.part.2	codo_strcpy
codo_init.part.2	codo_system_init
codo_init.part.2	codo_text_init
codo_init.part.2	codo_video_init
codo_init.part.2	fopen@plt
codo_init.part.2	update_sdl_window_title
codo_is_app_active	SDL_GetKeyboardFocus@plt
codo_is_legal_filename	__stack_chk_fail@plt
codo_is_legal_filename	codo_debug
codo_is_legal_filename	codo_split_filename_ex.part.0
codo_is_legal_filename	codo_strcasestr
codo_is_legal_filename	strlen@plt
codo_joystick_exit	SDL_GameControllerClose@plt
codo_joystick_exit	SDL_JoystickClose@plt
codo_joystick_init	SDL_GameControllerAddMapping@plt
codo_joystick_init	SDL_NumJoysticks@plt
codo_joystick_init	__sprintf_chk@plt
codo_joystick_init	add_sdl_controllers
codo_joystick_init	codo_debug
codo_joystick_init	codo_memset
codo_joystick_init	connect_joystick.part.0
codo_launch_html	__sprintf_chk@plt
codo_launch_html	__stack_chk_fail@plt
codo_launch_html	__strcat_chk@plt
codo_launch_html	codo_create_osx_launch_html_string
codo_launch_html	codo_debug
codo_launch_html	system@plt
codo_load_bmp	__memcpy_chk@plt
codo_load_bmp	__sprintf_chk@plt
codo_load_bmp	__stack_chk_fail@plt
codo_load_bmp	codo_create_bitmap
codo_load_bmp	codo_debug
codo_load_bmp	codo_fopen_vdisk
codo_load_bmp	codo_free
codo_load_bmp	codo_malloc
codo_load_bmp	codo_memset
codo_load_bmp	codo_putpixel
codo_load_bmp	codo_split_filename_ex.part.0
codo_load_bmp	codo_strcasestr
codo_load_bmp	fclose@plt
codo_load_bmp	fopen@plt
codo_load_bmp	fread@plt
codo_load_bmp	strlen@plt
codo_load_bmp	vdisk_file_owned
codo_load_clipboard_from_file	SDL_SetClipboardText@plt
codo_load_clipboard_from_file	codo_free
codo_load_clipboard_from_file	codo_malloc
codo_load_clipboard_from_file	fclose@plt
codo_load_clipboard_from_file	fopen@plt
codo_load_clipboard_from_file	fread@plt
codo_load_clipboard_from_file	memset@plt
codo_load_file	codo_allocate_buffer_size
codo_load_file	codo_create_buffer
codo_load_file	codo_free
codo_load_file	codo_malloc
codo_load_file	codo_memset
codo_load_file	fclose@plt
codo_load_file	feof@plt
codo_load_file	fopen@plt
codo_load_file	fread@plt
codo_load_file	fwrite@plt
codo_load_file	memcpy@plt
codo_load_image	codo_load_bmp
codo_load_pico8_cart	codo_fclose
codo_load_pico8_cart	codo_fopen
codo_load_pico8_cart	codo_load_pico8_cart_from_file
codo_load_pico8_cart_from_file	__stack_chk_fail@plt
codo_load_pico8_cart_from_file	codo_calloc
codo_load_pico8_cart_from_file	codo_clear_bitmap
codo_load_pico8_cart_from_file	codo_create_bitmap
codo_load_pico8_cart_from_file	codo_create_buffer
codo_load_pico8_cart_from_file	codo_create_pico8_cart
codo_load_pico8_cart_from_file	codo_feof
codo_load_pico8_cart_from_file	codo_fgets_sensitive
codo_load_pico8_cart_from_file	codo_free
codo_load_pico8_cart_from_file	codo_fwrite
codo_load_pico8_cart_from_file	codo_realloc
codo_load_pico8_cart_from_file	convert_escaped_to_glyphs
codo_load_pico8_cart_from_file	memcpy@plt
codo_load_pico8_cart_from_file	memset@plt
codo_load_pico8_cart_from_file	sscanf@plt
codo_load_pico8_cart_from_file	strcat@plt
codo_load_pico8_cart_from_file	strlen@plt
codo_load_pico8_cart_from_file	strstr@plt
codo_load_png	LodePNG_decode32_codo_file
codo_load_png	__stack_chk_fail@plt
codo_load_png	codo_create_bitmap
codo_load_png	codo_fopen_vdisk
codo_load_png	codo_free
codo_load_png	codo_is_legal_filename
codo_load_png	codo_malloc
codo_load_png	codo_memset
codo_load_png	fclose@plt
codo_load_png	fopen@plt
codo_load_png	memcpy@plt
codo_load_png	vdisk_file_owned
codo_load_png_from_file	LodePNG_decode32_codo_file
codo_load_png_from_file	__stack_chk_fail@plt
codo_load_png_from_file	codo_create_bitmap
codo_load_png_from_file	codo_free
codo_load_png_from_file	memcpy@plt
codo_load_pod	__sprintf_chk@plt
codo_load_pod	codo_debug
codo_load_pod	codo_fopen_vdisk
codo_load_pod	codo_free
codo_load_pod	codo_is_legal_filename
codo_load_pod	codo_load_pod_file
codo_load_pod	codo_malloc
codo_load_pod	codo_memset
codo_load_pod	fclose@plt
codo_load_pod	fopen@plt
codo_load_pod	vdisk_file_owned
codo_load_pod_file	LZ4_decompress_safe
codo_load_pod_file	__memcpy_chk@plt
codo_load_pod_file	__stack_chk_fail@plt
codo_load_pod_file	canim_new_actor
codo_load_pod_file	cmodel_decorate
codo_load_pod_file	cmodel_max_polygons
codo_load_pod_file	cmodel_max_vertices
codo_load_pod_file	codo_create_anim
codo_load_pod_file	codo_create_anim_channel
codo_load_pod_file	codo_create_bitmap
codo_load_pod_file	codo_create_buffer
codo_load_pod_file	codo_create_material
codo_load_pod_file	codo_create_model
codo_load_pod_file	codo_create_palette
codo_load_pod_file	codo_create_pod
codo_load_pod_file	codo_create_sound
codo_load_pod_file	codo_create_synth
codo_load_pod_file	codo_create_voxmap
codo_load_pod_file	codo_debug
codo_load_pod_file	codo_destroy_pod
codo_load_pod_file	codo_fread
codo_load_pod_file	codo_fread.constprop.13
codo_load_pod_file	codo_fread.constprop.14
codo_load_pod_file	codo_fread_lz4
codo_load_pod_file	codo_malloc
codo_load_pod_file	codo_memset
codo_load_pod_file	codo_sound_lock
codo_load_pod_file	codo_sound_release
codo_load_pod_file	cpod_add_item
codo_load_pod_file	cpoly_set_num_vertices
codo_load_pod_file	csound_set_frequency
codo_load_pod_file	feof@plt
codo_load_pod_file	fread@plt
codo_load_pod_file	fseek@plt
codo_load_pod_file	read_anim_channel.isra.3
codo_load_pod_set	__sprintf_chk@plt
codo_load_pod_set	codo_debug
codo_load_pod_set	codo_fopen_vdisk
codo_load_pod_set	codo_free
codo_load_pod_set	codo_is_legal_filename
codo_load_pod_set	codo_load_pod_file
codo_load_pod_set	codo_malloc
codo_load_pod_set	codo_memset
codo_load_pod_set	cpod_set_init
codo_load_pod_set	fclose@plt
codo_load_pod_set	fopen@plt
codo_load_pod_set	vdisk_file_owned
codo_load_pod_set_from_memory	__sprintf_chk@plt
codo_load_pod_set_from_memory	codo_debug
codo_load_pod_set_from_memory	codo_free
codo_load_pod_set_from_memory	codo_load_pod_file
codo_load_pod_set_from_memory	codo_malloc
codo_load_pod_set_from_memory	codo_memset
codo_load_pod_set_from_memory	fclose@plt
codo_load_pod_set_from_memory	vdisk_file_owned
codo_load_pod_set_from_text_file	__sprintf_chk@plt
codo_load_pod_set_from_text_file	__stack_chk_fail@plt
codo_load_pod_set_from_text_file	codo_debug
codo_load_pod_set_from_text_file	codo_fopen_vdisk
codo_load_pod_set_from_text_file	codo_free
codo_load_pod_set_from_text_file	codo_load_pod_file
codo_load_pod_set_from_text_file	codo_malloc
codo_load_pod_set_from_text_file	codo_memset
codo_load_pod_set_from_text_file	codo_split_filename_ex.part.0
codo_load_pod_set_from_text_file	codo_strcasestr
codo_load_pod_set_from_text_file	cpod_set_init
codo_load_pod_set_from_text_file	fclose@plt
codo_load_pod_set_from_text_file	feof@plt
codo_load_pod_set_from_text_file	fgetc@plt
codo_load_pod_set_from_text_file	fgets@plt
codo_load_pod_set_from_text_file	fopen@plt
codo_load_pod_set_from_text_file	sscanf@plt
codo_load_pod_set_from_text_file	strlen@plt
codo_load_pod_set_from_text_file	vdisk_file_owned
codo_load_stable	codo_fclose
codo_load_stable	codo_fopen
codo_load_stable	codo_load_stable_from_file
codo_load_stable_config	__stack_chk_fail@plt
codo_load_stable_config	add_key
codo_load_stable_config	codo_fclose
codo_load_stable_config	codo_feof
codo_load_stable_config	codo_fgets_sensitive
codo_load_stable_config	codo_fopen
codo_load_stable_config	codo_malloc
codo_load_stable_config	codo_memset
codo_load_stable_config	codo_realloc
codo_load_stable_config	codo_strcpy
codo_load_stable_config	strlen@plt
codo_load_stable_from_file	__stack_chk_fail@plt
codo_load_stable_from_file	add_key
codo_load_stable_from_file	codo_feof
codo_load_stable_from_file	codo_fgets_sensitive
codo_load_stable_from_file	codo_malloc
codo_load_stable_from_file	codo_memset
codo_load_stable_from_file	codo_realloc
codo_load_stable_from_file	codo_strcpy
codo_load_stable_from_file	strchr@plt
codo_load_tga	__memcpy_chk@plt
codo_load_tga	__sprintf_chk@plt
codo_load_tga	__stack_chk_fail@plt
codo_load_tga	codo_create_bitmap
codo_load_tga	codo_debug
codo_load_tga	codo_fopen_vdisk
codo_load_tga	codo_fread.constprop.14
codo_load_tga	codo_free
codo_load_tga	codo_malloc
codo_load_tga	codo_memset
codo_load_tga	codo_putpixel
codo_load_tga	codo_split_filename_ex.part.0
codo_load_tga	codo_strcasestr
codo_load_tga	fclose@plt
codo_load_tga	fopen@plt
codo_load_tga	fread@plt
codo_load_tga	strlen@plt
codo_load_tga	vdisk_file_owned
codo_load_xm	codo_debug
codo_load_xm	codo_fclose
codo_load_xm	codo_fopen
codo_load_xm	codo_load_xm_from_file
codo_load_xm_from_file	__stack_chk_fail@plt
codo_load_xm_from_file	codo_debug
codo_load_xm_from_file	codo_fix_int16
codo_load_xm_from_file	codo_fread
codo_load_xm_from_file	codo_fread_uint16
codo_load_xm_from_file	codo_fread_uint32
codo_load_xm_from_file	codo_malloc
codo_load_xm_from_file	codo_memset
codo_lock_audio_plat	SDL_LockAudio@plt
codo_lock_mouse_cursor	SDL_GetMouseState@plt
codo_lock_mouse_cursor	SDL_GetWindowSize@plt
codo_lock_mouse_cursor	SDL_WarpMouseInWindow@plt
codo_lock_mouse_cursor	__stack_chk_fail@plt
codo_main	__printf_chk@plt
codo_main	codo_blit_back_page
codo_main	codo_exit.part.1
codo_main	codo_get_mouse
codo_main	codo_handle_system_messages
codo_main	codo_main_draw
codo_main	codo_main_init
codo_main	codo_main_update
codo_main	codo_process_gui
codo_main	codo_register_frame_end_for_fps
codo_main	codo_register_frame_start_for_fps
codo_main	codo_strcpy
codo_main	codo_timer_end
codo_main	codo_timer_start
codo_main	codo_update_music_fading
codo_main	do_scancode_tester
codo_main_draw	__sprintf_chk@plt
codo_main_draw	__stack_chk_fail@plt
codo_main_draw	apply_draw_mode
codo_main_draw	blit_pico8_back_page_to_pico8_screen
codo_main_draw	codo_blit
codo_main_draw	codo_clear_bitmap
codo_main_draw	codo_draw_sprite
codo_main_draw	codo_draw_text_ex
codo_main_draw	codo_get_gui_element
codo_main_draw	codo_get_mouse
codo_main_draw	codo_get_time
codo_main_draw	codo_gui_broadcast
codo_main_draw	codo_gui_cursor_element
codo_main_draw	codo_rect
codo_main_draw	codo_rectfill
codo_main_draw	draw_code_tab_preview
codo_main_draw	draw_command_string.part.2
codo_main_draw	draw_cpu_spinner
codo_main_draw	draw_extpal_glitch
codo_main_draw	draw_paused_menu
codo_main_draw	draw_resource_data
codo_main_draw	draw_tv_frame
codo_main_draw	get_number_of_displays
codo_main_draw	keyconfig_draw
codo_main_draw	set_draw_display
codo_main_draw	splore_draw
codo_main_exit	codo_find_close
codo_main_exit	detect_unsaved_changes
codo_main_exit	fclose@plt
codo_main_exit	flush_activity_log_buffer
codo_main_exit	gpio_close
codo_main_exit	save_backup
codo_main_exit	save_cdata
codo_main_init	__printf_chk@plt
codo_main_init	__sprintf_chk@plt
codo_main_init	__stack_chk_fail@plt
codo_main_init	__strcpy_chk@plt
codo_main_init	boot_init
codo_main_init	codo_create_bitmap
codo_main_init	codo_create_ctext
codo_main_init	codo_create_pico8_cart
codo_main_init	codo_file_exists
codo_main_init	codo_find_close
codo_main_init	codo_find_first
codo_main_init	codo_init
codo_main_init	codo_load_pico8_cart_from_file
codo_main_init	codo_load_pod
codo_main_init	codo_load_pod_file
codo_main_init	codo_memset
codo_main_init	codo_mkdir
codo_main_init	codo_prefix_with_appdata_path
codo_main_init	codo_prefix_with_current_path
codo_main_init	codo_prefix_with_program_path
codo_main_init	codo_resolve_filename
codo_main_init	codo_set_application_title
codo_main_init	codo_set_load_config_func
codo_main_init	codo_set_palette
codo_main_init	codo_set_post_mix_func
codo_main_init	codo_set_save_config_func
codo_main_init	codo_set_screen
codo_main_init	codo_set_window_icon
codo_main_init	codo_set_window_size
codo_main_init	codo_set_window_title
codo_main_init	codo_sound_init
codo_main_init	codo_strcpy
codo_main_init	create_dbmp
codo_main_init	do_export
codo_main_init	exit@plt
codo_main_init	hash_cart
codo_main_init	init_print_context
codo_main_init	invalidate_capacity_cache
codo_main_init	invalidate_ctext_colors
codo_main_init	load_data_from_url
codo_main_init	load_splash_bmp
codo_main_init	load_working_cart
codo_main_init	memset@plt
codo_main_init	process_arguments
codo_main_init	resolve_to_host_filename
codo_main_init	set_view
codo_main_init	splore_init
codo_main_init	strncmp@plt
codo_main_update	__sprintf_chk@plt
codo_main_update	__stack_chk_fail@plt
codo_main_update	block_buttons
codo_main_update	boot_init
codo_main_update	build_paused_menu
codo_main_update	button_pressed
codo_main_update	codo_get_any_key_down
codo_main_update	codo_get_key_state
codo_main_update	codo_get_mouse
codo_main_update	codo_get_pico8_mixer_state
codo_main_update	codo_get_time
codo_main_update	codo_is_app_active
codo_main_update	codo_keypressed
codo_main_update	codo_lock_mouse_cursor
codo_main_update	codo_readkey
codo_main_update	codo_skip_frame
codo_main_update	codo_strcpy
codo_main_update	exit@plt
codo_main_update	fflush@plt
codo_main_update	get_cpu_cycles_since_flip
codo_main_update	get_current_gif_len
codo_main_update	handle_dropped_file
codo_main_update	keyconfig_close
codo_main_update	keyconfig_update
codo_main_update	log_activity
codo_main_update	move_boot
codo_main_update	move_keyboard_cursor
codo_main_update	pico8_list_files.part.6
codo_main_update	pico8_peek
codo_main_update	pico_print
codo_main_update	player_button
codo_main_update	player_key
codo_main_update	process_editor_keypresses
codo_main_update	process_immediate_mode_keypresses
codo_main_update	process_paused_keypresses
codo_main_update	process_running_keypresses
codo_main_update	read_buttons
codo_main_update	reboot_machine
codo_main_update	record_resource_data
codo_main_update	record_video_frame
codo_main_update	reset_lua_machine
codo_main_update	reset_rate_limits
codo_main_update	reset_video
codo_main_update	run_cart
codo_main_update	run_slice
codo_main_update	save_gif
codo_main_update	save_png_screenshot
codo_main_update	set_cart_label
codo_main_update	set_view
codo_main_update	show_message_2_ex
codo_main_update	splore_update
codo_main_update	suspend_program
codo_main_update	update_buttons
codo_main_update	update_load_download
codo_main_update	update_paused_menu
codo_main_update	update_periodic_backups
codo_main_update	update_punycode_encoding
codo_main_update	update_reset_glitch
codo_malloc	malloc@plt
codo_malloc	memset@plt
codo_malloc_	malloc@plt
codo_mix_xm	__stack_chk_fail@plt
codo_mix_xm	codo_memset
codo_mix_xm	codo_mix_xm_chunk
codo_mix_xm	codo_sound_lock
codo_mix_xm	codo_sound_release
codo_mix_xm_chunk	codo_get_time
codo_mix_xm_chunk	codo_memset
codo_mix_xm_chunk	codo_random
codo_mix_xm_chunk	memset@plt
codo_mix_xm_chunk	update_channel_row
codo_mix_xm_init	codo_memset
codo_mixer_callback_0	codo_fwrite_int16
codo_mixer_callback_0	codo_get_time
codo_mixer_callback_0	codo_memset
codo_mixer_callback_0	codo_mix_xm_chunk
codo_mixer_callback_0	memcpy@plt
codo_mixer_callback_0	memset@plt
codo_mixer_callback_0	mix_sfx_channel
codo_mixer_callback_0	mix_sfx_tick
codo_mouse_init	codo_clear_bitmap
codo_mouse_init	codo_create_bitmap
codo_mouse_init	codo_destroy_bitmap
codo_mouse_init	codo_rectfill
codo_music_get_fading_state	codo_lock_audio_plat
codo_music_get_fading_state	codo_unlock_audio_plat
codo_music_is_playing	codo_lock_audio_plat
codo_music_is_playing	codo_unlock_audio_plat
codo_normalize	sqrtf@plt
codo_open_display	SDL_CreateWindow@plt
codo_open_display	SDL_GL_CreateContext@plt
codo_open_display	SDL_GetDisplayBounds@plt
codo_open_display	__sprintf_chk@plt
codo_open_display	__stack_chk_fail@plt
codo_open_display	codo_debug
codo_pico8_song_is_playing	codo_lock_audio_plat
codo_pico8_song_is_playing	codo_unlock_audio_plat
codo_play_pico8_song	codo_get_time
codo_play_pico8_song	codo_lock_audio_plat
codo_play_pico8_song	codo_play_sfx_ex
codo_play_pico8_song	codo_unlock_audio_plat
codo_play_pico8_song	codo_update_music_fading
codo_play_sfx	codo_lock_audio_plat
codo_play_sfx	codo_unlock_audio_plat
codo_play_sfx_ex	codo_lock_audio_plat
codo_play_sfx_ex	codo_unlock_audio_plat
codo_play_sound	codo_lock_audio_plat
codo_play_sound	codo_unlock_audio_plat
codo_prefix_with_appdata_path	getenv@plt
codo_prefix_with_appdata_path	mkdir@plt
codo_prefix_with_appdata_path	stpcpy@plt
codo_prefix_with_appdata_path	strcat@plt
codo_prefix_with_appdata_path	strlen@plt
codo_prefix_with_current_path	__stack_chk_fail@plt
codo_prefix_with_current_path	getcwd@plt
codo_prefix_with_current_path	stpcpy@plt
codo_prefix_with_desktop_path	getenv@plt
codo_prefix_with_desktop_path	mkdir@plt
codo_prefix_with_desktop_path	stpcpy@plt
codo_prefix_with_program_path	__stack_chk_fail@plt
codo_prefix_with_program_path	codo_debug
codo_prefix_with_program_path	codo_memset
codo_prefix_with_program_path	readlink@plt
codo_prefix_with_program_path	stpcpy@plt
codo_prefix_with_program_path	strcpy@plt
codo_print_date	localtime@plt
codo_process_arguments	__stack_chk_fail@plt
codo_process_arguments	codo_strcpy
codo_process_arguments	sscanf@plt
codo_process_gui	__stack_chk_fail@plt
codo_process_gui	codo_get_mouse
codo_process_gui	codo_get_time
codo_process_gui	codo_lock_audio
codo_process_gui	codo_unlock_audio
codo_push_undo_state	codo_clear_buffer
codo_push_undo_state	codo_destroy_buffer
codo_push_undo_state	codo_fwrite
codo_push_undo_state	codo_fwrite_int32
codo_push_undo_state	generate_patch.isra.0
codo_push_undo_state	memcmp@plt
codo_readkey	codo_handle_messages
codo_readkey	memmove@plt
codo_realloc	malloc@plt
codo_realloc	memset@plt
codo_realloc	realloc@plt
codo_rect_lit	codo_memset
codo_rectfill	codo_memset
codo_redo	apply_patch.isra.1
codo_redo	codo_create_buffer
codo_redo	codo_destroy_buffer
codo_redo	codo_fread_int32
codo_redo	codo_fwrite
codo_redo	codo_fwrite_int32
codo_redo	generate_patch.isra.0
codo_register_frame_end_for_fps	codo_get_time
codo_register_frame_start_for_fps	codo_get_time
codo_release_looping_pico8_channel	codo_lock_audio_plat
codo_reset_timer	codo_get_time
codo_resolve_filename	__stack_chk_fail@plt
codo_resolve_filename	__strcpy_chk@plt
codo_resolve_filename	codo_prefix_with_current_path
codo_resolve_filename	codo_strcpy
codo_resolve_filename	getenv@plt
codo_resolve_filename	stpcpy@plt
codo_resolve_filename	strlen@plt
codo_restart	codo_exit.part.1
codo_restart	codo_main_init
codo_save_bmp	__sprintf_chk@plt
codo_save_bmp	__stack_chk_fail@plt
codo_save_bmp	codo_allocate_buffer_size
codo_save_bmp	codo_debug
codo_save_bmp	codo_free
codo_save_bmp	codo_fwrite
codo_save_bmp	codo_fwrite.constprop.10
codo_save_bmp	codo_getpixel
codo_save_bmp	codo_is_legal_filename
codo_save_bmp	codo_malloc
codo_save_bmp	codo_memset
codo_save_bmp	fclose@plt
codo_save_bmp	fopen@plt
codo_save_bmp	fwrite@plt
codo_save_bmp	vdisk_file_owned
codo_save_clipboard_to_file	SDL_GetClipboardText@plt
codo_save_clipboard_to_file	SDL_HasClipboardText@plt
codo_save_clipboard_to_file	SDL_free@plt
codo_save_clipboard_to_file	codo_malloc
codo_save_clipboard_to_file	fclose@plt
codo_save_clipboard_to_file	fopen@plt
codo_save_clipboard_to_file	fputs@plt
codo_save_clipboard_to_file	memcpy@plt
codo_save_clipboard_to_file	strlen@plt
codo_save_pico8_cart	codo_fclose
codo_save_pico8_cart	codo_fopen
codo_save_pico8_cart	codo_save_pico8_cart_to_file
codo_save_pico8_cart_to_file	__stack_chk_fail@plt
codo_save_pico8_cart_to_file	codo_fprintf_1d
codo_save_pico8_cart_to_file	codo_fprintf_4x
codo_save_pico8_cart_to_file	codo_free
codo_save_pico8_cart_to_file	codo_fwrite
codo_save_pico8_cart_to_file	codo_lock_audio
codo_save_pico8_cart_to_file	codo_malloc
codo_save_pico8_cart_to_file	codo_unlock_audio
codo_save_pico8_cart_to_file	convert_glyphs_to_escaped
codo_save_pico8_cart_to_file	strlen@plt
codo_save_png	LodePNG_encode_file
codo_save_png	__sprintf_chk@plt
codo_save_png	codo_blit
codo_save_png	codo_convert_bitmap
codo_save_png	codo_create_bitmap
codo_save_png	codo_debug
codo_save_png	codo_destroy_bitmap
codo_save_pod	__sprintf_chk@plt
codo_save_pod	codo_debug
codo_save_pod	codo_free
codo_save_pod	codo_is_legal_filename
codo_save_pod	codo_malloc
codo_save_pod	codo_memset
codo_save_pod	codo_save_pod_file
codo_save_pod	fclose@plt
codo_save_pod	fopen@plt
codo_save_pod	vdisk_file_owned
codo_save_pod_file	LZ4_compressHC
codo_save_pod_file	__sprintf_chk@plt
codo_save_pod_file	__stack_chk_fail@plt
codo_save_pod_file	codo_debug
codo_save_pod_file	codo_free
codo_save_pod_file	codo_fwrite
codo_save_pod_file	codo_fwrite.constprop.10
codo_save_pod_file	codo_fwrite.constprop.11
codo_save_pod_file	codo_malloc
codo_save_pod_file	codo_serialise_synth
codo_save_pod_file	codo_sound_lock
codo_save_pod_file	codo_sound_release
codo_save_pod_set	codo_free
codo_save_pod_set	codo_is_legal_filename
codo_save_pod_set	codo_malloc
codo_save_pod_set	codo_memset
codo_save_pod_set	codo_save_pod_file
codo_save_pod_set	fclose@plt
codo_save_pod_set	fopen@plt
codo_save_pod_set	vdisk_file_owned
codo_save_tga	__sprintf_chk@plt
codo_save_tga	__stack_chk_fail@plt
codo_save_tga	codo_allocate_buffer_size
codo_save_tga	codo_debug
codo_save_tga	codo_free
codo_save_tga	codo_fwrite
codo_save_tga	codo_fwrite.constprop.11
codo_save_tga	codo_is_legal_filename
codo_save_tga	codo_malloc
codo_save_tga	codo_memset
codo_save_tga	fclose@plt
codo_save_tga	fopen@plt
codo_save_tga	fwrite@plt
codo_save_tga	vdisk_file_owned
codo_save_xm	codo_fclose
codo_save_xm	codo_fopen
codo_save_xm	codo_save_xm_to_file
codo_save_xm_to_file	__stack_chk_fail@plt
codo_save_xm_to_file	codo_fwrite
codo_save_xm_to_file	codo_fwrite_uint16
codo_save_xm_to_file	codo_fwrite_uint32
codo_save_xm_to_file	codo_memset
codo_serialise_synth	__stack_chk_fail@plt
codo_serialise_synth	codo_allocate_buffer_size
codo_serialise_synth	codo_fwrite.constprop.10
codo_serialise_synth	fwrite@plt
codo_set_application_title	codo_strcpy
codo_set_mouse	SDL_GetMouseState@plt
codo_set_mouse	__stack_chk_fail@plt
codo_set_screen	__sprintf_chk@plt
codo_set_screen	codo_create_bitmap
codo_set_screen	codo_debug
codo_set_screen	codo_destroy_bitmap
codo_set_screen	codo_set_screen_plat
codo_set_screen_plat	SDLTest_PrintRenderer
codo_set_screen_plat	SDL_CreateRGBSurfaceFrom@plt
codo_set_screen_plat	SDL_CreateRenderer@plt
codo_set_screen_plat	SDL_CreateTexture@plt
codo_set_screen_plat	SDL_CreateWindow@plt
codo_set_screen_plat	SDL_DestroyRenderer@plt
codo_set_screen_plat	SDL_DestroyTexture@plt
codo_set_screen_plat	SDL_DestroyWindow@plt
codo_set_screen_plat	SDL_FreeSurface@plt
codo_set_screen_plat	SDL_GL_CreateContext@plt
codo_set_screen_plat	SDL_GL_DeleteContext@plt
codo_set_screen_plat	SDL_GetCurrentDisplayMode@plt
codo_set_screen_plat	SDL_GetDisplayBounds@plt
codo_set_screen_plat	SDL_GetNumVideoDisplays@plt
codo_set_screen_plat	SDL_RenderClear@plt
codo_set_screen_plat	SDL_RenderPresent@plt
codo_set_screen_plat	SDL_SetHint@plt
codo_set_screen_plat	SDL_SetRenderDrawColor@plt
codo_set_screen_plat	SDL_SetWindowGrab@plt
codo_set_screen_plat	SDL_SetWindowIcon@plt
codo_set_screen_plat	__sprintf_chk@plt
codo_set_screen_plat	__stack_chk_fail@plt
codo_set_screen_plat	codo_create_bitmap
codo_set_screen_plat	codo_debug
codo_set_screen_plat	codo_destroy_bitmap
codo_set_screen_plat	codo_fatal_error
codo_set_screen_plat	codo_get_pixel_perfect
codo_set_screen_plat	codo_memset
codo_set_screen_plat	codo_set_screen_software
codo_set_screen_software	SDLTest_PrintRenderer
codo_set_screen_software	SDL_CreateRGBSurfaceFrom@plt
codo_set_screen_software	SDL_CreateWindow@plt
codo_set_screen_software	SDL_DestroyRenderer@plt
codo_set_screen_software	SDL_DestroyWindow@plt
codo_set_screen_software	SDL_FreeSurface@plt
codo_set_screen_software	SDL_GL_DeleteContext@plt
codo_set_screen_software	SDL_GetCurrentDisplayMode@plt
codo_set_screen_software	SDL_GetDisplayBounds@plt
codo_set_screen_software	SDL_GetNumVideoDisplays@plt
codo_set_screen_software	SDL_SetWindowIcon@plt
codo_set_screen_software	__sprintf_chk@plt
codo_set_screen_software	__stack_chk_fail@plt
codo_set_screen_software	codo_debug
codo_set_screen_software	codo_memset
codo_set_window_icon	SDL_CreateRGBSurfaceFrom@plt
codo_set_window_icon	SDL_SetWindowIcon@plt
codo_set_window_title	codo_strcpy
codo_sfx_is_playing	codo_lock_audio_plat
codo_sfx_is_playing	codo_unlock_audio_plat
codo_sha1	SHA1ProcessMessageBlock
codo_sha1	__sprintf_chk@plt
codo_sha1	__stack_chk_fail@plt
codo_sha1	memset@plt
codo_sound_init	__sprintf_chk@plt
codo_sound_init	codo_debug
codo_sound_init	codo_memset
codo_sound_init	codo_sound_init_plat
codo_sound_init_plat	SDL_GetAudioDriver@plt
codo_sound_init_plat	SDL_GetCurrentAudioDriver@plt
codo_sound_init_plat	SDL_GetError@plt
codo_sound_init_plat	SDL_GetNumAudioDrivers@plt
codo_sound_init_plat	SDL_Init@plt
codo_sound_init_plat	SDL_InitSubSystem@plt
codo_sound_init_plat	SDL_OpenAudio@plt
codo_sound_init_plat	SDL_PauseAudio@plt
codo_sound_init_plat	__sprintf_chk@plt
codo_sound_init_plat	__stack_chk_fail@plt
codo_sound_init_plat	codo_debug
codo_sound_init_plat	codo_set_music_volume
codo_sound_init_plat	codo_set_sound_volume
codo_split_filename	strlen@plt
codo_split_filename_ex	strlen@plt
codo_split_filename_ex.part.0	__stack_chk_fail@plt
codo_split_filename_ex.part.0	codo_strcpy
codo_split_filename_ex.part.0	strlen@plt
codo_stop_all_sounds	codo_lock_audio_plat
codo_stop_pico8_song	codo_lock_audio_plat
codo_stop_sfx	codo_lock_audio_plat
codo_stop_sound	codo_lock_audio_plat
codo_strcasestr	codo_calloc
codo_strcasestr	codo_free
codo_strcasestr	strcpy@plt
codo_strcasestr	strlen@plt
codo_strcasestr	strstr@plt
codo_stretch_blit	codo_blit
codo_stretch_blit	codo_blit_to_video_plat
codo_stretch_blit	codo_draw_sprite32
codo_stretch_blit	codo_draw_sprite8
codo_sts	strcmp@plt
codo_synth_clear_buffers	codo_destroy_sound
codo_synth_clear_buffers	codo_free
codo_synth_clear_buffers	codo_stop_sound
codo_synth_generate	codo_synth_generate_slice.part.2
codo_synth_generate_slice.part.2	codo_create_sound
codo_synth_generate_slice.part.2	codo_free
codo_synth_generate_slice.part.2	codo_random_save
codo_synth_generate_slice.part.2	codo_sound_lock
codo_synth_generate_slice.part.2	codo_sound_release
codo_synth_generate_slice.part.2	codo_srand
codo_synth_generate_slice.part.2	evaluate_synth_node
codo_system_init	SDL_GL_SetAttribute@plt
codo_system_init	SDL_GetCurrentVideoDriver@plt
codo_system_init	SDL_GetVersion@plt
codo_system_init	SDL_Init@plt
codo_system_init	SDL_SetHint@plt
codo_system_init	__sprintf_chk@plt
codo_system_init	__stack_chk_fail@plt
codo_system_init	codo_debug
codo_system_init	codo_fatal_error
codo_system_init	log_system_info
codo_text_exit	codo_destroy_pod
codo_text_init	codo_clear_bitmap
codo_text_init	codo_create_bitmap
codo_text_init	codo_create_pod
codo_text_init	cpod_add_item
codo_timer_end	__stack_chk_fail@plt
codo_timer_end	clock_gettime@plt
codo_trim	codo_free
codo_trim	codo_malloc
codo_trim	codo_strcpy
codo_trim	strlen@plt
codo_undo	apply_patch.isra.1
codo_undo	codo_create_buffer
codo_undo	codo_destroy_buffer
codo_undo	codo_fread_int32
codo_undo	codo_fwrite
codo_undo	codo_fwrite_int32
codo_undo	generate_patch.isra.0
codo_undo_peek_patch	codo_create_buffer
codo_undo_peek_patch	codo_fread_int32
codo_undo_peek_patch	codo_fwrite
codo_unroll_filename	codo_resolve_filename
codo_unroll_filename	strlen@plt
codo_update_music_fading	codo_get_time
codo_update_music_fading	codo_lock_audio_plat
codo_update_music_fading	codo_unlock_audio_plat
codo_video_exit	codo_destroy_bitmap
codo_video_exit	codo_destroy_palette
codo_video_exit_plat	SDL_DestroyWindow@plt
codo_video_exit_plat	SDL_GL_DeleteContext@plt
codo_video_init	codo_create_palette
codo_video_init_plat	SDL_GetDesktopDisplayMode@plt
codo_video_init_plat	__stack_chk_fail@plt
codo_wget	strlen@plt
codo_wget_ex	strlen@plt
codo_wget_ex.part.4	__sprintf_chk@plt
codo_wget_ex.part.4	__stack_chk_fail@plt
codo_wget_ex.part.4	__strcpy_chk@plt
codo_wget_ex.part.4	codo_debug
codo_wget_ex.part.4	dlerror@plt
codo_wget_ex.part.4	dlopen@plt
codo_wget_ex.part.4	dlsym@plt
codo_wget_ex.part.4	fclose@plt
codo_wget_ex.part.4	fopen@plt
codo_wget_ex.part.4	system@plt
codo_wget_with_callbacks	SDL_CreateThread@plt
codo_wget_with_callbacks	__strcpy_chk@plt
codo_wget_with_callbacks	codo_calloc
codo_wget_worker	codo_wget_ex.part.4
compare_alphabetical	strcmp@plt
connect_joystick.part.0	SDL_GameControllerGetJoystick@plt
connect_joystick.part.0	SDL_GameControllerMapping@plt
connect_joystick.part.0	SDL_GameControllerNameForIndex@plt
connect_joystick.part.0	SDL_GameControllerOpen@plt
connect_joystick.part.0	SDL_IsGameController@plt
connect_joystick.part.0	SDL_JoystickInstanceID@plt
connect_joystick.part.0	SDL_JoystickNameForIndex@plt
connect_joystick.part.0	SDL_JoystickNumAxes@plt
connect_joystick.part.0	SDL_JoystickNumBalls@plt
connect_joystick.part.0	SDL_JoystickNumButtons@plt
connect_joystick.part.0	SDL_JoystickOpen@plt
connect_joystick.part.0	__sprintf_chk@plt
connect_joystick.part.0	codo_debug
connect_joystick.part.0	codo_memset
constructor	__stack_chk_fail@plt
constructor	check_match
constructor	checklimit.part.122
constructor	checknext
constructor	llex
constructor	luaK_code
constructor	luaK_exp2nextreg
constructor	luaK_setlist
constructor	luaK_setreturns
constructor	luaX_next.part.119
constructor	recfield.isra.134
constructor	subexpr
continue_print_text	codo_free
continue_print_text	pico8_print_char
continue_print_text	spend_cpu
continue_program	codo_set_clip
convert_bbs_code_to_bmp	__isoc99_sscanf@plt
convert_bbs_code_to_bmp	__stack_chk_fail@plt
convert_bbs_code_to_bmp	codo_create_bitmap
convert_bbs_code_to_bmp	codo_putpixel
convert_bbs_code_to_bmp	strstr@plt
convert_bbs_code_to_song	__isoc99_sscanf@plt
convert_bbs_code_to_song	__stack_chk_fail@plt
convert_bbs_code_to_song	codo_create_pico8_cart
convert_bbs_code_to_song	pico8_poke
convert_bbs_code_to_song	strstr@plt
convert_binary_file_to_hex	__fprintf_chk@plt
convert_binary_file_to_hex	codo_malloc
convert_binary_file_to_hex	fclose@plt
convert_binary_file_to_hex	fopen@plt
convert_binary_file_to_hex	fread@plt
convert_binary_file_to_hex	fwrite@plt
convert_bmp_to_bbs_code	__sprintf_chk@plt
convert_bmp_to_bbs_code	codo_malloc
convert_bmp_to_bbs_code	codo_set_clipboard_text
convert_bmp_to_bbs_code	codo_set_clipboard_text_preemptive
convert_bmp_to_bbs_code	strlen@plt
convert_escaped_to_glyphs_ex	codo_malloc
convert_escaped_to_glyphs_ex	strlen@plt
convert_glyphs_to_escaped	codo_malloc
convert_glyphs_to_escaped	strlen@plt
convert_glyphs_to_escaped_ex	codo_malloc
convert_glyphs_to_escaped_ex	strlen@plt
convert_hex_to_binary_file	__isoc99_sscanf@plt
convert_hex_to_binary_file	__stack_chk_fail@plt
convert_hex_to_binary_file	fclose@plt
convert_hex_to_binary_file	fopen@plt
convert_hex_to_binary_file	fwrite@plt
convert_patterns_to_bbs_code	__sprintf_chk@plt
convert_patterns_to_bbs_code	__stack_chk_fail@plt
convert_patterns_to_bbs_code	codo_malloc
convert_patterns_to_bbs_code	codo_set_clipboard_text
convert_patterns_to_bbs_code	codo_set_clipboard_text_preemptive
convert_patterns_to_bbs_code	pico8_peek
convert_patterns_to_bbs_code	strlen@plt
convert_sfxes_to_bbs_code	__sprintf_chk@plt
convert_sfxes_to_bbs_code	codo_malloc
convert_sfxes_to_bbs_code	codo_set_clipboard_text
convert_sfxes_to_bbs_code	codo_set_clipboard_text_preemptive
convert_sfxes_to_bbs_code	pico8_peek
convert_sfxes_to_bbs_code	strlen@plt
count_gfx	codo_getpixel
count_pixels	__stack_chk_fail@plt
count_pixels	codo_clip
count_selected_tokens	calloc@plt
count_selected_tokens	count_tokens
count_selected_tokens	free@plt
count_selected_tokens	strncpy@plt
count_tokens	get_next_token_0
count_tokens	init_keyword_hash_table.part.2
cpod_add_item	__sprintf_chk@plt
cpod_add_item	codo_debug
cpod_add_item	codo_realloc
cpod_clear	codo_destroy_anim
cpod_clear	codo_destroy_bitmap
cpod_clear	codo_destroy_material
cpod_clear	codo_destroy_model
cpod_clear	codo_destroy_palette
cpod_clear	codo_destroy_pod
cpod_clear	codo_destroy_sound
cpod_clear	codo_destroy_synth
cpod_clear	codo_destroy_voxmap
cpod_clear	codo_fclose
cpod_clear	codo_free
cpod_delete_item	codo_destroy_anim
cpod_delete_item	codo_destroy_bitmap
cpod_delete_item	codo_destroy_material
cpod_delete_item	codo_destroy_model
cpod_delete_item	codo_destroy_palette
cpod_delete_item	codo_destroy_pod
cpod_delete_item	codo_destroy_sound
cpod_delete_item	codo_destroy_synth
cpod_delete_item	codo_destroy_voxmap
cpod_delete_item	codo_fclose
cpod_delete_item	codo_free
cpod_get_free_item	codo_realloc
cpod_set_clear	codo_debug
cpod_set_clear	codo_destroy_anim
cpod_set_clear	codo_destroy_bitmap
cpod_set_clear	codo_destroy_material
cpod_set_clear	codo_destroy_model
cpod_set_clear	codo_destroy_palette
cpod_set_clear	codo_destroy_sound
cpod_set_clear	codo_destroy_synth
cpod_set_clear	codo_destroy_voxmap
cpod_set_clear	codo_fclose
cpod_set_clear	codo_free
cpod_set_clear	codo_memset
cpod_set_clear	cpod_delete_item
cpod_set_size	codo_realloc
cpoly_copy	codo_realloc
cpoly_copy	memcpy@plt
cpoly_set_num_vertices	codo_realloc
cpoly_set_num_vertices	memcpy@plt
create_dbmp	codo_create_bitmap
create_dbmp	codo_malloc
create_dbmp	codo_memset
create_label_from_cart_lid	__isoc99_sscanf@plt
create_label_from_cart_lid	__stack_chk_fail@plt
create_label_from_cart_lid	codo_blit
create_label_from_cart_lid	codo_create_bitmap
create_label_from_cart_lid	codo_destroy_bitmap
create_label_from_cart_lid	codo_load_pico8_cart
create_label_from_cart_lid	codo_load_png
create_label_from_cart_lid	codo_strcasestr
create_label_from_cart_lid	create_label_from_cart_lid.part.6
create_label_from_cart_lid	get_bbs_cart_filename_ex.part.2
create_label_from_cart_lid	get_bbs_cart_filename_legacy
create_label_from_cart_lid	pico8_convert_bitmap
create_label_from_cart_lid	strlen@plt
create_label_from_cart_lid.part.6	__sprintf_chk@plt
create_label_from_cart_lid.part.6	__stack_chk_fail@plt
create_label_from_cart_lid.part.6	codo_create_bitmap
create_label_from_cart_lid.part.6	codo_destroy_bitmap
create_label_from_cart_lid.part.6	codo_load_png
create_label_from_cart_lid.part.6	codo_prefix_with_appdata_path
create_label_from_cart_lid.part.6	pico8_convert_bitmap
create_label_from_file	codo_blit
create_label_from_file	codo_create_bitmap
create_label_from_file	codo_destroy_bitmap
create_label_from_file	codo_load_pico8_cart
create_label_from_file	codo_load_png
create_label_from_file	codo_strcasestr
create_label_from_file	pico8_convert_bitmap
create_plist_file	__fprintf_chk@plt
create_plist_file	fopen@plt
create_undo_bmp_state	codo_create_buffer
create_undo_bmp_state	codo_fwrite
create_undo_bmp_state	codo_fwrite_int32
create_undo_sfx64_state	codo_create_buffer
create_undo_sfx64_state	codo_fwrite
create_undo_sfx64_state	codo_fwrite_int32
cstore_cart_partial	__sprintf_chk@plt
cstore_cart_partial	__stack_chk_fail@plt
cstore_cart_partial	__strcat_chk@plt
cstore_cart_partial	codo_create_pico8_cart
cstore_cart_partial	codo_destroy_pico8_cart
cstore_cart_partial	codo_save_pico8_cart
cstore_cart_partial	codo_strcasestr
cstore_cart_partial	codo_strcpy
cstore_cart_partial	load_pico8_cart_any_format
cstore_cart_partial	pico8_peek
cstore_cart_partial	pico8_poke
cstore_cart_partial	save_pico8_cart_png_ex
cstore_cart_partial	strstr@plt
ctext_duplicate_line	codo_backup_ctext
ctext_duplicate_line	codo_backup_ctext_if_editing_newline
ctext_duplicate_line	codo_malloc
ctext_duplicate_line	ctext_insert_text_ex
ctext_duplicate_line	memcpy@plt
ctext_insert_character	codo_backup_ctext
ctext_insert_character	codo_backup_ctext_if_editing_newline
ctext_insert_character	strchr@plt
ctext_insert_character	strlen@plt
ctext_insert_text	codo_free
ctext_insert_text	codo_malloc
ctext_insert_text	codo_memset
ctext_insert_text	memcpy@plt
ctext_insert_text	strlen@plt
ctext_insert_text_ex	codo_free
ctext_insert_text_ex	codo_malloc
ctext_insert_text_ex	codo_memset
ctext_insert_text_ex	memcpy@plt
ctext_insert_text_ex	strlen@plt
ctext_move_line	codo_calloc
ctext_move_line	codo_create_buffer
ctext_move_line	codo_free
ctext_move_line	codo_fwrite
ctext_move_line	codo_fwrite_int32
ctext_move_line	codo_push_undo_state
ctext_move_line	memcpy@plt
ctext_move_line	strlen@plt
ctext_remove_text	strlen@plt
ctext_search_for_bookmark	strstr@plt
ctext_search_for_line	__stack_chk_fail@plt
ctext_search_for_line	sscanf@plt
ctext_search_for_string.part.2	strlen@plt
ctext_search_for_string.part.2	strstr@plt
ctext_select_from_double_click	strchr@plt
ctext_select_from_double_click	strlen@plt
ctext_state_changed	strlen@plt
ctextfield_copy	codo_free
ctextfield_copy	codo_malloc
ctextfield_copy	codo_memset
ctextfield_copy	codo_set_clipboard_text
ctextfield_copy	codo_set_clipboard_text_preemptive
ctextfield_copy	convert_glyphs_to_escaped_ex
ctextfield_copy	memcpy@plt
ctextfield_delete_selected	codo_backup_ctext
ctextfield_delete_selected	codo_backup_ctext_if_editing_newline
ctextfield_delete_selected	strlen@plt
ctextfield_paste	codo_create_buffer
ctextfield_paste	codo_free
ctextfield_paste	codo_fwrite
ctextfield_paste	codo_fwrite_int32
ctextfield_paste	codo_get_clipboard_text
ctextfield_paste	codo_has_clipboard_text
ctextfield_paste	codo_push_undo_state
ctextfield_paste	convert_escaped_to_glyphs_ex
ctextfield_paste	ctext_insert_text_ex
ctextfield_paste	strlen@plt
cursor_cr	codo_blit
cursor_cr	codo_rectfill
db_debug	__fprintf_chk@plt
db_debug	__stack_chk_fail@plt
db_debug	fflush@plt
db_debug	fgets@plt
db_debug	fwrite@plt
db_debug	internshrstr
db_debug	luaC_barrier_
db_debug	luaD_protectedparser
db_debug	luaD_rawrunprotected.constprop.167
db_debug	luaD_shrinkstack
db_debug	luaF_close
db_debug	luaH_getint.part.53
db_debug	lua_tolstring.constprop.186
db_gethook	__stack_chk_fail@plt
db_gethook	index2addr
db_gethook	luaH_get
db_gethook	luaL_getsubtable.constprop.145
db_gethook	lua_pushlstring
db_gethook	lua_pushstring
db_getinfo	__stack_chk_fail@plt
db_getinfo	index2addr
db_getinfo	luaL_argerror
db_getinfo	luaL_optlstring.constprop.153
db_getinfo	luaV_tonumber.part.56
db_getinfo	lua_createtable.constprop.163
db_getinfo	lua_getinfo
db_getinfo	lua_pushfstring
db_getinfo	lua_pushstring
db_getinfo	lua_setfield.constprop.162
db_getinfo	lua_tointegerx
db_getinfo	lua_tolstring.constprop.186
db_getinfo	strchr@plt
db_getlocal	__stack_chk_fail@plt
db_getlocal	findlocal.isra.42.constprop.156
db_getlocal	index2addr
db_getlocal	luaL_argerror
db_getlocal	luaL_checkinteger
db_getlocal	lua_pushstring
db_getmetatable	luaL_argerror
db_getupvalue	__stack_chk_fail@plt
db_getupvalue	luaV_tonumber.part.56
db_getupvalue	lua_insert
db_getupvalue	lua_pushstring
db_getupvalue	tag_error
db_sethook	index2addr
db_sethook	luaL_getsubtable.constprop.145
db_sethook	luaL_optinteger
db_sethook	lua_pushstring
db_sethook	lua_rawset
db_sethook	lua_setfield.constprop.162
db_sethook	lua_setmetatable
db_sethook	lua_settop
db_sethook	lua_tolstring.constprop.187
db_sethook	strchr@plt
db_sethook	tag_error
db_setlocal	__stack_chk_fail@plt
db_setlocal	findlocal.isra.42.constprop.156
db_setlocal	index2addr
db_setlocal	luaL_argerror
db_setlocal	luaL_checkinteger
db_setlocal	lua_pushstring
db_setmetatable	luaL_argerror
db_setmetatable	lua_setmetatable
db_setupvalue	__stack_chk_fail@plt
db_setupvalue	luaL_argerror
db_setupvalue	luaL_checktype.constprop.173
db_setupvalue	luaV_tonumber.part.56
db_setupvalue	lua_insert
db_setupvalue	lua_pushstring
db_setupvalue	lua_setupvalue
db_setupvalue	tag_error
db_setuservalue	luaC_barrier_
db_setuservalue	luaL_argerror
db_setuservalue	luaL_checktype.constprop.173
db_setuservalue	tag_error
db_traceback	index2addr
db_traceback	luaL_optinteger
db_traceback	luaL_traceback
db_traceback	lua_tolstring.constprop.187
db_upvalueid	__stack_chk_fail@plt
db_upvalueid	luaL_argerror
db_upvalueid	luaL_checkinteger
db_upvalueid	lua_getinfo
db_upvalueid	tag_error
db_upvaluejoin	__stack_chk_fail@plt
db_upvaluejoin	luaC_barrier_
db_upvaluejoin	luaL_argerror
db_upvaluejoin	luaL_checkinteger
db_upvaluejoin	lua_getinfo
db_upvaluejoin	tag_error
dealias	strcmp@plt
debug_metacon_state	__printf_chk@plt
debug_metacon_state	puts@plt
debug_pattern_dat	__printf_chk@plt
debug_pattern_dat	codo_get_time
debug_pico8_channels	__sprintf_chk@plt
debug_pico8_channels	codo_draw_text
decodeGeneric	Adam7_getpassvalues
decodeGeneric	Crc32_update_crc.constprop.17
decodeGeneric	LodePNG_IText_add
decodeGeneric	LodePNG_InfoPng_cleanup
decodeGeneric	LodePNG_Text_add
decodeGeneric	LodePNG_append_chunk
decodeGeneric	LodePNG_chunk_check_crc
decodeGeneric	LodeZlib_decompress
decodeGeneric	__stack_chk_fail@plt
decodeGeneric	checkColorValidity
decodeGeneric	codo_free
decodeGeneric	codo_malloc
decodeGeneric	codo_realloc
decodeGeneric	memset@plt
decodeGeneric	ucvector_push_back
decodeGeneric	ucvector_resize.part.7
decodeGeneric	unfilter
decompress_mini	codo_memset
decompress_mini	strlen@plt
decompress_mini	strncpy@plt
decompress_mini	strstr@plt
deflateDynamic	HuffmanTree_makeFromFrequencies
deflateDynamic	__stack_chk_fail@plt
deflateDynamic	addBitToStream
deflateDynamic	codo_free
deflateDynamic	codo_realloc
deflateDynamic	encodeLZ77
deflateDynamic	uivector_push_back
deflateDynamic	writeLZ77data.isra.8
destroy_dbmp	codo_destroy_bitmap
destroy_print_buffer	codo_free
detect_external_changes	__stack_chk_fail@plt
detect_external_changes	apply_legacy_changes.part.0
detect_external_changes	codo_calloc
detect_external_changes	codo_destroy_pico8_cart
detect_external_changes	codo_free
detect_external_changes	codo_sha1
detect_external_changes	codo_strcpy
detect_external_changes	load_pico8_cart_any_format
detect_external_changes	save_pico8_cart_32k_ex.constprop.6
detect_external_changes	strcmp@plt
detect_external_changes	strlen@plt
detect_external_changes	sync_shared_gfx_to_map
detect_external_changes	sync_shared_map_to_gfx
detect_unsaved_changes	__stack_chk_fail@plt
detect_unsaved_changes	hash_cart.part.1
detect_unsaved_changes	merge_code_from_tabs
detect_unsaved_changes	strcmp@plt
determine_audio_pause_state	pico8_peek
disable_music	codo_lock_audio_plat
discharge2reg	luaK_code
discharge2reg	luaK_codek
discharge2reg	luaK_dischargevars
discharge2reg	luaK_nil
discharge2reg	luaK_numberK
display_system_volume	codo_get_time
display_system_volume	codo_strcpy
dl_on_load	codo_destroy_bitmap
dl_on_load	codo_file_exists
dl_on_load	codo_load_png
dl_on_load	codo_strcasestr
do_cls	codo_clear_bitmap
do_copy_patterns	convert_patterns_to_bbs_code
do_copy_patterns	memcpy@plt
do_copy_sfx	codo_create_bitmap
do_copy_sfx	codo_destroy_bitmap
do_copy_sfx	codo_getpixel
do_copy_sfx	codo_rectfill
do_copy_sfx	codo_set_clipboard_text
do_copy_sfxes	codo_memset
do_copy_sfxes	convert_sfxes_to_bbs_code
do_export	__printf_chk@plt
do_export	__stack_chk_fail@plt
do_export	codo_save_pico8_cart
do_export	codo_strcasestr
do_export	detect_unsaved_changes
do_export	export_bin
do_export	export_html
do_export	export_label_png
do_export	export_sfx
do_export	export_spritesheet_png
do_export	extract_parameters
do_export	merge_code_from_tabs
do_export	pico_print
do_export	prefix_with_file_output_path
do_export	save_code_png
do_export	save_map_png
do_export	save_pico8_cart_png_flattened
do_export	save_pico8_cart_rom
do_export	save_pico8_cart_rom_ex
do_export	strstr@plt
do_import	codo_blit
do_import	codo_create_bitmap
do_import	codo_destroy_bitmap
do_import	codo_getpixel
do_import	codo_load_png
do_import	codo_push_undo_state
do_import	codo_putpixel
do_import	codo_strcasestr
do_import	create_undo_bmp_state
do_import	extract_parameters
do_import	pico8_reload
do_import	pico_print
do_import	pico_print_2
do_import	resolve_to_host_filename
do_paste_patterns	memcmp@plt
do_paste_sfx	codo_getpixel
do_paste_sfxes	show_message_2
do_quick_load	__stack_chk_fail@plt
do_quick_load	apply_legacy_changes.part.0
do_quick_load	codo_calloc
do_quick_load	codo_destroy_pico8_cart
do_quick_load	codo_free
do_quick_load	codo_sha1
do_quick_load	codo_strcpy
do_quick_load	load_pico8_cart_any_format
do_quick_load	merge_code_from_tabs
do_quick_load	prepare_loaded_cart.part.4
do_quick_load	save_pico8_cart_32k_ex.constprop.6
do_quick_load	show_message
do_quick_load	strcmp@plt
do_quick_load	strlen@plt
do_quick_load	sync_shared_gfx_to_map
do_quick_load	sync_shared_map_to_gfx
do_quick_save	__sprintf_chk@plt
do_quick_save	__stack_chk_fail@plt
do_quick_save	codo_prefix_with_appdata_path
do_quick_save	codo_split_filename
do_quick_save	pico_print
do_quick_save	save_working_cart
do_quick_save	show_message
do_quick_save	strncmp@plt
do_quick_save	strstr@plt
do_scancode_tester	__printf_chk@plt
do_scancode_tester	__sprintf_chk@plt
do_scancode_tester	codo_blit_back_page
do_scancode_tester	codo_draw_text
do_scancode_tester	codo_draw_text_ex
do_scancode_tester	codo_get_key_name
do_scancode_tester	codo_get_mouse
do_scancode_tester	codo_handle_system_messages
do_scancode_tester	codo_init.part.2
do_scancode_tester	codo_process_gui
do_scancode_tester	codo_rectfill
do_scancode_tester	codo_set_screen
do_scancode_tester	codo_update_music_fading
do_scancode_tester	exit@plt
do_scancode_tester	putchar@plt
do_scancode_tester	puts@plt
download_bbs_cart	__isoc99_sscanf@plt
download_bbs_cart	__sprintf_chk@plt
download_bbs_cart	__stack_chk_fail@plt
download_bbs_cart	codo_create_thread
download_bbs_cart	codo_destroy_thread
download_bbs_cart	codo_get_time
download_bbs_cart	codo_strcpy
download_bbs_cart	get_bbs_cart_filename_ex.part.2
download_bbs_cart	get_bbs_cart_filename_legacy
download_bbs_cart	show_message
download_bbs_cart	strlen@plt
download_file	codo_create_thread
download_file	codo_get_time
download_file	codo_strcpy
download_list	__sprintf_chk@plt
download_list	__stack_chk_fail@plt
download_list	codo_create_thread
download_list	codo_get_time
download_list	codo_prefix_with_appdata_path
download_list	codo_strcpy
download_worker	codo_destroy_bitmap
download_worker	codo_file_exists
download_worker	codo_load_png
download_worker	codo_strcasestr
download_worker	codo_wget
draw_cart_comment	__stack_chk_fail@plt
draw_cart_comment	codo_draw_text_ex
draw_cart_menu	__sprintf_chk@plt
draw_cart_menu	__stack_chk_fail@plt
draw_cart_menu	codo_draw_sprite
draw_cart_menu	codo_draw_text_ex
draw_cart_menu	codo_get_windowed
draw_cart_menu	codo_reset_clip
draw_cart_menu	codo_set_clip
draw_cart_menu	codo_strcpy
draw_character	draw_hline
draw_character	scroll_immediate_mode_screen
draw_character	spend_cpu
draw_circle_editor	codo_putpixel
draw_code	__sprintf_chk@plt
draw_code	__stack_chk_fail@plt
draw_code	__strncpy_chk@plt
draw_code	codo_draw_sprite_col
draw_code	codo_draw_text_ex
draw_code	codo_get_time
draw_code	codo_is_app_active
draw_code	codo_line
draw_code	codo_rectfill
draw_code	codo_set_clip
draw_code	ctext_state_changed
draw_code	get_first_token
draw_code	get_next_token
draw_code	get_token
draw_code	get_token_color
draw_code	is_free_token
draw_code	strcmp@plt
draw_code	strlen@plt
draw_code	strncmp@plt
draw_code	strncpy@plt
draw_code_tab_preview	codo_draw_text_ex
draw_code_tab_preview	codo_get_gui_element
draw_code_tab_preview	codo_gui_cursor_element
draw_code_tab_preview	codo_rectfill
draw_code_tab_preview	get_nth_line_raw
draw_code_tab_preview	strlen@plt
draw_command_string.constprop.12	codo_draw_text_ex
draw_command_string.constprop.12	codo_rectfill
draw_command_string.part.2	codo_draw_text_ex
draw_command_string.part.2	codo_get_time
draw_command_string.part.2	codo_is_app_active
draw_command_string.part.2	codo_rectfill
draw_controls_button	__stack_chk_fail@plt
draw_controls_button	codo_draw_sprite
draw_controls_button	codo_draw_text_ex
draw_controls_button	player_button
draw_controls_button	player_key
draw_cpu_spinner	codo_get_time
draw_cpu_spinner	codo_putpixel
draw_cpu_spinner	codo_random
draw_cpu_spinner	codo_rectfill
draw_cpu_spinner	lua_get_cpu_cycles
draw_ctext	codo_draw_sprite_col
draw_ctext	codo_get_time
draw_ctext	codo_rectfill
draw_ctext	cpod_get_item
draw_ellipse_1_editor	codo_putpixel
draw_extpal_glitch	codo_get_time
draw_fillcircle	draw_hline
draw_fillcircle_editor	codo_line
draw_fillcircle_even	draw_hline
draw_filloval	draw_hline
draw_filloval	fill_ellipse_1
draw_filloval	fill_ellipse_1_32bit
draw_filloval_editor	codo_putpixel
draw_filloval_editor	fill_ellipse_1_editor
draw_help_tip	__stack_chk_fail@plt
draw_help_tip	codo_draw_text_ex
draw_help_tip	codo_get_gui_element
draw_help_tip	codo_gui_cursor_element
draw_help_tip	codo_rectfill
draw_line_editor	codo_putpixel
draw_oval	draw_ellipse_1
draw_oval_editor	codo_putpixel
draw_oval_editor	draw_ellipse_1_editor
draw_paused_controls_menu	__sprintf_chk@plt
draw_paused_controls_menu	__stack_chk_fail@plt
draw_paused_controls_menu	codo_count_joysticks
draw_paused_controls_menu	codo_draw_sprite
draw_paused_controls_menu	codo_draw_text_ex
draw_paused_controls_menu	codo_get_key_name
draw_paused_controls_menu	codo_get_mouse
draw_paused_controls_menu	codo_rect
draw_paused_controls_menu	codo_strcpy
draw_paused_controls_menu	draw_tinted_rect_adaptive
draw_paused_controls_menu	player_button
draw_paused_controls_menu	player_key
draw_paused_controls_menu	strlen@plt
draw_paused_menu	codo_draw_sprite
draw_paused_menu	codo_draw_sprite_col
draw_paused_menu	codo_draw_text_ex
draw_paused_menu	codo_get_time
draw_paused_menu	codo_rect
draw_paused_menu	draw_tinted_rect_adaptive
draw_paused_menu	fcos
draw_paused_menu	is_favourite
draw_resource_data	__sprintf_chk@plt
draw_resource_data	codo_draw_text_ex
draw_resource_data	codo_get_key_state
draw_resource_data	codo_putpixel
draw_resource_data	codo_reset_clip
draw_resource_data	codo_set_clip
draw_resource_data	draw_tinted_rect_adaptive
draw_sfx_note	__sprintf_chk@plt
draw_sfx_note	codo_draw_text_ex
draw_sfx_note	codo_get_sfx_playing_note
draw_sfx_note	codo_getpixel
draw_sfx_note	codo_putpixel
draw_sfx_note	codo_rectfill
draw_tinted_rect_adaptive	__stack_chk_fail@plt
draw_tinted_rect_adaptive	codo_get_key_state
draw_tiny_num	codo_draw_sprite
draw_tline	codo_getpixel
draw_tline	map_getpixel
draw_tline	pico8_peek
draw_tv_frame	codo_blit
draw_tv_frame	codo_clear_bitmap
draw_tv_frame	codo_create_bitmap
draw_tv_frame	codo_getpixel
draw_tv_frame	codo_line
draw_tv_frame	codo_putpixel
draw_tv_frame	codo_set_palette
encodeLZ77	codo_free
encodeLZ77	codo_realloc
encodeLZ77	memset@plt
entersweep	sweeplist.constprop.203
errfile	__errno_location@plt
errfile	index2addr
errfile	lua_pushfstring
errfile	lua_tolstring.constprop.187
errfile	strerror@plt
error.isra.128	luaD_throw
error.isra.128	luaO_pushfstring
error_expected	luaO_pushfstring
error_expected	luaX_syntaxerror
error_expected	luaX_token2str
error_pico_print_col	codo_allocate_buffer_size
error_pico_print_col	codo_create_buffer
error_pico_print_col	pico_print_col
error_pico_print_col	strcat@plt
error_pico_print_col	strlen@plt
escerror	lexerror
escerror	save
evaluate_synth_node	__stack_chk_fail@plt
evaluate_synth_node	apply_synth_filter_delay
evaluate_synth_node	apply_synth_filter_lphp
evaluate_synth_node	apply_synth_filter_mix
evaluate_synth_node	codo_calloc
evaluate_synth_node	codo_fdiv
evaluate_synth_node	codo_fmul
evaluate_synth_node	codo_free
evaluate_synth_node	codo_random
evaluate_synth_node	evaluate_synth_node
evaluate_synth_node	get_delta
evaluate_synth_node	sin@plt
exp2reg	discharge2reg
exp2reg	luaK_code
exp2reg	luaK_concat.part.108
exp2reg	luaK_jump
exp2reg	patchlistaux
explist	llex
explist	luaK_exp2nextreg
explist	subexpr
export_bin	__fprintf_chk@plt
export_bin	__sprintf_chk@plt
export_bin	__stack_chk_fail@plt
export_bin	__strcat_chk@plt
export_bin	add_to_zip_file.part.1
export_bin	chmod@plt
export_bin	codo_blit
export_bin	codo_blit_back_page
export_bin	codo_clear_bitmap
export_bin	codo_create_bitmap
export_bin	codo_destroy_bitmap
export_bin	codo_destroy_pod
export_bin	codo_fclose
export_bin	codo_fopen
export_bin	codo_fwrite
export_bin	codo_getpixel
export_bin	codo_handle_messages
export_bin	codo_load_pod_file
export_bin	codo_mkdir
export_bin	codo_putpixel
export_bin	codo_save_png
export_bin	codo_save_pod
export_bin	codo_split_filename
export_bin	codo_strcpy
export_bin	codo_stretch_blit
export_bin	extract_parameters
export_bin	fclose@plt
export_bin	fopen@plt
export_bin	generate_dat_file
export_bin	generate_shadow
export_bin	inject_windows_icon
export_bin	mz_set_force_create_new_file
export_bin	pico8_convert_bitmap
export_bin	pico_print
export_bin	pico_print_2
export_bin	pico_print_col
export_bin	save_extras.part.2
export_bin	save_icns
export_bin	save_osx_framework
export_html	__fprintf_chk@plt
export_html	__sprintf_chk@plt
export_html	__stack_chk_fail@plt
export_html	__strcat_chk@plt
export_html	base64_encode_block
export_html	base64_encode_blockend
export_html	base64_init_encodestate
export_html	codo_calloc
export_html	codo_debug
export_html	codo_destroy_pico8_cart
export_html	codo_fclose
export_html	codo_fopen
export_html	codo_fread
export_html	codo_free
export_html	codo_fwrite
export_html	codo_load_file
export_html	codo_load_pod_file
export_html	codo_malloc
export_html	codo_memset
export_html	codo_mkdir
export_html	codo_prefix_with_appdata_path
export_html	codo_resolve_filename
export_html	codo_save_png
export_html	codo_set_palette
export_html	codo_split_filename
export_html	codo_split_filename_ex
export_html	codo_strcasestr
export_html	codo_strcpy
export_html	extract_parameters
export_html	fputc@plt
export_html	fwrite@plt
export_html	load_pico8_cart_any_format
export_html	pico_print
export_html	pico_print_2
export_html	pico_print_col
export_html	save_pico8_cart_32k_flattened
export_html	strlen@plt
export_html	strstr@plt
export_label_png.part.0	__sprintf_chk@plt
export_label_png.part.0	__stack_chk_fail@plt
export_label_png.part.0	codo_save_png
export_label_png.part.0	codo_split_filename
export_label_png.part.0	pico_print
export_raw	cmusic_stop
export_raw	codo_free
export_raw	codo_fwrite
export_raw	codo_lock_audio
export_raw	codo_malloc
export_raw	codo_mixer_callback_0
export_raw	codo_music_is_playing
export_raw	codo_play_pico8_song
export_raw	codo_play_sfx
export_raw	codo_stop_all_sounds
export_raw	pico_print_2
export_sfx	__sprintf_chk@plt
export_sfx	__stack_chk_fail@plt
export_sfx	codo_fclose
export_sfx	codo_fopen
export_sfx	codo_strcasestr
export_sfx	export_raw
export_sfx	export_wav
export_sfx	pico_print
export_sfx	strstr@plt
export_spritesheet_png	__sprintf_chk@plt
export_spritesheet_png	__stack_chk_fail@plt
export_spritesheet_png	codo_create_bitmap
export_spritesheet_png	codo_destroy_bitmap
export_spritesheet_png	codo_getpixel
export_spritesheet_png	codo_putpixel
export_spritesheet_png	codo_save_png
export_spritesheet_png	codo_split_filename
export_spritesheet_png	pico8_convert_bitmap
export_spritesheet_png	pico8_cstore
export_spritesheet_png	pico_print
export_wav	codo_audio_end
export_wav	codo_create_buffer
export_wav	codo_fclose
export_wav	codo_fopen
export_wav	codo_fwrite
export_wav	export_raw
extpal_blit	__stack_chk_fail@plt
extract_label_palette	__stack_chk_fail@plt
extract_parameters	__isoc99_sscanf@plt
extract_parameters	free@plt
extract_parameters	malloc@plt
extract_parameters	memcpy@plt
extract_parameters	memset@plt
extract_parameters	pico_print
extract_parameters	strlen@plt
extract_parameters	strncpy@plt
extract_parameters	strtok@plt
extract_runtime_error	codo_allocate_buffer_size
extract_runtime_error	codo_calloc
extract_runtime_error	codo_create_buffer
extract_runtime_error	codo_strcpy
extract_runtime_error	pico_print_col
extract_runtime_error	strcat@plt
extract_runtime_error	strlen@plt
extract_runtime_error	strstr@plt
extract_syntax_error	__isoc99_sscanf@plt
extract_syntax_error	__sprintf_chk@plt
extract_syntax_error	__stack_chk_fail@plt
extract_syntax_error	codo_allocate_buffer_size
extract_syntax_error	codo_create_buffer
extract_syntax_error	codo_free
extract_syntax_error	codo_malloc
extract_syntax_error	codo_strcpy
extract_syntax_error	ctext_bound_scrolling_to_cursor
extract_syntax_error	ctext_get_line_number_for_pos
extract_syntax_error	ctext_get_pos_for_line_number
extract_syntax_error	pico_print_col
extract_syntax_error	set_code_tab
extract_syntax_error	strcat@plt
extract_syntax_error	strlen@plt
extract_syntax_error	strncpy@plt
extract_syntax_error	strstr@plt
f_luaopen	__stack_chk_fail@plt
f_luaopen	internshrstr
f_luaopen	luaH_get
f_luaopen	luaH_new
f_luaopen	luaH_newkey
f_luaopen	luaH_setint
f_luaopen	luaM_realloc_
f_luaopen	luaM_realloc_.constprop.195
f_luaopen	luaS_newlstr
f_luaopen	luaS_resize
f_luaopen	strlen@plt
f_parser	luaC_barrier_
f_parser	luaD_throw
f_parser	luaM_realloc_
f_parser	luaO_pushfstring
f_parser	luaU_undump
f_parser	luaY_parser
f_parser	luaZ_fill
f_parser	strchr@plt
fieldsel	__stack_chk_fail@plt
fieldsel	addk
fieldsel	error_expected
fieldsel	llex
fieldsel	luaK_exp2RK
fieldsel	luaK_exp2anyreg
fill_ellipse_1	draw_hline
fill_ellipse_1_32bit	draw_hline
fill_ellipse_1_editor	codo_hline
filter.isra.12	__stack_chk_fail@plt
filter.isra.12	codo_free
filter.isra.12	codo_realloc
find_item_index	strcmp@plt
find_multiline_end	__memcpy_chk@plt
find_multiline_end	__stack_chk_fail@plt
find_multiline_end	strstr@plt
find_tab_content	strlen@plt
find_tab_content	strstr@plt
find_tab_line	__sprintf_chk@plt
find_tab_line	codo_calloc
find_tab_line	codo_free
find_tab_line	ctext_get_line_number_for_pos
find_tab_line	included_end
find_tab_line	included_name
find_tab_line	included_start
find_tab_line	last_included_files
find_tab_line	pico8_flatten_includes
find_tab_line	pico_print_col
findfield	findfield
findfield	findindex
findfield	lua_concat
findfield	lua_insert
findfield	lua_pushlstring
findfield	lua_rawequal
findfield	lua_remove.constprop.177
findgotos	closegoto.isra.125
findgotos	memcmp@plt
findindex	luaG_runerror
findindex	luaV_equalobj_
findindex	mainposition
findlabel	closegoto.isra.125
findlabel	luaK_patchclose
findlabel	memcmp@plt
findloader	__stack_chk_fail@plt
findloader	luaD_call.constprop.198
findloader	luaH_getint.part.53
findloader	luaL_addvalue
findloader	luaL_error
findloader	luaL_pushresult
findloader	lua_getfield
findloader	lua_pushstring
findloader	lua_tolstring.constprop.186
flush_activity_log_buffer.part.1	__stack_chk_fail@plt
flush_activity_log_buffer.part.1	codo_prefix_with_appdata_path
flush_activity_log_buffer.part.1	fclose@plt
flush_activity_log_buffer.part.1	fopen@plt
flush_activity_log_buffer.part.1	fwrite@plt
flush_activity_log_buffer.part.1	strlen@plt
follow_current_breadcrumb	codo_strcpy
follow_current_breadcrumb	load_working_cart
forbody	__stack_chk_fail@plt
forbody	block
forbody	checknext
forbody	leaveblock
forbody	luaK_code
forbody	luaK_concat.part.108
forbody	luaK_jump
forbody	luaK_reserveregs
forbody	patchlistaux
fsqrt_Bakhsali	spend_cpu
funcargs	__stack_chk_fail@plt
funcargs	addk
funcargs	check_match
funcargs	constructor
funcargs	explist
funcargs	luaK_code
funcargs	luaK_exp2nextreg
funcargs	luaK_setreturns
funcargs	luaX_next.part.119
funcargs	luaX_syntaxerror
gctm	luaL_len
gctm	lua_rawgeti.constprop.175
generateFixedTree	HuffmanTree_makeFromLengths2
generateFixedTree	codo_free
generateFixedTree	codo_realloc
generate_cart_menu	__sprintf_chk@plt
generate_cart_menu	codo_strcpy
generate_dat_file	__sprintf_chk@plt
generate_dat_file	__stack_chk_fail@plt
generate_dat_file	codo_allocate_buffer_size
generate_dat_file	codo_create_buffer
generate_dat_file	codo_create_pod
generate_dat_file	codo_resolve_filename
generate_dat_file	codo_save_pico8_cart_to_file
generate_dat_file	codo_save_pod_file
generate_dat_file	codo_split_filename
generate_dat_file	codo_split_filename_ex
generate_dat_file	codo_strcpy
generate_dat_file	cpod_add_item
generate_dat_file	load_pico8_cart_any_format
generate_dat_file	pico_print
generate_dat_file	pico_print_2
generate_dat_file	pico_print_col
generate_dat_file	save_pico8_cart_32k_flattened
generate_patch.isra.0	codo_create_buffer
generate_patch.isra.0	codo_fwrite
generate_patch.isra.0	codo_fwrite_int32
generate_patch.isra.0	codo_fwrite_uint32
generate_patch.isra.0	codo_fwrite_uint8
generate_sfx_inst_note	puts@plt
generate_shadow	codo_blit
generate_shadow	codo_create_bitmap
generate_shadow	codo_getpixel
generate_shadow	codo_putpixel
generate_zip_file	mz_set_force_create_new_file
generic_reader	luaD_call.constprop.198
generic_reader	luaL_error
generic_reader	lua_checkstack
getF	feof@plt
getF	fread@plt
get_bbs_cart_filename	__isoc99_sscanf@plt
get_bbs_cart_filename	__stack_chk_fail@plt
get_bbs_cart_filename	get_bbs_cart_filename_ex.part.2
get_bbs_cart_filename	get_bbs_cart_filename_legacy
get_bbs_cart_filename	strlen@plt
get_bbs_cart_filename_ex	__isoc99_sscanf@plt
get_bbs_cart_filename_ex	__stack_chk_fail@plt
get_bbs_cart_filename_ex	get_bbs_cart_filename_ex.part.2
get_bbs_cart_filename_ex	get_bbs_cart_filename_legacy
get_bbs_cart_filename_ex	strlen@plt
get_bbs_cart_filename_ex.part.2	__sprintf_chk@plt
get_bbs_cart_filename_ex.part.2	__stack_chk_fail@plt
get_bbs_cart_filename_ex.part.2	codo_mkdir
get_bbs_cart_filename_ex.part.2	codo_prefix_with_appdata_path
get_bbs_cart_filename_legacy	__sprintf_chk@plt
get_bbs_cart_filename_legacy	__stack_chk_fail@plt
get_bbs_cart_filename_legacy	codo_mkdir
get_bbs_cart_filename_legacy	codo_prefix_with_appdata_path
get_bbs_cart_filename_nfo	__isoc99_sscanf@plt
get_bbs_cart_filename_nfo	__stack_chk_fail@plt
get_bbs_cart_filename_nfo	get_bbs_cart_filename_ex.part.2
get_bbs_cart_filename_nfo	get_bbs_cart_filename_legacy
get_bbs_cart_filename_nfo	strlen@plt
get_bbs_cart_url	__sprintf_chk@plt
get_bbs_cart_url	strlen@plt
get_boot_fps	codo_get_time
get_char_cat	strchr@plt
get_code_char_count	strlen@plt
get_code_compressed_size	codo_free
get_code_compressed_size	codo_get_time
get_code_compressed_size	codo_malloc
get_code_compressed_size	merge_code_from_tabs
get_code_compressed_size	pxa_compress
get_code_compressed_size	strlen@plt
get_code_percent	codo_free
get_code_percent	codo_get_time
get_code_percent	codo_malloc
get_code_percent	merge_code_from_tabs
get_code_percent	pxa_compress
get_code_percent	strlen@plt
get_dest_rect	SDL_GetWindowSize@plt
get_dest_rect	SDL_SetHint@plt
get_dest_rect	__stack_chk_fail@plt
get_dest_rect	codo_get_pixel_perfect
get_embedded_cart_filename_for_hash	strcmp@plt
get_embedded_cart_hash_for_filename	__sprintf_chk@plt
get_embedded_cart_hash_for_filename	__stack_chk_fail@plt
get_embedded_cart_hash_for_filename	__strcat_chk@plt
get_embedded_cart_hash_for_filename	codo_split_filename
get_embedded_cart_hash_for_filename	codo_strcasestr
get_embedded_cart_hash_for_filename	codo_strcpy
get_embedded_cart_hash_for_filename	strcmp@plt
get_equalTM.isra.98.constprop.200	luaT_gettm
get_equalTM.isra.98.constprop.200	luaV_equalobj_
get_first_token	get_next_token_0
get_first_token	init_keyword_hash_table.part.2
get_icon_for_item	codo_strcasestr
get_include_filename	__isoc99_sscanf@plt
get_include_filename	__sprintf_chk@plt
get_include_filename	__stack_chk_fail@plt
get_include_filename	__strcpy_chk@plt
get_include_filename	codo_split_filename
get_include_filename	codo_trim
get_include_filename	strcat@plt
get_include_filename	strchr@plt
get_include_filename	strncpy@plt
get_lid_from_filename	__stack_chk_fail@plt
get_lid_from_filename	codo_strcasestr
get_lid_from_filename	codo_strcpy
get_next_token	get_next_token_0
get_next_token_0	__memcpy_chk@plt
get_next_token_0	__stack_chk_fail@plt
get_next_token_0	strcmp@plt
get_next_token_0	strlen@plt
get_next_token_0	strstr@plt
get_nth_line_ex	codo_calloc
get_nth_line_ex	codo_free
get_nth_line_ex	codo_malloc
get_nth_line_ex	codo_strcpy
get_nth_line_ex	pico8_flatten_includes
get_nth_line_ex	strlen@plt
get_output_file_name_base	__stack_chk_fail@plt
get_output_file_name_base	codo_split_filename
get_output_file_name_base	codo_strcpy
get_output_filename	__sprintf_chk@plt
get_output_filename	__stack_chk_fail@plt
get_output_filename	__strcpy_chk@plt
get_output_filename	codo_file_exists
get_output_filename	codo_prefix_with_desktop_path
get_output_filename	get_output_file_name_base
get_output_filename	prefix_with_file_output_path
get_output_filename	strchr@plt
get_p8l_log_file_name	strlen@plt
get_p8l_log_file_name.part.18	__stack_chk_fail@plt
get_p8l_log_file_name.part.18	__strcat_chk@plt
get_p8l_log_file_name.part.18	codo_prefix_with_desktop_path
get_p8l_log_file_name.part.18	codo_split_filename
get_p8l_log_file_name.part.18	codo_strcpy
get_p8l_log_file_name.part.18	prefix_with_file_output_path
get_p8l_log_file_name.part.18	strcmp@plt
get_p8l_log_file_name.part.18	strstr@plt
get_pico8_line	find_tab_line
get_pico8_tab	__stack_chk_fail@plt
get_pico8_tab	find_tab_line
get_repeat_delay	pico8_peek
get_repeat_delay_2	pico8_peek
get_sandboxed_cstore_filename	__strcat_chk@plt
get_sandboxed_cstore_filename	pico8_prefix_with_cstore_path
get_tile_col	__stack_chk_fail@plt
get_title_from_filename	codo_split_filename
get_title_from_filename	strlen@plt
getfield	__stack_chk_fail@plt
getfield	luaL_error
getfield	luaV_tonumber.part.56
getfield	lua_getfield
getobjname	kname
getp_col	lua_gettop
getp_col	lua_tonumberx
gif_free_all	free@plt
gif_malloc	calloc@plt
gmatch	luaC_newobj.constprop.194
gmatch	luaC_step
gmatch	lua_tolstring
gmatch	lua_tolstring.constprop.187
gmatch	tag_error
gmatch_aux	__stack_chk_fail@plt
gmatch_aux	index2addr
gmatch_aux	luaC_barrier_
gmatch_aux	lua_tointegerx
gmatch_aux	lua_tolstring
gmatch_aux	match
gmatch_aux	push_captures
gotostat	internshrstr
gotostat	llex
gotostat	luaM_growaux_
gotostat	str_checkname
handle_dropped_file	backup_gfx
handle_dropped_file	codo_blit
handle_dropped_file	codo_create_bitmap
handle_dropped_file	codo_destroy_bitmap
handle_dropped_file	codo_destroy_buffer
handle_dropped_file	codo_destroy_pico8_cart
handle_dropped_file	codo_load_file
handle_dropped_file	codo_load_png
handle_dropped_file	codo_strcasestr
handle_dropped_file	load_pico8_cart_any_format
handle_dropped_file	pico8_convert_bitmap_to_screen_pal
handle_dropped_file	pico_print
handle_dropped_file	run_program
handle_dropped_file	serial_set_dropped_file
handle_dropped_file	serial_set_dropped_image_file
handle_dropped_file	show_message
handle_dropped_file	store_command
handle_dropped_file	suspend_program
hash_cart.part.1	__stack_chk_fail@plt
hash_cart.part.1	codo_calloc
hash_cart.part.1	codo_free
hash_cart.part.1	codo_sha1
hash_cart.part.1	codo_strcpy
hash_cart.part.1	save_pico8_cart_32k_ex.constprop.6
hash_cart.part.1	strlen@plt
hookf	luaH_get
hookf	luaL_getsubtable.constprop.145
hookf	lua_pushstring
inclinenumber	luaX_syntaxerror
inclinenumber	luaZ_fill
init_bitwise_font	codo_memset
init_editor_state	invalidate_capacity_cache
init_keyword_hash_table.part.2	__printf_chk@plt
init_keyword_hash_table.part.2	__sprintf_chk@plt
init_keyword_hash_table.part.2	codo_debug
init_keyword_hash_table.part.2	codo_strcpy
init_keyword_hash_table.part.2	exit@plt
init_keyword_hash_table.part.2	memset@plt
init_path.part.1	__stack_chk_fail@plt
init_path.part.1	codo_find_close
init_path.part.1	codo_find_first
init_path.part.1	codo_prefix_with_appdata_path
initiate_search	__sprintf_chk@plt
initiate_search	codo_strcpy
initiate_search	download_list
inject_p8_extention	codo_strcasestr
inject_p8_extention	codo_strcpy
inject_p8_extention.part.2	__sprintf_chk@plt
inject_p8_extention.part.2	__stack_chk_fail@plt
inject_p8_extention.part.2	codo_split_filename
inject_p8_extention.part.2	codo_strcasestr
inject_windows_icon	codo_getpixel
install_demo_carts	__sprintf_chk@plt
install_demo_carts	__stack_chk_fail@plt
install_demo_carts	__strcat_chk@plt
install_demo_carts	codo_destroy_pod
install_demo_carts	codo_fclose
install_demo_carts	codo_fopen
install_demo_carts	codo_fwrite
install_demo_carts	codo_load_pod_file
install_demo_carts	codo_mkdir
install_demo_carts	pico_print
install_demo_carts	pico_print_col
install_preloaded_bbs_carts	__sprintf_chk@plt
install_preloaded_bbs_carts	__stack_chk_fail@plt
install_preloaded_bbs_carts	__strcat_chk@plt
install_preloaded_bbs_carts	codo_destroy_pod
install_preloaded_bbs_carts	codo_fclose
install_preloaded_bbs_carts	codo_fopen
install_preloaded_bbs_carts	codo_fwrite
install_preloaded_bbs_carts	codo_load_pod_file
install_preloaded_bbs_carts	codo_mkdir
install_preloaded_bbs_carts	codo_prefix_with_appdata_path
install_preloaded_bbs_carts	codo_strcpy
install_preloaded_bbs_carts	get_bbs_cart_filename
install_preloaded_bbs_carts	pico_print
install_preloaded_bbs_carts	pico_print_col
internshrstr	luaM_realloc_
internshrstr	luaS_resize
internshrstr	memcmp@plt
internshrstr	memcpy@plt
ipairsaux	luaL_checktype.constprop.173
ipairsaux	lua_rawgeti.constprop.175
ipairsaux	lua_tonumberx
is_bbs_cart_file	__stack_chk_fail@plt
is_bbs_cart_file	codo_prefix_with_appdata_path
is_bbs_cart_file	strstr@plt
is_favourite	strcmp@plt
keyconfig_draw	__sprintf_chk@plt
keyconfig_draw	codo_draw_sprite
keyconfig_draw	codo_draw_text_ex
keyconfig_draw	codo_get_key_name
keyconfig_draw	codo_rectfill
keyconfig_keypress	keyconfig_draw
keyconfig_update	codo_get_key_state
keyconfig_update	codo_keypressed
keyconfig_update	codo_readkey
kname	getobjname
l_alloc	free@plt
leaveblock	__stack_chk_fail@plt
leaveblock	find_tab_line
leaveblock	findgotos
leaveblock	findlabel
leaveblock	internshrstr
leaveblock	luaK_concat.part.108
leaveblock	luaK_jump
leaveblock	luaK_patchclose
leaveblock	luaM_growaux_
leaveblock	luaO_pushfstring
leaveblock	luaX_syntaxerror
lexerror	luaD_throw
lexerror	luaO_chunkid
lexerror	luaO_pushfstring
lexerror	luaX_token2str
lexerror	save
ll_loadlib	lua_getfield
ll_loadlib	lua_insert
ll_loadlib	lua_pushlstring
ll_loadlib	lua_pushstring
ll_loadlib	lua_tolstring
ll_loadlib	lua_tolstring.constprop.187
ll_loadlib	tag_error
ll_require	findloader
ll_require	luaD_call.constprop.198
ll_require	luaL_checklstring.constprop.154
ll_require	lua_getfield
ll_require	lua_insert
ll_require	lua_pushstring
ll_require	lua_setfield
ll_require	lua_toboolean
ll_searchpath	luaL_optlstring.constprop.153
ll_searchpath	lua_insert
ll_searchpath	lua_tolstring
ll_searchpath	lua_tolstring.constprop.187
ll_searchpath	searchpath
ll_searchpath	tag_error
llex	__ctype_b_loc@plt
llex	__stack_chk_fail@plt
llex	check_next
llex	escerror
llex	inclinenumber
llex	lexerror
llex	localeconv@plt
llex	luaO_str2d
llex	luaX_newstring
llex	luaZ_fill
llex	read_long_string
llex	save
llex	skip_sep
load_cdata	__isoc99_sscanf@plt
load_cdata	__sprintf_chk@plt
load_cdata	__stack_chk_fail@plt
load_cdata	codo_fclose
load_cdata	codo_fopen
load_cdata	codo_fread
load_cdata	codo_memset
load_cdata	codo_strcpy
load_cdata	pico8_runtime_error
load_cdata	strlen@plt
load_data_from_url	__stack_chk_fail@plt
load_data_from_url	base64_decode_block
load_data_from_url	base64_decode_value
load_data_from_url	base64_init_decodestate
load_data_from_url	codo_calloc
load_data_from_url	codo_free
load_data_from_url	codo_memset
load_data_from_url	decompress_mini
load_data_from_url	split_code_to_tabs
load_data_from_url	strlen@plt
load_data_from_url	sync_shared_gfx_to_map
load_included_text	__sprintf_chk@plt
load_included_text	codo_calloc
load_included_text	codo_create_buffer
load_included_text	codo_fclose
load_included_text	codo_fopen
load_included_text	codo_fread
load_included_text	codo_free
load_included_text	codo_fwrite
load_included_text	codo_fwrite_uint8
load_included_text	convert_escaped_to_glyphs
load_included_text	load_pico8_cart_any_format
load_included_text	pico_print_2_col
load_included_text	strlen@plt
load_included_text	strstr@plt
load_pico8_cart_32k	codo_malloc
load_pico8_cart_32k	codo_memset
load_pico8_cart_32k	is_compressed_format_header
load_pico8_cart_32k	pico8_poke
load_pico8_cart_any_format	codo_create_pico8_cart
load_pico8_cart_any_format	codo_fclose
load_pico8_cart_any_format	codo_fopen
load_pico8_cart_any_format	codo_fwrite_uint8
load_pico8_cart_any_format	codo_load_file
load_pico8_cart_any_format	codo_load_pico8_cart
load_pico8_cart_any_format	codo_malloc
load_pico8_cart_any_format	codo_memset
load_pico8_cart_any_format	codo_strcasestr
load_pico8_cart_any_format	create_label_from_file
load_pico8_cart_any_format	decompress_mini
load_pico8_cart_any_format	is_compressed_format_header
load_pico8_cart_any_format	load_pico8_cart_png_from_file
load_pico8_cart_any_format	memcpy@plt
load_pico8_cart_any_format	pico8_poke
load_pico8_cart_hex	__isoc99_sscanf@plt
load_pico8_cart_hex	__stack_chk_fail@plt
load_pico8_cart_hex	codo_create_pico8_cart
load_pico8_cart_hex	codo_fopen
load_pico8_cart_hex	codo_fread
load_pico8_cart_hex	codo_free
load_pico8_cart_hex	codo_malloc
load_pico8_cart_hex	memset@plt
load_pico8_cart_hex	pico8_poke
load_pico8_cart_js	__isoc99_sscanf@plt
load_pico8_cart_js	__stack_chk_fail@plt
load_pico8_cart_js	codo_create_pico8_cart
load_pico8_cart_js	codo_destroy_buffer
load_pico8_cart_js	codo_free
load_pico8_cart_js	codo_load_file
load_pico8_cart_js	codo_malloc
load_pico8_cart_js	codo_memset
load_pico8_cart_js	decompress_mini
load_pico8_cart_js	is_compressed_format_header
load_pico8_cart_js	memcpy@plt
load_pico8_cart_js	pico8_poke
load_pico8_cart_js	strstr@plt
load_pico8_cart_lua	__sprintf_chk@plt
load_pico8_cart_lua	codo_calloc
load_pico8_cart_lua	codo_create_pico8_cart
load_pico8_cart_lua	codo_fclose
load_pico8_cart_lua	codo_fopen
load_pico8_cart_lua	codo_fread
load_pico8_cart_lua	codo_free
load_pico8_cart_lua	codo_strcpy
load_pico8_cart_lua	convert_escaped_to_glyphs
load_pico8_cart_lua	strlen@plt
load_pico8_cart_png	codo_fclose
load_pico8_cart_png	codo_fopen
load_pico8_cart_png	create_label_from_file
load_pico8_cart_png	load_pico8_cart_png_from_file
load_pico8_cart_png_from_file	__isoc99_sscanf@plt
load_pico8_cart_png_from_file	__sprintf_chk@plt
load_pico8_cart_png_from_file	__stack_chk_fail@plt
load_pico8_cart_png_from_file	codo_create_pico8_cart
load_pico8_cart_png_from_file	codo_destroy_bitmap
load_pico8_cart_png_from_file	codo_load_png_from_file
load_pico8_cart_png_from_file	codo_malloc
load_pico8_cart_png_from_file	codo_memset
load_pico8_cart_png_from_file	codo_sha1
load_pico8_cart_png_from_file	decompress_mini
load_pico8_cart_png_from_file	is_compressed_format_header
load_pico8_cart_png_from_file	memcpy@plt
load_pico8_cart_png_from_file	pico8_poke
load_pico8_cart_png_from_file	pico_print
load_pico8_cart_png_from_file	show_message
load_pico8_cart_rom	codo_create_pico8_cart
load_pico8_cart_rom	codo_fclose
load_pico8_cart_rom	codo_fwrite_uint8
load_pico8_cart_rom	codo_load_file
load_pico8_cart_rom	codo_malloc
load_pico8_cart_rom	codo_memset
load_pico8_cart_rom	decompress_mini
load_pico8_cart_rom	is_compressed_format_header
load_pico8_cart_rom	memcpy@plt
load_pico8_cart_rom	pico8_poke
load_working_cart	__sprintf_chk@plt
load_working_cart	__stack_chk_fail@plt
load_working_cart	__strcat_chk@plt
load_working_cart	codo_split_filename
load_working_cart	codo_strcasestr
load_working_cart	codo_strcpy
load_working_cart	load_pico8_cart_any_format
load_working_cart	prepare_loaded_cart.part.4
loadfunc	luaL_gsub
loadfunc	lua_getfield
loadfunc	lua_pushfstring
loadfunc	lua_pushlstring
loadfunc	strchr@plt
log_activity	__sprintf_chk@plt
log_activity	__stack_chk_fail@plt
log_activity	codo_calloc
log_activity	codo_get_any_key_down
log_activity	codo_get_datetime
log_activity	codo_get_mouse
log_activity	codo_get_time
log_activity	codo_strcpy
log_activity	flush_activity_log_buffer.part.1
log_activity	strlen@plt
log_activity	strncmp@plt
log_system_info	SDLTest_PrintRenderer
log_system_info	SDL_GetCurrentVideoDriver@plt
log_system_info	SDL_GetDisplayMode@plt
log_system_info	SDL_GetDisplayName@plt
log_system_info	SDL_GetNumDisplayModes@plt
log_system_info	SDL_GetNumRenderDrivers@plt
log_system_info	SDL_GetNumVideoDisplays@plt
log_system_info	SDL_GetNumVideoDrivers@plt
log_system_info	SDL_GetRenderDriverInfo@plt
log_system_info	SDL_GetVideoDriver@plt
log_system_info	__fprintf_chk@plt
log_system_info	__sprintf_chk@plt
log_system_info	__stack_chk_fail@plt
log_system_info	codo_debug
log_system_info	fwrite@plt
logf	log@plt
luaB_assert	luaL_error
luaB_assert	luaL_optlstring.constprop.153
luaB_assert	lua_tolstring.constprop.187
luaB_assert	pico8_assert_message
luaB_auxwrap	auxresume
luaB_auxwrap	index2addr
luaB_auxwrap	luaG_errormsg
luaB_auxwrap	luaL_where
luaB_auxwrap	lua_concat
luaB_auxwrap	lua_insert
luaB_cocreate	luaL_checktype.constprop.173
luaB_cocreate	lua_newthread
luaB_collectgarbage	luaL_argerror
luaB_collectgarbage	luaL_optinteger
luaB_collectgarbage	luaL_optlstring.constprop.153
luaB_collectgarbage	lua_gc
luaB_collectgarbage	lua_pushfstring
luaB_collectgarbage	strcmp@plt
luaB_coresume	auxresume
luaB_coresume	luaL_argerror
luaB_coresume	lua_insert
luaB_costatus	luaL_argerror
luaB_costatus	lua_pushlstring
luaB_cowrap	luaC_newobj.constprop.194
luaB_cowrap	luaC_step
luaB_cowrap	luaL_checktype.constprop.173
luaB_cowrap	lua_newthread
luaB_dofile	luaD_call.constprop.197
luaB_dofile	luaD_call.constprop.198
luaB_dofile	luaG_errormsg
luaB_dofile	luaL_loadfilex
luaB_dofile	luaL_optlstring.constprop.153
luaB_error	index2addr
luaB_error	luaG_errormsg
luaB_error	luaL_optinteger
luaB_error	luaL_where
luaB_error	lua_concat
luaB_getmetatable	luaL_argerror
luaB_getmetatable	lua_getmetatable
luaB_getmetatable	lua_pushstring
luaB_getmetatable	lua_rawget
luaB_getmetatable	lua_remove.constprop.177
luaB_ipairs	luaD_call.constprop.198
luaB_ipairs	luaH_get
luaB_ipairs	luaL_checktype.constprop.173
luaB_ipairs	lua_pushstring
luaB_load	__stack_chk_fail@plt
luaB_load	index2addr
luaB_load	luaD_protectedparser
luaB_load	luaL_checktype.constprop.173
luaB_load	luaL_optlstring.constprop.153
luaB_load	lua_insert
luaB_load	lua_load
luaB_load	lua_load.part.62
luaB_load	lua_setupvalue
luaB_load	lua_tolstring
luaB_loadfile	index2addr
luaB_loadfile	luaL_loadfilex
luaB_loadfile	luaL_optlstring.constprop.153
luaB_loadfile	lua_insert
luaB_loadfile	lua_setupvalue
luaB_next	findindex
luaB_next	luaL_checktype.constprop.173
luaB_pairs	luaD_call.constprop.198
luaB_pairs	luaH_get
luaB_pairs	luaL_checktype.constprop.173
luaB_pairs	lua_pushstring
luaB_pcall	__stack_chk_fail@plt
luaB_pcall	luaD_call.constprop.197
luaB_pcall	luaD_rawrunprotected.constprop.167
luaB_pcall	luaD_shrinkstack
luaB_pcall	luaF_close
luaB_pcall	luaL_argerror
luaB_pcall	lua_checkstack
luaB_pcall	lua_insert
luaB_pcall	lua_pushstring
luaB_pcall	seterrorobj
luaB_print	__stack_chk_fail@plt
luaB_print	fflush@plt
luaB_print	fwrite@plt
luaB_print	index2addr
luaB_print	luaD_call.constprop.198
luaB_print	luaH_getint.part.53
luaB_print	luaL_error
luaB_print	luaS_newlstr
luaB_print	luaV_gettable
luaB_print	lua_tolstring.constprop.186
luaB_rawequal	luaL_argerror
luaB_rawequal	luaV_equalobj_
luaB_rawget	luaH_get
luaB_rawget	luaL_argerror
luaB_rawget	luaL_checktype.constprop.173
luaB_rawlen	luaH_getn
luaB_rawlen	luaL_argerror
luaB_rawset	luaL_argerror
luaB_rawset	luaL_checktype.constprop.173
luaB_rawset	lua_rawset
luaB_select	luaL_argerror
luaB_select	luaL_checkinteger
luaB_select	lua_tolstring.constprop.187
luaB_setmetatable	luaH_get
luaB_setmetatable	luaL_argerror
luaB_setmetatable	luaL_checktype.constprop.173
luaB_setmetatable	luaL_error
luaB_setmetatable	lua_getmetatable
luaB_setmetatable	lua_pushstring
luaB_setmetatable	lua_remove.constprop.177
luaB_setmetatable	lua_setmetatable
luaB_tonumber	__ctype_b_loc@plt
luaB_tonumber	__ctype_toupper_loc@plt
luaB_tonumber	__stack_chk_fail@plt
luaB_tonumber	luaL_argerror
luaB_tonumber	luaL_checkany
luaB_tonumber	luaL_checkinteger.constprop.150
luaB_tonumber	luaL_checklstring.constprop.154
luaB_tonumber	lua_tonumberx
luaB_tonumber	strspn@plt
luaB_tostring	luaL_argerror
luaB_tostring	luaL_tolstring
luaB_type	luaL_argerror
luaB_type	lua_pushstring
luaB_xpcall	__stack_chk_fail@plt
luaB_xpcall	luaD_call.constprop.197
luaB_xpcall	luaD_rawrunprotected.constprop.167
luaB_xpcall	luaD_shrinkstack
luaB_xpcall	luaF_close
luaB_xpcall	luaL_argerror
luaB_xpcall	lua_checkstack
luaB_xpcall	lua_pushstring
luaB_xpcall	seterrorobj
luaB_yield	luaD_throw
luaB_yield	luaG_runerror
luaC_changemode	entersweep
luaC_changemode	singlestep
luaC_checkfinalizer	luaT_gettm
luaC_checkfinalizer	sweeplist.constprop.203
luaC_forcestep	__stack_chk_fail@plt
luaC_forcestep	luaC_fullgc
luaC_forcestep	luaT_gettmbyobj
luaC_forcestep	singlestep
luaC_freeallobjects	__stack_chk_fail@plt
luaC_freeallobjects	luaT_gettmbyobj
luaC_freeallobjects	sweeplist.constprop.204
luaC_fullgc	__stack_chk_fail@plt
luaC_fullgc	entersweep
luaC_fullgc	luaC_runtilstate
luaC_fullgc	luaT_gettmbyobj
luaC_fullgc	singlestep
luaC_fullgc.constprop.196	entersweep
luaC_fullgc.constprop.196	luaC_runtilstate
luaC_fullgc.constprop.196	singlestep
luaC_newobj	luaM_realloc_
luaC_newobj.constprop.194	luaM_realloc_
luaC_runtilstate	singlestep
luaD_call	luaD_precall
luaD_call	luaD_throw
luaD_call	luaG_runerror
luaD_call	luaV_execute
luaD_call.constprop.197	luaD_precall
luaD_call.constprop.197	luaD_throw
luaD_call.constprop.197	luaG_runerror
luaD_call.constprop.197	luaV_execute
luaD_call.constprop.198	luaD_precall
luaD_call.constprop.198	luaD_throw
luaD_call.constprop.198	luaG_runerror
luaD_call.constprop.198	luaV_execute
luaD_growstack	luaD_reallocstack
luaD_growstack	luaD_throw
luaD_growstack	luaG_runerror
luaD_hook	__stack_chk_fail@plt
luaD_hook	luaD_growstack
luaD_pcall	internshrstr
luaD_pcall	luaD_rawrunprotected
luaD_pcall	luaD_shrinkstack
luaD_pcall	luaF_close
luaD_precall	luaC_step
luaD_precall	luaD_growstack
luaD_precall	luaD_poscall
luaD_precall	luaG_typeerror
luaD_precall	luaM_realloc_
luaD_precall	luaT_gettmbyobj
luaD_protectedparser	__stack_chk_fail@plt
luaD_protectedparser	luaD_rawrunprotected
luaD_protectedparser	luaD_shrinkstack
luaD_protectedparser	luaF_close
luaD_protectedparser	luaM_realloc_.constprop.195
luaD_protectedparser	seterrorobj
luaD_rawrunprotected	__stack_chk_fail@plt
luaD_rawrunprotected	_setjmp@plt
luaD_rawrunprotected.constprop.167	__stack_chk_fail@plt
luaD_rawrunprotected.constprop.167	_setjmp@plt
luaD_rawrunprotected.constprop.167	luaD_call.constprop.198
luaD_rawrunprotected.constprop.168	__stack_chk_fail@plt
luaD_rawrunprotected.constprop.168	_setjmp@plt
luaD_rawrunprotected.constprop.168	f_luaopen
luaD_rawrunprotected.constprop.169	__stack_chk_fail@plt
luaD_rawrunprotected.constprop.169	_setjmp@plt
luaD_rawrunprotected.constprop.169	unroll
luaD_reallocstack	luaM_realloc_
luaD_reallocstack	luaM_toobig
luaD_throw	__longjmp_chk@plt
luaD_throw	abort@plt
luaD_throw	luaD_throw
luaE_extendCI	luaM_realloc_
luaE_freeCI	luaM_realloc_.constprop.195
luaE_freethread	luaF_close
luaE_freethread	luaM_realloc_.constprop.195
luaF_close	luaM_realloc_.constprop.195
luaF_close	reallymarkobject
luaF_findupval	luaM_realloc_
luaF_freeproto	luaM_realloc_.constprop.195
luaF_newCclosure	luaM_realloc_
luaF_newLclosure	luaC_newobj.constprop.194
luaF_newLclosure	memset@plt
luaF_newproto	luaM_realloc_
luaF_newupval	luaM_realloc_
luaG_aritherror	luaG_typeerror
luaG_aritherror	luaV_tonumber.part.56
luaG_concaterror	luaG_typeerror
luaG_errormsg	luaD_call.constprop.198
luaG_errormsg	luaD_throw
luaG_ordererror	luaG_runerror
luaG_runerror	luaG_errormsg
luaG_runerror	luaO_chunkid
luaG_runerror	luaO_pushfstring
luaG_runerror	luaO_pushvfstring
luaG_typeerror	getobjname
luaG_typeerror	luaG_runerror
luaG_typeerror	strcmp@plt
luaH_free	luaM_realloc_.constprop.195
luaH_get	luaV_equalobj_
luaH_get	mainposition
luaH_getn	luaH_getint.part.53
luaH_new	luaC_newobj.constprop.194
luaH_newkey	__stack_chk_fail@plt
luaH_newkey	luaG_runerror
luaH_newkey	luaH_resize
luaH_newkey	mainposition
luaH_next	findindex
luaH_next_pico8_all	findindex
luaH_resize	luaG_runerror
luaH_resize	luaH_get
luaH_resize	luaH_newkey
luaH_resize	luaM_realloc_
luaH_resize	luaM_toobig
luaH_set	luaH_get
luaH_setint	__stack_chk_fail@plt
luaH_setint	luaH_getint.part.53
luaH_setint	luaH_newkey
luaK_checkstack	luaX_syntaxerror
luaK_code	luaM_growaux_
luaK_code	patchlistaux
luaK_codek	luaK_code
luaK_concat.part.108	luaX_syntaxerror
luaK_dischargevars	luaK_code
luaK_exp2RK	__stack_chk_fail@plt
luaK_exp2RK	addk
luaK_exp2RK	luaK_dischargevars
luaK_exp2RK	luaK_exp2anyreg
luaK_exp2RK	luaK_numberK
luaK_exp2anyreg	exp2reg
luaK_exp2anyreg	luaK_dischargevars
luaK_exp2anyreg	luaK_exp2nextreg
luaK_exp2nextreg	luaK_dischargevars
luaK_exp2nextreg	luaX_syntaxerror
luaK_goiffalse	discharge2reg
luaK_goiffalse	freeexp.isra.6.part.7
luaK_goiffalse	luaK_code
luaK_goiffalse	luaK_concat.part.108
luaK_goiffalse	luaK_dischargevars
luaK_goiffalse	luaK_jump
luaK_goiffalse	luaK_reserveregs
luaK_goiftrue	discharge2reg
luaK_goiftrue	freeexp.isra.6.part.7
luaK_goiftrue	luaK_code
luaK_goiftrue	luaK_concat.part.108
luaK_goiftrue	luaK_dischargevars
luaK_goiftrue	luaK_jump
luaK_goiftrue	luaK_reserveregs
luaK_indexed	luaK_exp2RK
luaK_jump	__stack_chk_fail@plt
luaK_jump	luaK_code
luaK_jump	luaK_concat.part.108
luaK_numberK	__stack_chk_fail@plt
luaK_numberK	addk
luaK_numberK	internshrstr
luaK_posfix	freeexp.isra.6.part.7
luaK_posfix	luaK_code
luaK_posfix	luaK_concat.part.108
luaK_posfix	luaK_dischargevars
luaK_posfix	luaK_exp2RK
luaK_posfix	luaK_exp2anyreg
luaK_posfix	luaK_exp2nextreg
luaK_posfix	luaK_jump
luaK_prefix	__stack_chk_fail@plt
luaK_prefix	codearith
luaK_prefix	discharge2reg
luaK_prefix	freeexp.isra.6.part.7
luaK_prefix	luaK_code
luaK_prefix	luaK_dischargevars
luaK_prefix	luaK_exp2anyreg
luaK_prefix	luaK_reserveregs
luaK_reserveregs	luaX_syntaxerror
luaK_self	luaK_code
luaK_self	luaK_exp2RK
luaK_self	luaK_exp2anyreg
luaK_self	luaX_syntaxerror
luaK_setlist	luaK_code
luaK_setreturns	luaX_syntaxerror
luaK_storevar	freeexp.isra.6.part.7
luaK_storevar	luaK_code
luaK_storevar	luaK_exp2RK
luaK_storevar	luaK_exp2anyreg
luaK_stringK	__stack_chk_fail@plt
luaK_stringK	addk
luaL_addlstring	luaL_prepbuffsize
luaL_addlstring	memcpy@plt
luaL_addstring	luaL_prepbuffsize
luaL_addstring	memcpy@plt
luaL_addstring	strlen@plt
luaL_addvalue	__stack_chk_fail@plt
luaL_addvalue	index2addr
luaL_addvalue	luaL_prepbuffsize
luaL_addvalue	lua_insert
luaL_addvalue	lua_tolstring.constprop.186
luaL_addvalue	memcpy@plt
luaL_argerror	luaL_error
luaL_argerror	lua_getinfo
luaL_argerror	lua_tolstring.constprop.186
luaL_argerror	pushglobalfuncname
luaL_argerror	strcmp@plt
luaL_callmeta	index2addr
luaL_callmeta	luaD_call.constprop.198
luaL_callmeta	luaH_get
luaL_callmeta	lua_getmetatable
luaL_callmeta	lua_pushstring
luaL_checkany	index2addr
luaL_checkany	luaL_argerror
luaL_checkinteger	__stack_chk_fail@plt
luaL_checkinteger	index2addr
luaL_checkinteger	luaV_tonumber.part.56
luaL_checkinteger	tag_error
luaL_checkinteger.constprop.150	__stack_chk_fail@plt
luaL_checkinteger.constprop.150	luaV_tonumber.part.56
luaL_checkinteger.constprop.150	tag_error
luaL_checklstring	lua_tolstring
luaL_checklstring	tag_error
luaL_checklstring.constprop.154	lua_tolstring
luaL_checklstring.constprop.154	tag_error
luaL_checknumber	__stack_chk_fail@plt
luaL_checknumber	index2addr
luaL_checknumber	luaV_tonumber.part.56
luaL_checknumber	tag_error
luaL_checknumber.constprop.151	__stack_chk_fail@plt
luaL_checknumber.constprop.151	luaV_tonumber.part.56
luaL_checknumber.constprop.151	tag_error
luaL_checkoption	luaL_argerror
luaL_checkoption	luaL_optlstring.constprop.153
luaL_checkoption	lua_pushfstring
luaL_checkoption	lua_tolstring.constprop.187
luaL_checkoption	strcmp@plt
luaL_checkoption	tag_error
luaL_checkstack	luaL_error
luaL_checkstack	lua_checkstack
luaL_checktype	index2addr
luaL_checktype	tag_error
luaL_checktype.constprop.173	tag_error
luaL_checkudata	index2addr
luaL_checkudata	luaV_equalobj_
luaL_checkudata	lua_getfield
luaL_checkudata	typeerror
luaL_checkunsigned	__stack_chk_fail@plt
luaL_checkunsigned	index2addr
luaL_checkunsigned	luaV_tonumber.part.56
luaL_checkunsigned	tag_error
luaL_checkversion_	luaL_error
luaL_error	luaG_errormsg
luaL_error	luaL_where
luaL_error	lua_concat
luaL_error	lua_pushvfstring
luaL_execresult	__errno_location@plt
luaL_execresult	lua_pushstring
luaL_execresult	strerror@plt
luaL_fileresult	__errno_location@plt
luaL_fileresult	lua_pushfstring
luaL_fileresult	lua_pushstring
luaL_fileresult	strerror@plt
luaL_getmetafield	index2addr
luaL_getmetafield	luaH_get
luaL_getmetafield	lua_pushstring
luaL_getsubtable	lua_createtable.constprop.163
luaL_getsubtable	lua_getfield
luaL_getsubtable	lua_setfield
luaL_getsubtable.constprop.145	lua_createtable.constprop.163
luaL_getsubtable.constprop.145	lua_getfield
luaL_getsubtable.constprop.145	lua_setfield
luaL_gsub	__stack_chk_fail@plt
luaL_gsub	luaL_prepbuffsize
luaL_gsub	luaL_pushresult
luaL_gsub	lua_tolstring.constprop.186
luaL_gsub	memcpy@plt
luaL_gsub	strlen@plt
luaL_gsub	strstr@plt
luaL_len	__stack_chk_fail@plt
luaL_len	index2addr
luaL_len	luaL_error
luaL_len	luaV_objlen
luaL_len	luaV_tonumber.part.56
luaL_loadbufferx	__stack_chk_fail@plt
luaL_loadbufferx	luaC_barrier_
luaL_loadbufferx	luaD_protectedparser
luaL_loadbufferx	luaH_getint.part.53
luaL_loadfilex	_IO_getc@plt
luaL_loadfilex	__errno_location@plt
luaL_loadfilex	__stack_chk_fail@plt
luaL_loadfilex	errfile
luaL_loadfilex	fclose@plt
luaL_loadfilex	ferror@plt
luaL_loadfilex	fopen@plt
luaL_loadfilex	freopen@plt
luaL_loadfilex	index2addr
luaL_loadfilex	luaD_protectedparser
luaL_loadfilex	lua_load.part.62
luaL_loadfilex	lua_pushfstring
luaL_loadfilex	lua_pushlstring
luaL_loadfilex	lua_settop
luaL_loadfilex	lua_tolstring.constprop.186
luaL_loadfilex	lua_tolstring.constprop.187
luaL_loadfilex	strerror@plt
luaL_loadstring	__stack_chk_fail@plt
luaL_loadstring	luaC_barrier_
luaL_loadstring	luaD_protectedparser
luaL_loadstring	luaH_getint.part.53
luaL_loadstring	strlen@plt
luaL_newmetatable	lua_createtable.constprop.163
luaL_newmetatable	lua_getfield
luaL_newmetatable	lua_setfield
luaL_newstate	lua_newstate
luaL_openlibs	luaL_getsubtable.constprop.145
luaL_optinteger	index2addr
luaL_optlstring	index2addr
luaL_optlstring	lua_tolstring
luaL_optlstring	strlen@plt
luaL_optlstring	tag_error
luaL_optlstring.constprop.153	index2addr
luaL_optlstring.constprop.153	lua_tolstring.constprop.187
luaL_optlstring.constprop.153	tag_error
luaL_optnumber	index2addr
luaL_optunsigned	__stack_chk_fail@plt
luaL_optunsigned	index2addr
luaL_optunsigned	luaV_tonumber.part.56
luaL_optunsigned	tag_error
luaL_prepbuffsize	luaC_newobj.constprop.194
luaL_prepbuffsize	luaC_step
luaL_prepbuffsize	luaL_error
luaL_prepbuffsize	luaM_toobig
luaL_prepbuffsize	lua_remove.constprop.177
luaL_prepbuffsize	memcpy@plt
luaL_pushresult	lua_pushlstring
luaL_ref	index2addr
luaL_ref	luaH_getint.part.53
luaL_ref	luaH_getn
luaL_ref	lua_rawgeti
luaL_ref	lua_rawseti
luaL_ref	lua_tointegerx
luaL_requiref	luaD_call.constprop.198
luaL_requiref	luaL_getsubtable.constprop.145
luaL_requiref	lua_pushstring
luaL_requiref	lua_setfield.constprop.162
luaL_setfuncs	luaC_step
luaL_setfuncs	luaL_error
luaL_setfuncs	luaM_realloc_
luaL_setfuncs	lua_checkstack
luaL_setfuncs	lua_setfield
luaL_setfuncs.constprop.147	luaL_error
luaL_setfuncs.constprop.147	lua_checkstack
luaL_setfuncs.constprop.147	lua_setfield
luaL_setmetatable	lua_getfield
luaL_testudata	index2addr
luaL_testudata	luaV_equalobj_
luaL_testudata	lua_getfield
luaL_testudata	lua_getmetatable
luaL_tolstring	index2addr
luaL_tolstring	luaD_call.constprop.198
luaL_tolstring	luaH_get
luaL_tolstring	lua_getmetatable
luaL_tolstring	lua_pushfstring
luaL_tolstring	lua_pushlstring
luaL_tolstring	lua_pushstring
luaL_tolstring	lua_remove.constprop.177
luaL_tolstring	lua_toboolean
luaL_tolstring	lua_topointer
luaL_traceback	__stack_chk_fail@plt
luaL_traceback	internshrstr
luaL_traceback	luaC_step
luaL_traceback	luaV_concat
luaL_traceback	lua_getinfo
luaL_traceback	lua_pushfstring
luaL_traceback	lua_pushlstring
luaL_traceback	lua_remove.constprop.177
luaL_traceback	lua_tolstring.constprop.186
luaL_traceback	pushglobalfuncname
luaL_unref	index2addr
luaL_unref	luaH_getint.part.53
luaL_unref	lua_rawseti
luaL_where	__stack_chk_fail@plt
luaL_where	lua_getinfo
luaL_where	lua_pushfstring
luaL_where	lua_pushlstring
luaM_growaux_	luaG_runerror
luaM_growaux_	luaM_realloc_
luaM_growaux_	luaM_toobig
luaM_realloc_	luaC_fullgc.constprop.196
luaM_realloc_	luaD_throw
luaM_toobig	luaG_runerror
luaO_arith	p8_fdiv
luaO_chunkid	memcpy@plt
luaO_chunkid	strchr@plt
luaO_chunkid	strlen@plt
luaO_pushfstring	__stack_chk_fail@plt
luaO_pushfstring	luaO_pushvfstring
luaO_pushvfstring	__sprintf_chk@plt
luaO_pushvfstring	__stack_chk_fail@plt
luaO_pushvfstring	internshrstr
luaO_pushvfstring	luaD_growstack
luaO_pushvfstring	luaG_runerror
luaO_pushvfstring	luaS_newlstr
luaO_pushvfstring	luaV_concat
luaO_pushvfstring	strchr@plt
luaO_pushvfstring	strlen@plt
luaO_str2d	strpbrk@plt
luaO_str2d.part.50	__stack_chk_fail@plt
luaO_str2d.part.50	strpbrk@plt
luaO_str2d.part.50	strtod@plt
luaS_eqlngstr	memcmp@plt
luaS_eqstr	memcmp@plt
luaS_new	strlen@plt
luaS_newlstr	luaM_realloc_
luaS_newlstr	luaM_toobig
luaS_newlstr	memcpy@plt
luaS_newudata	luaM_realloc_
luaS_newudata	luaM_toobig
luaS_resize	luaM_realloc_
luaS_resize	luaM_toobig
luaS_resize	memset@plt
luaS_resize	singlestep
luaT_init	luaS_newlstr
luaT_init	strlen@plt
luaU_dump	DumpFunction
luaU_dump	__stack_chk_fail@plt
luaU_undump	LoadBlock.part.129
luaU_undump	LoadFunction
luaU_undump	__stack_chk_fail@plt
luaU_undump	error.isra.128
luaU_undump	luaC_newobj.constprop.194
luaU_undump	luaD_growstack
luaU_undump	luaF_newproto
luaU_undump	luaZ_fill
luaU_undump	memcpy@plt
luaU_undump	memset@plt
luaV_arith	__stack_chk_fail@plt
luaV_arith	callTM.isra.75
luaV_arith	luaG_aritherror
luaV_arith	luaO_arith
luaV_arith	luaT_gettmbyobj
luaV_arith	luaV_tonumber.part.56
luaV_concat	__stack_chk_fail@plt
luaV_concat	callTM.isra.75
luaV_concat	luaG_concaterror
luaV_concat	luaG_runerror
luaV_concat	luaM_realloc_
luaV_concat	luaM_toobig
luaV_concat	luaS_newlstr
luaV_concat	luaT_gettmbyobj
luaV_concat	memcpy@plt
luaV_concat	pico8_fixed_to_string
luaV_equalobj_	callTM.isra.75
luaV_equalobj_	get_equalTM.isra.98.constprop.200
luaV_equalobj_	memcmp@plt
luaV_execute	__stack_chk_fail@plt
luaV_execute	luaC_barrier_
luaV_execute	luaC_newobj.constprop.194
luaV_execute	luaC_step
luaV_execute	luaD_growstack
luaV_execute	luaD_precall
luaV_execute	luaD_throw
luaV_execute	luaF_close
luaV_execute	luaG_runerror
luaV_execute	luaH_new
luaV_execute	luaH_resize
luaV_execute	luaH_setint
luaV_execute	luaM_realloc_
luaV_execute	luaO_str2d.part.50
luaV_execute	luaV_arith
luaV_execute	luaV_concat
luaV_execute	luaV_equalobj_
luaV_execute	luaV_execute
luaV_execute	luaV_gettable
luaV_execute	luaV_lessequal
luaV_execute	luaV_lessthan
luaV_execute	luaV_objlen
luaV_execute	luaV_settable
luaV_execute	lua_yieldk
luaV_execute	memset@plt
luaV_execute	p8_fdiv
luaV_execute	p8_fmod
luaV_execute	p8_fmul
luaV_execute	p8_fpow
luaV_execute	pico8_ashr
luaV_execute	pico8_lshr
luaV_execute	pico8_peek_1
luaV_execute	pico8_peek_2
luaV_execute	pico8_peek_4
luaV_execute	pico8_rotl
luaV_execute	pico8_rotr
luaV_execute	pico8_shl
luaV_execute	strpbrk@plt
luaV_finishOp	luaT_gettmbyobj
luaV_finishOp	luaV_concat
luaV_gettable	__stack_chk_fail@plt
luaV_gettable	callTM.isra.75
luaV_gettable	internshrstr
luaV_gettable	luaC_step
luaV_gettable	luaG_runerror
luaV_gettable	luaG_typeerror
luaV_gettable	luaH_get
luaV_gettable	luaT_gettm
luaV_gettable	luaT_gettmbyobj
luaV_gettable	luaV_tonumber.part.56
luaV_lessequal	callTM.isra.75
luaV_lessequal	luaG_ordererror
luaV_lessequal	luaT_gettmbyobj
luaV_lessequal	strcoll@plt
luaV_lessequal	strlen@plt
luaV_lessthan	callTM.isra.75
luaV_lessthan	luaG_ordererror
luaV_lessthan	luaT_gettmbyobj
luaV_lessthan	strcoll@plt
luaV_lessthan	strlen@plt
luaV_objlen	callTM.isra.75
luaV_objlen	luaG_typeerror
luaV_objlen	luaH_getn
luaV_objlen	luaT_gettm
luaV_objlen	luaT_gettmbyobj
luaV_settable	callTM.isra.75
luaV_settable	luaG_runerror
luaV_settable	luaG_typeerror
luaV_settable	luaH_get
luaV_settable	luaH_newkey
luaV_settable	luaT_gettmbyobj
luaV_tonumber	__stack_chk_fail@plt
luaV_tonumber	luaO_str2d.part.50
luaV_tonumber	strpbrk@plt
luaV_tonumber.part.56	__stack_chk_fail@plt
luaV_tonumber.part.56	luaO_str2d.part.50
luaV_tonumber.part.56	strpbrk@plt
luaV_tostring	__stack_chk_fail@plt
luaV_tostring	luaS_newlstr
luaV_tostring	pico8_fixed_to_string
luaX_init	luaS_newlstr
luaX_init	strlen@plt
luaX_lookahead	llex
luaX_newstring	luaC_step
luaX_newstring	luaH_get
luaX_newstring	luaH_newkey
luaX_newstring	luaS_newlstr
luaX_newstring.constprop.143	internshrstr
luaX_newstring.constprop.143	luaC_step
luaX_newstring.constprop.143	luaH_get
luaX_newstring.constprop.143	luaH_newkey
luaX_next	llex
luaX_next.part.119	llex
luaX_setinput	internshrstr
luaX_setinput	luaM_realloc_
luaX_syntaxerror	lexerror
luaY_parser	__stack_chk_fail@plt
luaY_parser	close_func
luaY_parser	error_expected
luaY_parser	internshrstr
luaY_parser	luaC_newobj.constprop.194
luaY_parser	luaD_growstack
luaY_parser	luaF_newproto
luaY_parser	luaH_new
luaY_parser	luaM_realloc_
luaY_parser	luaS_newlstr
luaY_parser	luaX_next.part.119
luaY_parser	newupvalue
luaY_parser	statlist
luaY_parser	strlen@plt
luaZ_fill	__stack_chk_fail@plt
luaZ_openspace	luaM_realloc_
luaZ_openspace	luaM_toobig
luaZ_read	luaZ_fill
luaZ_read	memcpy@plt
lua_arith	luaO_arith
lua_arith	luaV_arith
lua_callk	luaD_call.constprop.197
lua_callk	luaD_call.constprop.198
lua_checkstack	luaD_rawrunprotected
lua_compare	index2addr
lua_compare	luaV_equalobj_
lua_concat	internshrstr
lua_concat	luaC_step
lua_copy	index2addr
lua_createtable	luaC_step
lua_createtable	luaH_new
lua_createtable.constprop.163	luaC_step
lua_createtable.constprop.163	luaH_new
lua_dump	DumpFunction
lua_dump	__stack_chk_fail@plt
lua_error	luaG_errormsg
lua_gc	entersweep
lua_gc	luaC_forcestep
lua_gc	luaC_fullgc
lua_gc	singlestep
lua_getfield	index2addr
lua_getfield	luaS_newlstr
lua_getfield	strlen@plt
lua_getglobal	luaH_getint.part.53
lua_getglobal	luaS_newlstr
lua_getglobal	strlen@plt
lua_getinfo	__stack_chk_fail@plt
lua_getinfo	getobjname
lua_getinfo	luaH_new
lua_getinfo	luaH_setint
lua_getinfo	luaO_chunkid
lua_getinfo	strchr@plt
lua_getlocal	__stack_chk_fail@plt
lua_getlocal	findlocal.isra.42.constprop.156
lua_getmetatable	index2addr
lua_gettable	index2addr
lua_getupvalue	index2addr
lua_getuservalue	index2addr
lua_insert	index2addr
lua_iscfunction	index2addr
lua_isnumber	__stack_chk_fail@plt
lua_isnumber	index2addr
lua_isnumber	luaV_tonumber.part.56
lua_isstring	index2addr
lua_isuserdata	index2addr
lua_len	index2addr
lua_len	luaV_objlen
lua_load	__stack_chk_fail@plt
lua_load	luaC_barrier_
lua_load	luaD_protectedparser
lua_load	luaH_getint.part.53
lua_load.part.62	luaH_getint.part.53
lua_newstate	__stack_chk_fail@plt
lua_newstate	close_state
lua_newstate	luaD_rawrunprotected.constprop.168
lua_newstate	time@plt
lua_newthread	luaC_newobj.constprop.194
lua_newthread	luaC_step
lua_newthread	luaM_realloc_
lua_newuserdata	luaC_step
lua_newuserdata	luaM_realloc_
lua_newuserdata	luaM_toobig
lua_next	findindex
lua_next	index2addr
lua_pcallk	__stack_chk_fail@plt
lua_pcallk	index2addr
lua_pcallk	luaD_call.constprop.197
lua_pcallk	luaD_rawrunprotected.constprop.167
lua_pcallk	luaD_shrinkstack
lua_pcallk	luaF_close
lua_pcallk	seterrorobj
lua_pushcclosure	luaC_newobj.constprop.194
lua_pushcclosure	luaC_step
lua_pushfstring	__stack_chk_fail@plt
lua_pushfstring	luaC_step
lua_pushfstring	luaO_pushvfstring
lua_pushlstring	luaC_step
lua_pushlstring	luaS_newlstr
lua_pushstring	luaC_step
lua_pushstring	luaS_newlstr
lua_pushstring	strlen@plt
lua_pushvalue	index2addr
lua_pushvfstring	luaC_step
lua_rawequal	index2addr
lua_rawequal	luaV_equalobj_
lua_rawget	index2addr
lua_rawget	luaH_get
lua_rawgeti	index2addr
lua_rawgeti	luaH_getint.part.53
lua_rawgeti.constprop.175	luaH_getint.part.53
lua_rawgetp	__stack_chk_fail@plt
lua_rawgetp	index2addr
lua_rawgetp	luaH_get
lua_rawlen	index2addr
lua_rawlen	luaH_getn
lua_rawset	index2addr
lua_rawset	luaH_get
lua_rawset	luaH_newkey
lua_rawseti	index2addr
lua_rawseti	luaH_setint
lua_rawseti.constprop.172	luaH_setint
lua_rawsetp	__stack_chk_fail@plt
lua_rawsetp	index2addr
lua_rawsetp	luaH_get
lua_rawsetp	luaH_newkey
lua_remove	index2addr
lua_replace	index2addr
lua_replace	luaC_barrier_
lua_resume	internshrstr
lua_resume	luaD_rawrunprotected
lua_resume	luaD_rawrunprotected.constprop.169
lua_resume	luaD_shrinkstack
lua_resume	luaF_close
lua_resume	seterrorobj
lua_setfield	index2addr
lua_setfield	luaS_newlstr
lua_setfield	luaV_settable
lua_setfield	strlen@plt
lua_setfield.constprop.162	luaS_newlstr
lua_setfield.constprop.162	luaV_settable
lua_setfield.constprop.162	strlen@plt
lua_setglobal	luaH_getint.part.53
lua_setglobal	luaS_newlstr
lua_setglobal	luaV_settable
lua_setglobal	strlen@plt
lua_setmetatable	index2addr
lua_setmetatable	luaC_barrier_
lua_setmetatable	luaC_checkfinalizer
lua_settable	index2addr
lua_settable	luaV_settable
lua_setupvalue	index2addr
lua_setupvalue	luaC_barrier_
lua_setuservalue	index2addr
lua_setuservalue	luaC_barrier_
lua_toboolean	index2addr
lua_tocfunction	index2addr
lua_tointegerx	__stack_chk_fail@plt
lua_tointegerx	index2addr
lua_tointegerx	luaV_tonumber.part.56
lua_tolstring	__stack_chk_fail@plt
lua_tolstring	index2addr
lua_tolstring	luaC_step
lua_tolstring	luaS_newlstr
lua_tolstring	pico8_fixed_to_string
lua_tolstring.constprop.186	__stack_chk_fail@plt
lua_tolstring.constprop.186	luaC_step
lua_tolstring.constprop.186	luaS_newlstr
lua_tolstring.constprop.186	pico8_fixed_to_string
lua_tolstring.constprop.187	__stack_chk_fail@plt
lua_tolstring.constprop.187	index2addr
lua_tolstring.constprop.187	luaC_step
lua_tolstring.constprop.187	luaS_newlstr
lua_tolstring.constprop.187	pico8_fixed_to_string
lua_tonumber_from_tvalue	__stack_chk_fail@plt
lua_tonumber_from_tvalue	luaV_tonumber.part.56
lua_tonumberx	__stack_chk_fail@plt
lua_tonumberx	index2addr
lua_tonumberx	luaV_tonumber.part.56
lua_topointer	index2addr
lua_tothread	index2addr
lua_tounsignedx	__stack_chk_fail@plt
lua_tounsignedx	index2addr
lua_tounsignedx	luaV_tonumber.part.56
lua_touserdata	index2addr
lua_type	index2addr
lua_upvalueid	index2addr
lua_upvaluejoin	index2addr
lua_yieldk	luaD_throw
lua_yieldk	luaG_runerror
luaopen_base	luaH_getint.part.53
luaopen_base	luaL_setfuncs.constprop.147
luaopen_base	lua_pushlstring
luaopen_base	lua_setfield.constprop.162
luaopen_bit32	luaL_setfuncs.constprop.147
luaopen_bit32	lua_createtable.constprop.163
luaopen_coroutine	luaL_setfuncs.constprop.147
luaopen_coroutine	lua_createtable.constprop.163
luaopen_debug	luaL_setfuncs.constprop.147
luaopen_debug	lua_createtable.constprop.163
luaopen_math	luaL_setfuncs.constprop.147
luaopen_math	lua_createtable.constprop.163
luaopen_math	lua_setfield.constprop.162
luaopen_os	luaL_setfuncs.constprop.147
luaopen_os	lua_createtable.constprop.163
luaopen_package	getenv@plt
luaopen_package	luaC_newobj.constprop.194
luaopen_package	luaC_step
luaopen_package	luaH_getint.part.53
luaopen_package	luaH_new
luaopen_package	luaH_resize
luaopen_package	luaL_error
luaopen_package	luaL_getsubtable.constprop.145
luaopen_package	luaL_gsub
luaopen_package	luaL_setfuncs.constprop.147
luaopen_package	lua_checkstack
luaopen_package	lua_createtable.constprop.163
luaopen_package	lua_getfield
luaopen_package	lua_pushlstring
luaopen_package	lua_pushstring
luaopen_package	lua_rawseti
luaopen_package	lua_remove.constprop.177
luaopen_package	lua_setfield
luaopen_package	lua_setfield.constprop.162
luaopen_package	lua_setmetatable
luaopen_package	lua_toboolean
luaopen_string	luaL_setfuncs.constprop.147
luaopen_string	lua_createtable.constprop.163
luaopen_string	lua_pushlstring
luaopen_string	lua_setfield.constprop.162
luaopen_string	lua_setmetatable
luaopen_table	luaL_setfuncs.constprop.147
luaopen_table	lua_createtable.constprop.163
map_deselect	codo_blit
map_deselect	codo_clear_bitmap
map_deselect	codo_destroy_bitmap
map_deselect	sync_shared_map_to_gfx
map_op	__stack_chk_fail@plt
map_op	codo_blit
map_op	codo_clear_bitmap
map_op	codo_create_bitmap
map_op	codo_get_key_state
map_op	codo_rectfill
map_op	get_selected_area
map_putpixel_editor	codo_putpixel
map_select	codo_blit
map_select	codo_clear_bitmap
map_select	codo_destroy_bitmap
map_select	memcpy@plt
map_select	sync_shared_map_to_gfx
match	luaL_error
match	match
match	match_class.part.33
match	matchbracketclass
match	memcmp@plt
match_class.part.33	__ctype_b_loc@plt
match_class.part.33	__ctype_tolower_loc@plt
matchbracketclass	__ctype_b_loc@plt
matchbracketclass	__ctype_tolower_loc@plt
math_abs	luaL_checknumber.constprop.151
math_acos	acos@plt
math_acos	luaL_checknumber.constprop.151
math_asin	asin@plt
math_asin	luaL_checknumber.constprop.151
math_atan	atan@plt
math_atan	luaL_checknumber.constprop.151
math_atan2	atan2@plt
math_atan2	luaL_checknumber
math_atan2	luaL_checknumber.constprop.151
math_ceil	luaL_checknumber.constprop.151
math_cos	cos@plt
math_cos	luaL_checknumber.constprop.151
math_cosh	cosh@plt
math_cosh	luaL_checknumber.constprop.151
math_exp	exp@plt
math_exp	luaL_checknumber.constprop.151
math_floor	luaL_checknumber.constprop.151
math_fmod	fmod@plt
math_fmod	luaL_checknumber
math_fmod	luaL_checknumber.constprop.151
math_frexp	__stack_chk_fail@plt
math_frexp	frexp@plt
math_frexp	luaL_checknumber.constprop.151
math_ldexp	__stack_chk_fail@plt
math_ldexp	ldexp@plt
math_ldexp	luaL_checknumber.constprop.151
math_ldexp	luaV_tonumber.part.56
math_ldexp	tag_error
math_log	log10@plt
math_log	log@plt
math_log	luaL_checknumber
math_log	luaL_checknumber.constprop.151
math_max	__stack_chk_fail@plt
math_max	index2addr
math_max	luaL_checknumber.constprop.151
math_max	luaO_str2d.part.50
math_max	strpbrk@plt
math_max	tag_error
math_min	__stack_chk_fail@plt
math_min	index2addr
math_min	luaL_checknumber.constprop.151
math_min	luaO_str2d.part.50
math_min	strpbrk@plt
math_min	tag_error
math_pow	luaL_checknumber
math_pow	luaL_checknumber.constprop.151
math_pow	pow@plt
math_rad	luaL_checknumber.constprop.151
math_random	luaL_argerror
math_random	luaL_checknumber
math_random	luaL_checknumber.constprop.151
math_random	luaL_error
math_random	rand@plt
math_randomseed	__stack_chk_fail@plt
math_randomseed	luaV_tonumber.part.56
math_randomseed	rand@plt
math_randomseed	srand@plt
math_randomseed	tag_error
math_sin	luaL_checknumber.constprop.151
math_sin	sin@plt
math_sinh	luaL_checknumber.constprop.151
math_sinh	sinh@plt
math_sqrt	luaL_checknumber.constprop.151
math_sqrt	sqrt@plt
math_tan	luaL_checknumber.constprop.151
math_tan	tan@plt
math_tanh	luaL_checknumber.constprop.151
math_tanh	tanh@plt
merge_code_from_tabs	strcat@plt
merge_code_from_tabs	strlen@plt
mix_channel	codo_random
mix_in_xm	codo_mix_xm_chunk
mix_osc_tick_new	codo_random
mix_osc_tick_old	codo_random
mix_sfx_channel	codo_get_time
mix_sfx_channel	memcpy@plt
mix_sfx_channel	mix_sfx_tick
mix_sfx_tick	__stack_chk_fail@plt
mix_sfx_tick	calculate_osc_state
mix_sfx_tick	mix_osc_tick_new
mount_embedded_cart	__sprintf_chk@plt
mount_embedded_cart	codo_debug
mount_embedded_cart	codo_fopen_vdisk
mount_embedded_cart	codo_save_pico8_cart_to_file
mount_embedded_cart	codo_strcpy
mount_embedded_cart	hash_cart.part.1
mount_embedded_cart	strlen@plt
move_boot	__sprintf_chk@plt
move_boot	__stack_chk_fail@plt
move_boot	codo_blit
move_boot	codo_clear_bitmap
move_boot	codo_debug
move_boot	codo_directory_exists
move_boot	codo_draw_sprite
move_boot	codo_mkdir
move_boot	codo_play_sfx
move_boot	codo_prefix_with_appdata_path
move_boot	codo_prefix_with_current_path
move_boot	codo_random
move_boot	codo_resolve_filename
move_boot	codo_split_filename
move_boot	codo_strcpy
move_boot	load_working_cart
move_boot	pico_print
move_boot	pico_print_col
move_boot	set_view
move_boot	splore_enter
move_boot	strstr@plt
move_boot	update_bios_program
move_keyboard_cursor	__stack_chk_fail@plt
move_keyboard_cursor	codo_get_gui_element
move_keyboard_cursor	codo_get_key_state
move_keyboard_cursor	codo_get_mouse
move_keyboard_cursor	codo_gui_cursor_element
move_keyboard_cursor	codo_keypressed
move_keyboard_cursor	codo_readkey
move_keyboard_cursor	codo_set_mouse
move_map_sprites	__stack_chk_fail@plt
move_map_sprites	codo_blit
move_map_sprites	codo_create_bitmap
move_map_sprites	codo_destroy_bitmap
move_map_sprites	codo_getpixel
move_map_sprites	codo_putpixel
move_map_sprites	codo_rectfill
move_map_sprites	get_selected_area
move_map_sprites	memset@plt
move_splash	codo_get_any_key_down
mz_compress	__stack_chk_fail@plt
mz_compress	memset@plt
mz_compress	miniz_def_alloc_func
mz_compress	miniz_def_free_func
mz_compress	tdefl_compress
mz_compress2	__stack_chk_fail@plt
mz_compress2	miniz_def_alloc_func
mz_compress2	miniz_def_free_func
mz_compress2	tdefl_compress
mz_compress2	tdefl_init
mz_deflate	__stack_chk_fail@plt
mz_deflate	tdefl_compress
mz_deflateInit	memset@plt
mz_deflateInit2	tdefl_init
mz_deflateReset	tdefl_init
mz_file_read_func_stdio	fseeko64@plt
mz_file_read_func_stdio	ftello64@plt
mz_inflate	__stack_chk_fail@plt
mz_inflate	memcpy@plt
mz_inflate	tinfl_decompress
mz_uncompress	__stack_chk_fail@plt
mz_uncompress	miniz_def_alloc_func
mz_uncompress	mz_inflate
mz_zip_add_mem_to_archive_file_in_place	__stack_chk_fail@plt
mz_zip_add_mem_to_archive_file_in_place	__xstat64@plt
mz_zip_add_mem_to_archive_file_in_place	fopen64@plt
mz_zip_add_mem_to_archive_file_in_place	mz_zip_reader_end_internal
mz_zip_add_mem_to_archive_file_in_place	mz_zip_reader_init_file_v2.part.14
mz_zip_add_mem_to_archive_file_in_place	mz_zip_writer_add_mem_ex_v2
mz_zip_add_mem_to_archive_file_in_place	mz_zip_writer_end_internal
mz_zip_add_mem_to_archive_file_in_place	mz_zip_writer_finalize_archive
mz_zip_add_mem_to_archive_file_in_place	mz_zip_writer_init_from_reader_v2
mz_zip_add_mem_to_archive_file_in_place	mz_zip_writer_init_v2
mz_zip_add_mem_to_archive_file_in_place	remove@plt
mz_zip_add_mem_to_archive_file_in_place_v2	__stack_chk_fail@plt
mz_zip_add_mem_to_archive_file_in_place_v2	__xstat64@plt
mz_zip_add_mem_to_archive_file_in_place_v2	fopen64@plt
mz_zip_add_mem_to_archive_file_in_place_v2	mz_zip_reader_end_internal
mz_zip_add_mem_to_archive_file_in_place_v2	mz_zip_reader_init_file_v2.part.14
mz_zip_add_mem_to_archive_file_in_place_v2	mz_zip_writer_add_mem_ex_v2
mz_zip_add_mem_to_archive_file_in_place_v2	mz_zip_writer_end_internal
mz_zip_add_mem_to_archive_file_in_place_v2	mz_zip_writer_finalize_archive
mz_zip_add_mem_to_archive_file_in_place_v2	mz_zip_writer_init_from_reader_v2
mz_zip_add_mem_to_archive_file_in_place_v2	mz_zip_writer_init_v2
mz_zip_add_mem_to_archive_file_in_place_v2	remove@plt
mz_zip_array_ensure_capacity.isra.5	__assert_fail@plt
mz_zip_extract_archive_file_to_heap	__stack_chk_fail@plt
mz_zip_extract_archive_file_to_heap	mz_zip_reader_end_internal
mz_zip_extract_archive_file_to_heap	mz_zip_reader_extract_to_heap
mz_zip_extract_archive_file_to_heap	mz_zip_reader_init_file_v2.part.14
mz_zip_extract_archive_file_to_heap	mz_zip_reader_locate_file_v2
mz_zip_extract_archive_file_to_heap_v2	__stack_chk_fail@plt
mz_zip_extract_archive_file_to_heap_v2	mz_zip_reader_end_internal
mz_zip_extract_archive_file_to_heap_v2	mz_zip_reader_extract_to_heap
mz_zip_extract_archive_file_to_heap_v2	mz_zip_reader_init_file_v2.part.14
mz_zip_extract_archive_file_to_heap_v2	mz_zip_reader_locate_file_v2
mz_zip_file_read_func	fseeko64@plt
mz_zip_file_read_func	ftello64@plt
mz_zip_file_stat_internal.part.15	__stack_chk_fail@plt
mz_zip_file_stat_internal.part.15	mktime@plt
mz_zip_file_write_func	fseeko64@plt
mz_zip_file_write_func	ftello64@plt
mz_zip_heap_write_func	memcpy@plt
mz_zip_mem_read_func	memcpy@plt
mz_zip_reader_end_internal	fclose@plt
mz_zip_reader_extract_file_iter_new	__stack_chk_fail@plt
mz_zip_reader_extract_file_iter_new	mz_zip_reader_extract_iter_new
mz_zip_reader_extract_file_iter_new	mz_zip_reader_locate_file_v2
mz_zip_reader_extract_file_to_callback	__stack_chk_fail@plt
mz_zip_reader_extract_file_to_callback	mz_zip_reader_extract_to_callback.part.20
mz_zip_reader_extract_file_to_callback	mz_zip_reader_locate_file_v2
mz_zip_reader_extract_file_to_cfile	__stack_chk_fail@plt
mz_zip_reader_extract_file_to_cfile	mz_zip_reader_extract_to_cfile
mz_zip_reader_extract_file_to_cfile	mz_zip_reader_locate_file_v2
mz_zip_reader_extract_file_to_file	__stack_chk_fail@plt
mz_zip_reader_extract_file_to_file	mz_zip_reader_extract_to_file
mz_zip_reader_extract_file_to_file	mz_zip_reader_locate_file_v2
mz_zip_reader_extract_file_to_heap	__stack_chk_fail@plt
mz_zip_reader_extract_file_to_heap	mz_zip_reader_extract_to_heap
mz_zip_reader_extract_file_to_heap	mz_zip_reader_locate_file_v2
mz_zip_reader_extract_file_to_mem	__stack_chk_fail@plt
mz_zip_reader_extract_file_to_mem	mz_zip_reader_extract_to_mem_no_alloc.part.18
mz_zip_reader_extract_file_to_mem	mz_zip_reader_locate_file_v2
mz_zip_reader_extract_file_to_mem_no_alloc	__stack_chk_fail@plt
mz_zip_reader_extract_file_to_mem_no_alloc	mz_zip_reader_extract_to_mem_no_alloc.part.18
mz_zip_reader_extract_file_to_mem_no_alloc	mz_zip_reader_locate_file_v2
mz_zip_reader_extract_iter_new	__stack_chk_fail@plt
mz_zip_reader_extract_iter_new	mz_zip_file_stat_internal.part.15
mz_zip_reader_extract_iter_read	__stack_chk_fail@plt
mz_zip_reader_extract_iter_read	memcpy@plt
mz_zip_reader_extract_iter_read	mz_crc32
mz_zip_reader_extract_iter_read	tinfl_decompress
mz_zip_reader_extract_to_callback.part.20	__stack_chk_fail@plt
mz_zip_reader_extract_to_callback.part.20	mz_crc32
mz_zip_reader_extract_to_callback.part.20	mz_zip_file_stat_internal.part.15
mz_zip_reader_extract_to_callback.part.20	tinfl_decompress
mz_zip_reader_extract_to_cfile	__stack_chk_fail@plt
mz_zip_reader_extract_to_cfile	mz_zip_file_stat_internal.part.15
mz_zip_reader_extract_to_cfile	mz_zip_reader_extract_to_callback.part.20
mz_zip_reader_extract_to_file	__stack_chk_fail@plt
mz_zip_reader_extract_to_file	fclose@plt
mz_zip_reader_extract_to_file	fopen64@plt
mz_zip_reader_extract_to_file	mz_zip_file_stat_internal.part.15
mz_zip_reader_extract_to_file	mz_zip_reader_extract_to_callback.part.20
mz_zip_reader_extract_to_file	utime@plt
mz_zip_reader_extract_to_heap	mz_zip_reader_extract_to_mem_no_alloc.part.18
mz_zip_reader_extract_to_mem	mz_zip_reader_extract_to_mem_no_alloc.part.18
mz_zip_reader_extract_to_mem_no_alloc.part.18	__stack_chk_fail@plt
mz_zip_reader_extract_to_mem_no_alloc.part.18	mz_crc32
mz_zip_reader_extract_to_mem_no_alloc.part.18	mz_zip_file_stat_internal.part.15
mz_zip_reader_extract_to_mem_no_alloc.part.18	tinfl_decompress
mz_zip_reader_get_filename	memcpy@plt
mz_zip_reader_init	mz_zip_reader_end_internal
mz_zip_reader_init	mz_zip_reader_read_central_dir
mz_zip_reader_init_cfile	fseeko64@plt
mz_zip_reader_init_cfile	ftello64@plt
mz_zip_reader_init_cfile	mz_zip_reader_end_internal
mz_zip_reader_init_cfile	mz_zip_reader_read_central_dir
mz_zip_reader_init_file_v2.part.14	fclose@plt
mz_zip_reader_init_file_v2.part.14	fopen64@plt
mz_zip_reader_init_file_v2.part.14	fseeko64@plt
mz_zip_reader_init_file_v2.part.14	ftello64@plt
mz_zip_reader_init_file_v2.part.14	mz_zip_reader_end_internal
mz_zip_reader_init_file_v2.part.14	mz_zip_reader_read_central_dir
mz_zip_reader_init_mem	mz_zip_reader_end_internal
mz_zip_reader_init_mem	mz_zip_reader_read_central_dir
mz_zip_reader_locate_file	__stack_chk_fail@plt
mz_zip_reader_locate_file	mz_zip_reader_locate_file_v2
mz_zip_reader_locate_file_v2	memcmp@plt
mz_zip_reader_locate_file_v2	strlen@plt
mz_zip_reader_read_central_dir	__stack_chk_fail@plt
mz_zip_reader_read_central_dir	free@plt
mz_zip_reader_read_central_dir	malloc@plt
mz_zip_reader_read_central_dir	mz_zip_array_ensure_capacity.isra.5
mz_zip_time_t_to_dos_time	localtime@plt
mz_zip_validate_archive	__stack_chk_fail@plt
mz_zip_validate_archive	mz_zip_file_stat_internal.part.15
mz_zip_validate_archive	mz_zip_reader_locate_file_v2
mz_zip_validate_archive	mz_zip_validate_file
mz_zip_validate_file	__stack_chk_fail@plt
mz_zip_validate_file	memcmp@plt
mz_zip_validate_file	mz_zip_array_ensure_capacity.isra.5
mz_zip_validate_file	mz_zip_file_stat_internal.part.15
mz_zip_validate_file	mz_zip_reader_extract_to_callback
mz_zip_validate_file_archive	__stack_chk_fail@plt
mz_zip_validate_file_archive	mz_zip_reader_end_internal
mz_zip_validate_file_archive	mz_zip_reader_init_file_v2.part.14
mz_zip_validate_file_archive	mz_zip_validate_archive
mz_zip_validate_mem_archive	__stack_chk_fail@plt
mz_zip_validate_mem_archive	miniz_def_alloc_func
mz_zip_validate_mem_archive	mz_zip_reader_end_internal
mz_zip_validate_mem_archive	mz_zip_reader_read_central_dir
mz_zip_validate_mem_archive	mz_zip_validate_archive
mz_zip_writer_add_cfile	mz_zip_writer_add_read_buf_callback
mz_zip_writer_add_file	__stack_chk_fail@plt
mz_zip_writer_add_file	__xstat64@plt
mz_zip_writer_add_file	fclose@plt
mz_zip_writer_add_file	fopen64@plt
mz_zip_writer_add_file	fseeko64@plt
mz_zip_writer_add_file	ftello64@plt
mz_zip_writer_add_file	mz_zip_writer_add_read_buf_callback
mz_zip_writer_add_from_zip_reader	__assert_fail@plt
mz_zip_writer_add_from_zip_reader	__stack_chk_fail@plt
mz_zip_writer_add_from_zip_reader	memcpy@plt
mz_zip_writer_add_from_zip_reader	mz_zip_array_ensure_capacity.isra.5
mz_zip_writer_add_from_zip_reader	mz_zip_file_stat_internal.part.15
mz_zip_writer_add_from_zip_reader	mz_zip_writer_write_zeros
mz_zip_writer_add_mem	mz_zip_writer_add_mem_ex_v2
mz_zip_writer_add_mem_ex	mz_zip_writer_add_mem_ex_v2
mz_zip_writer_add_mem_ex_v2	__assert_fail@plt
mz_zip_writer_add_mem_ex_v2	__stack_chk_fail@plt
mz_zip_writer_add_mem_ex_v2	mz_crc32
mz_zip_writer_add_mem_ex_v2	mz_zip_array_ensure_capacity.isra.5
mz_zip_writer_add_mem_ex_v2	mz_zip_time_t_to_dos_time
mz_zip_writer_add_mem_ex_v2	mz_zip_writer_add_to_central_dir
mz_zip_writer_add_mem_ex_v2	mz_zip_writer_create_local_dir_header.constprop.23
mz_zip_writer_add_mem_ex_v2	mz_zip_writer_create_zip64_extra_data
mz_zip_writer_add_mem_ex_v2	mz_zip_writer_write_zeros
mz_zip_writer_add_mem_ex_v2	strlen@plt
mz_zip_writer_add_mem_ex_v2	tdefl_compress_buffer
mz_zip_writer_add_mem_ex_v2	tdefl_init
mz_zip_writer_add_mem_ex_v2	time@plt
mz_zip_writer_add_read_buf_callback	__assert_fail@plt
mz_zip_writer_add_read_buf_callback	__stack_chk_fail@plt
mz_zip_writer_add_read_buf_callback	mz_crc32
mz_zip_writer_add_read_buf_callback	mz_zip_time_t_to_dos_time
mz_zip_writer_add_read_buf_callback	mz_zip_writer_add_to_central_dir
mz_zip_writer_add_read_buf_callback	mz_zip_writer_create_local_dir_header.constprop.23
mz_zip_writer_add_read_buf_callback	mz_zip_writer_create_zip64_extra_data
mz_zip_writer_add_read_buf_callback	mz_zip_writer_write_zeros
mz_zip_writer_add_read_buf_callback	strlen@plt
mz_zip_writer_add_read_buf_callback	tdefl_compress_buffer
mz_zip_writer_add_read_buf_callback	tdefl_init
mz_zip_writer_add_to_central_dir	__stack_chk_fail@plt
mz_zip_writer_add_to_central_dir	mz_zip_array_ensure_capacity.isra.5
mz_zip_writer_end_internal	fclose@plt
mz_zip_writer_finalize_archive	__stack_chk_fail@plt
mz_zip_writer_finalize_archive	fflush@plt
mz_zip_writer_finalize_heap_archive	mz_zip_writer_finalize_archive
mz_zip_writer_init_cfile	ftello64@plt
mz_zip_writer_init_cfile	mz_zip_writer_init_v2
mz_zip_writer_init_file	fopen64@plt
mz_zip_writer_init_file	mz_zip_writer_end_internal
mz_zip_writer_init_file_v2	fopen64@plt
mz_zip_writer_init_file_v2	mz_zip_writer_end_internal
mz_zip_writer_init_file_v2	mz_zip_writer_init_v2
mz_zip_writer_init_file_v2.part.17	__stack_chk_fail@plt
mz_zip_writer_init_file_v2.part.17	mz_zip_writer_end_internal
mz_zip_writer_init_from_reader	freopen64@plt
mz_zip_writer_init_from_reader	mz_zip_reader_end_internal
mz_zip_writer_init_from_reader_v2	freopen64@plt
mz_zip_writer_init_from_reader_v2	mz_zip_reader_end_internal
mz_zip_writer_init_heap	mz_zip_writer_end_internal
mz_zip_writer_init_heap_v2	mz_zip_writer_end_internal
mz_zip_writer_init_heap_v2	mz_zip_writer_init_v2
mz_zip_writer_write_zeros	__memset_chk@plt
mz_zip_writer_write_zeros	__stack_chk_fail@plt
navigate_to_error_line	ctext_bound_scrolling_to_cursor
navigate_to_error_line	ctext_get_line_number_for_pos
navigate_to_error_line	ctext_get_pos_for_line_number
navigate_to_error_line	set_code_tab
navigate_to_error_line.part.0	ctext_bound_scrolling_to_cursor
navigate_to_error_line.part.0	ctext_get_line_number_for_pos
navigate_to_error_line.part.0	ctext_get_pos_for_line_number
navigate_to_error_line.part.0	set_code_tab
new_localvar	checklimit.part.122
new_localvar	luaC_barrier_
new_localvar	luaM_growaux_
newupvalue	checklimit.part.122
newupvalue	luaC_barrier_
newupvalue	luaM_growaux_
normalise_pico8_path	__memcpy_chk@plt
normalise_pico8_path	__stack_chk_fail@plt
normalise_pico8_path	__stpcpy_chk@plt
normalise_pico8_path	stpcpy@plt
normalise_pico8_path	strcpy@plt
os_clock	clock@plt
os_date	__stack_chk_fail@plt
os_date	gmtime@plt
os_date	index2addr
os_date	localtime@plt
os_date	luaL_addlstring
os_date	luaL_argerror
os_date	luaL_checknumber
os_date	luaL_optlstring.constprop.153
os_date	luaL_prepbuffsize
os_date	luaL_pushresult
os_date	lua_createtable.constprop.163
os_date	lua_pushfstring
os_date	lua_setfield.constprop.162
os_date	strchr@plt
os_date	strftime@plt
os_date	time@plt
os_difftime	difftime@plt
os_difftime	luaL_checknumber
os_difftime	luaL_checknumber.constprop.151
os_execute	__errno_location@plt
os_execute	luaL_optlstring.constprop.153
os_execute	lua_pushstring
os_execute	strerror@plt
os_execute	system@plt
os_exit	close_state
os_exit	exit@plt
os_exit	luaL_optinteger
os_exit	lua_toboolean
os_getenv	getenv@plt
os_getenv	lua_pushstring
os_getenv	lua_tolstring
os_getenv	tag_error
os_remove	__errno_location@plt
os_remove	lua_pushfstring
os_remove	lua_tolstring
os_remove	remove@plt
os_remove	strerror@plt
os_remove	tag_error
os_rename	__errno_location@plt
os_rename	lua_pushstring
os_rename	lua_tolstring
os_rename	lua_tolstring.constprop.187
os_rename	rename@plt
os_rename	strerror@plt
os_rename	tag_error
os_setlocale	luaL_argerror
os_setlocale	luaL_optlstring.constprop.153
os_setlocale	lua_pushfstring
os_setlocale	lua_pushstring
os_setlocale	lua_tolstring.constprop.187
os_setlocale	setlocale@plt
os_setlocale	strcmp@plt
os_setlocale	tag_error
os_time	__stack_chk_fail@plt
os_time	getfield
os_time	luaL_checktype.constprop.173
os_time	lua_getfield
os_time	lua_toboolean
os_time	mktime@plt
os_time	time@plt
os_tmpname	__stack_chk_fail@plt
os_tmpname	close@plt
os_tmpname	luaL_error
os_tmpname	lua_pushstring
os_tmpname	mkstemp@plt
p8__yielded_to_escape_slice	lua_gettop
p8__yielded_to_escape_slice	lua_pushboolean
p8__yielded_to_escape_slice	lua_tonumberx
p8__yielded_to_escape_slice	lua_type
p8_backup	p8_backup.part.6
p8_backup.part.6	__sprintf_chk@plt
p8_backup.part.6	__stack_chk_fail@plt
p8_backup.part.6	codo_split_filename
p8_backup.part.6	pico_print
p8_backup.part.6	save_backup
p8_bbsreq	lua_pushnil
p8_bbsreq	show_message
p8_btn	lua_gettop
p8_btn	lua_pushboolean
p8_btn	lua_pushnumber
p8_btn	lua_tonumberx
p8_btn	spend_cpu
p8_btnp	lua_gettop
p8_btnp	lua_pushboolean
p8_btnp	lua_pushnumber
p8_btnp	lua_tonumberx
p8_btnp	spend_cpu
p8_camera	lua_pushnumber
p8_camera	lua_tonumberx
p8_camera	pico8_peek
p8_camera	pico8_poke
p8_cartdata	__stack_chk_fail@plt
p8_cartdata	load_cdata
p8_cartdata	lua_gettop
p8_cartdata	lua_pushboolean
p8_cartdata	lua_tolstring
p8_cd	__sprintf_chk@plt
p8_cd	__stack_chk_fail@plt
p8_cd	codo_find_close
p8_cd	codo_find_first
p8_cd	codo_resolve_filename
p8_cd	codo_strcpy
p8_cd	lua_gettop
p8_cd	lua_tolstring
p8_cd	pico_print_col
p8_cd	strlen@plt
p8_cd	strstr@plt
p8_chr	__stack_chk_fail@plt
p8_chr	codo_free
p8_chr	codo_malloc
p8_chr	lua_gettop
p8_chr	lua_pushlstring
p8_chr	lua_tonumberx
p8_chr	spend_cpu
p8_circ	draw_oval
p8_circ	lua_gettop
p8_circ	lua_tonumberx
p8_circ	spend_cpu
p8_circfill	draw_filloval
p8_circfill	lua_gettop
p8_circfill	lua_tonumberx
p8_circfill	spend_cpu
p8_clip	lua_gettop
p8_clip	lua_pushnumber
p8_clip	lua_toboolean
p8_clip	lua_tonumberx
p8_clip	update_gfx_clipping
p8_cls	codo_rectfill
p8_cls	lua_gettop
p8_cls	lua_tonumberx
p8_cls	spend_cpu
p8_cls	update_gfx_clipping
p8_color	lua_gettop
p8_color	lua_pushnumber
p8_color	lua_tonumberx
p8_cstore	__stack_chk_fail@plt
p8_cstore	__strcat_chk@plt
p8_cstore	codo_prefix_with_appdata_path
p8_cstore	codo_split_filename
p8_cstore	codo_strcpy
p8_cstore	cstore_cart_partial
p8_cstore	get_embedded_cart_hash_for_filename
p8_cstore	get_sandboxed_cstore_filename
p8_cstore	lua_gettop
p8_cstore	lua_pushnumber
p8_cstore	lua_tolstring
p8_cstore	lua_tonumberx
p8_cstore	lua_type
p8_cstore	spend_cpu
p8_cstore	strlen@plt
p8_cstore	strstr@plt
p8_cursor	lua_gettop
p8_cursor	lua_pushnumber
p8_cursor	lua_tonumberx
p8_dget	lua_pushnumber
p8_dget	lua_tonumberx
p8_dget	pico8_runtime_error
p8_dset	lua_tonumberx
p8_dset	pico8_runtime_error
p8_export	__stack_chk_fail@plt
p8_export	__strcpy_chk@plt
p8_export	codo_file_exists
p8_export	do_export
p8_export	extract_parameters
p8_export	lua_gettop
p8_export	lua_tolstring
p8_export	pico_print
p8_export	pico_print_col
p8_export	resolve_to_host_filename
p8_export	spend_cpu
p8_extcmd	__sprintf_chk@plt
p8_extcmd	__stack_chk_fail@plt
p8_extcmd	blit_pico8_back_page_to_pico8_screen
p8_extcmd	build_paused_menu
p8_extcmd	codo_audio_rec
p8_extcmd	codo_get_time
p8_extcmd	codo_launch_html
p8_extcmd	codo_set_window_title
p8_extcmd	follow_current_breadcrumb
p8_extcmd	get_current_gif_len
p8_extcmd	get_run_chain_filename
p8_extcmd	lua_cpu_superyield
p8_extcmd	lua_tolstring
p8_extcmd	lua_tonumberx
p8_extcmd	prefix_with_file_output_path
p8_extcmd	reset_video
p8_extcmd	save_gif
p8_extcmd	save_png_screenshot
p8_extcmd	save_stream_wav
p8_extcmd	set_cart_label
p8_extcmd	show_message
p8_extcmd	show_message_2
p8_extcmd	strncpy@plt
p8_fget	lua_gettop
p8_fget	lua_pushboolean
p8_fget	lua_pushnumber
p8_fget	lua_tonumberx
p8_fillp	lua_gettop
p8_fillp	lua_pushnumber
p8_fillp	lua_tonumberx
p8_flip	blit_pico8_back_page_to_pico8_screen
p8_flip	lua_cpu_superyield
p8_flip	lua_reset_cpu_cycles
p8_flip	read_buttons
p8_flip	record_resource_data
p8_flip	record_video_frame
p8_flip	serial_end_frame
p8_flip	update_paused_menu
p8_folder	__sprintf_chk@plt
p8_folder	__stack_chk_fail@plt
p8_folder	codo_launch_html
p8_folder	codo_prefix_with_appdata_path
p8_folder	codo_prefix_with_desktop_path
p8_folder	lua_tolstring
p8_folder	pico_print_col
p8_fpow	spend_cpu
p8_fpow_0110	spend_cpu
p8_fset	lua_gettop
p8_fset	lua_toboolean
p8_fset	lua_tonumberx
p8_fsqrt	spend_cpu
p8_get_menu_item_selected	lua_pushnumber
p8_get_menu_item_selected	lua_tonumberx
p8_help	lua_gettop
p8_help	lua_tolstring
p8_help	lua_type
p8_help	pico_print
p8_help	pico_print_col
p8_help	print_help_topic
p8_import	__stack_chk_fail@plt
p8_import	do_import
p8_import	lua_gettop
p8_import	lua_tolstring
p8_import	spend_cpu
p8_info	p8_info.part.3
p8_info.part.3	__sprintf_chk@plt
p8_info.part.3	__stack_chk_fail@plt
p8_info.part.3	codo_free
p8_info.part.3	codo_malloc
p8_info.part.3	codo_split_filename
p8_info.part.3	codo_strcpy
p8_info.part.3	compress_mini
p8_info.part.3	count_tokens
p8_info.part.3	detect_external_changes
p8_info.part.3	detect_unsaved_changes
p8_info.part.3	invalidate_capacity_cache
p8_info.part.3	merge_code_from_tabs
p8_info.part.3	pico8_flatten_includes
p8_info.part.3	pico_print_2
p8_info.part.3	pico_print_2_col
p8_info.part.3	pico_print_col
p8_info.part.3	strlen@plt
p8_install_demos	install_demo_carts
p8_install_games	install_preloaded_bbs_carts
p8_install_games	pico_print_col
p8_install_games	reload_favourites
p8_install_games	save_splore_favourites
p8_keyconfig	block_buttons
p8_keyconfig	keyconfig_init
p8_line	draw_hline
p8_line	draw_line
p8_line	draw_vline
p8_line	getp_col
p8_line	lua_gettop
p8_line	lua_tonumberx
p8_line	spend_cpu
p8_load	__stack_chk_fail@plt
p8_load	detect_unsaved_changes
p8_load	lua_cpu_superyield
p8_load	lua_gettop
p8_load	lua_pushboolean
p8_load	lua_tolstring
p8_load	lua_type
p8_load	p8_load_0
p8_load	reset_run_chain
p8_load	save_backup
p8_load	save_cdata
p8_load	strncpy@plt
p8_load	unsaved_changes_confirmation
p8_load_0	__sprintf_chk@plt
p8_load_0	__stack_chk_fail@plt
p8_load_0	__strcpy_chk@plt
p8_load_0	add_run_chain_item
p8_load_0	codo_get_clipboard_text
p8_load_0	codo_prefix_with_appdata_path
p8_load_0	codo_split_filename
p8_load_0	codo_strcpy
p8_load_0	convert_hex_to_binary_file
p8_load_0	download_file
p8_load_0	get_bbs_cart_filename_nfo
p8_load_0	get_platform_char
p8_load_0	load_working_cart
p8_load_0	pico8_reload
p8_load_0	pico8_runtime_error
p8_load_0	pico_print
p8_load_0	pico_print_2
p8_load_0	prepare_loaded_cart
p8_load_0	reset_runtime_state
p8_load_0	resolve_to_host_filename
p8_load_0	spend_cpu
p8_load_0	strcmp@plt
p8_load_0	strlen@plt
p8_login	lua_pushnil
p8_login	pico_print
p8_logout	lua_pushnil
p8_ls	__sprintf_chk@plt
p8_ls	__stack_chk_fail@plt
p8_ls	codo_find_first
p8_ls	codo_find_next
p8_ls	lua_createtable
p8_ls	lua_gettop
p8_ls	lua_pushstring
p8_ls	lua_rawseti
p8_ls	lua_tolstring
p8_ls	lua_type
p8_ls	pico8_list_files
p8_ls	resolve_to_host_filename
p8_ls	spend_cpu
p8_ls	strchr@plt
p8_ls	strlen@plt
p8_ls	strstr@plt
p8_map	__stack_chk_fail@plt
p8_map	codo_clip
p8_map	lua_gettop
p8_map	lua_tonumberx
p8_map	lua_type
p8_map	map_getpixel
p8_map	pico8_draw_sprite_pal
p8_map	spend_cpu
p8_map_display	lua_pushboolean
p8_map_display	lua_tonumberx
p8_map_display	set_draw_display
p8_mark_cpu	codo_get_time
p8_mark_cpu	get_cpu_cycles_since_flip
p8_mark_cpu	lua_tonumberx
p8_memcpy	lua_tonumberx
p8_memcpy	pico8_memcpy
p8_memcpy	spend_cpu
p8_memset	lua_tonumberx
p8_memset	pico8_memset
p8_memset	spend_cpu
p8_menuitem	lua_tolstring
p8_menuitem	lua_tonumberx
p8_menuitem	strncpy@plt
p8_mget	lua_pushnumber
p8_mget	lua_tonumberx
p8_mget	map_getpixel
p8_mkdir	lua_gettop
p8_mkdir	pico_print
p8_mkdir.part.8	__stack_chk_fail@plt
p8_mkdir.part.8	__strcpy_chk@plt
p8_mkdir.part.8	codo_is_legal_filename
p8_mkdir.part.8	codo_mkdir
p8_mkdir.part.8	lua_pushnumber
p8_mkdir.part.8	lua_tolstring
p8_mkdir.part.8	pico_print
p8_mkdir.part.8	resolve_to_host_filename
p8_mkdir.part.8	strlen@plt
p8_mset	lua_tonumberx
p8_mset	map_putpixel
p8_music	cmusic_stop
p8_music	codo_play_pico8_song
p8_music	codo_stop_all_sounds
p8_music	lua_gettop
p8_music	lua_tonumberx
p8_music	spend_cpu
p8_ord	__stack_chk_fail@plt
p8_ord	lua_checkstack
p8_ord	lua_gettop
p8_ord	lua_pushnil
p8_ord	lua_pushnumber
p8_ord	lua_tolstring
p8_ord	lua_tonumberx
p8_ord	pico8_runtime_error
p8_ord	spend_cpu
p8_oval	draw_oval
p8_oval	lua_gettop
p8_oval	lua_tonumberx
p8_oval	spend_cpu
p8_ovalfill	draw_filloval
p8_ovalfill	lua_gettop
p8_ovalfill	lua_tonumberx
p8_ovalfill	spend_cpu
p8_pal	activate_extpal_glitch
p8_pal	lua_gettop
p8_pal	lua_next
p8_pal	lua_pushnil
p8_pal	lua_pushnumber
p8_pal	lua_settop
p8_pal	lua_tointegerx
p8_pal	lua_tonumberx
p8_pal	lua_type
p8_pal	spend_cpu
p8_palt	lua_gettop
p8_palt	lua_pushboolean
p8_palt	lua_pushnumber
p8_palt	lua_toboolean
p8_palt	lua_tonumberx
p8_palt	spend_cpu
p8_peek2_multiple	lua_checkstack
p8_peek2_multiple	lua_gettop
p8_peek2_multiple	lua_pushnumber
p8_peek2_multiple	lua_tonumberx
p8_peek2_multiple	pico8_peek
p8_peek2_multiple	pico8_runtime_error
p8_peek2_multiple	spend_cpu
p8_peek4_multiple	lua_checkstack
p8_peek4_multiple	lua_gettop
p8_peek4_multiple	lua_pushnumber
p8_peek4_multiple	lua_tonumberx
p8_peek4_multiple	pico8_peek
p8_peek4_multiple	pico8_runtime_error
p8_peek4_multiple	spend_cpu
p8_peek_multiple	lua_checkstack
p8_peek_multiple	lua_gettop
p8_peek_multiple	lua_pushnumber
p8_peek_multiple	lua_tonumberx
p8_peek_multiple	pico8_peek
p8_peek_multiple	pico8_runtime_error
p8_peek_multiple	spend_cpu
p8_print	__sprintf_chk@plt
p8_print	__stack_chk_fail@plt
p8_print	blit_pico8_back_page_to_pico8_screen
p8_print	lua_cpu_superyield
p8_print	lua_gettop
p8_print	lua_pushnumber
p8_print	lua_reset_cpu_cycles
p8_print	lua_toboolean
p8_print	lua_tolstring
p8_print	lua_tonumberx
p8_print	lua_type
p8_print	lua_typename
p8_print	pico8_print_text
p8_print	read_buttons
p8_print	record_resource_data
p8_print	record_video_frame
p8_print	serial_end_frame
p8_print	strlen@plt
p8_print	update_paused_menu
p8_printh	__fprintf_chk@plt
p8_printh	__sprintf_chk@plt
p8_printh	__stack_chk_fail@plt
p8_printh	__strcat_chk@plt
p8_printh	codo_free
p8_printh	codo_set_clipboard_text
p8_printh	convert_glyphs_to_escaped_ex
p8_printh	fclose@plt
p8_printh	fflush@plt
p8_printh	fopen@plt
p8_printh	fputs@plt
p8_printh	get_p8l_log_file_name.part.18
p8_printh	lua_gettop
p8_printh	lua_toboolean
p8_printh	lua_tolstring
p8_printh	lua_type
p8_printh	lua_typename
p8_printh	pico8_runtime_error
p8_printh	puts@plt
p8_printh	show_message
p8_printh	strlen@plt
p8_printh	strstr@plt
p8_radio	lua_pushnil
p8_radio	lua_pushnumber
p8_reboot	detect_unsaved_changes
p8_reboot	lua_cpu_superyield
p8_reboot	save_backup
p8_reboot	unsaved_changes_confirmation
p8_refund_cpu	lua_tonumberx
p8_reload	__sprintf_chk@plt
p8_reload	__stack_chk_fail@plt
p8_reload	__strcat_chk@plt
p8_reload	codo_debug
p8_reload	codo_fclose
p8_reload	codo_fopen
p8_reload	codo_prefix_with_appdata_path
p8_reload	codo_split_filename
p8_reload	codo_strcpy
p8_reload	get_embedded_cart_hash_for_filename
p8_reload	get_sandboxed_cstore_filename
p8_reload	lua_gettop
p8_reload	lua_pushnumber
p8_reload	lua_tolstring
p8_reload	lua_tonumberx
p8_reload	lua_type
p8_reload	pico8_reload
p8_reload	reload_cart_partial
p8_reload	spend_cpu
p8_reload	strstr@plt
p8_reset	codo_get_time
p8_reset	pico8_poke
p8_reset	pico8_srand
p8_reset	spend_cpu
p8_reset	time@plt
p8_rnd	lua_gettable
p8_rnd	lua_gettop
p8_rnd	lua_pushnumber
p8_rnd	lua_rawlen
p8_rnd	lua_tonumberx
p8_rnd	lua_type
p8_rnd	pico8_random
p8_rnd	spend_cpu
p8_run	lua_cpu_superyield
p8_run	lua_gettop
p8_run	lua_tolstring
p8_run	strncpy@plt
p8_save	__sprintf_chk@plt
p8_save	__stack_chk_fail@plt
p8_save	codo_file_exists
p8_save	codo_is_legal_filename
p8_save	codo_load_clipboard_from_file
p8_save	codo_prefix_with_appdata_path
p8_save	codo_split_filename
p8_save	codo_strcpy
p8_save	convert_binary_file_to_hex
p8_save	do_quick_save
p8_save	inject_p8_extention
p8_save	lua_gettop
p8_save	lua_tolstring
p8_save	lua_type
p8_save	merge_code_from_tabs
p8_save	pico8_peek
p8_save	pico8_poke
p8_save	pico_print
p8_save	pico_print_col
p8_save	resolve_to_host_filename
p8_save	save_cart_to_url
p8_save	save_pico8_cart_png
p8_save	save_working_cart
p8_save	strlen@plt
p8_save	update_window_title
p8_scoresub	lua_pushnil
p8_scoresub	lua_pushnumber
p8_scoresub	show_message
p8_serial	lua_gettop
p8_serial	lua_pushnumber
p8_serial	lua_tolstring
p8_serial	lua_tonumberx
p8_serial	lua_type
p8_serial	set_serial_parameters
p8_serial	spend_cpu
p8_serial	write_to_serial_channel
p8_set_fps	lua_tonumberx
p8_set_mainloop_exists	lua_tonumberx
p8_sfx	cmusic_stop
p8_sfx	codo_play_sfx_ex
p8_sfx	codo_release_looping_pico8_channel
p8_sfx	codo_stop_all_sounds
p8_sfx	codo_stop_sfx
p8_sfx	lua_gettop
p8_sfx	lua_tonumberx
p8_sfx	spend_cpu
p8_sget	codo_getpixel
p8_sget	lua_pushnumber
p8_sget	lua_tonumberx
p8_sget	pico8_peek
p8_shutdown	detect_unsaved_changes
p8_shutdown	lua_cpu_superyield
p8_shutdown	save_backup
p8_shutdown	unsaved_changes_confirmation
p8_split	__stack_chk_fail@plt
p8_split	codo_calloc
p8_split	codo_free
p8_split	codo_memset
p8_split	luaO_str2d
p8_split	lua_createtable
p8_split	lua_gettop
p8_split	lua_pushlstring
p8_split	lua_pushnumber
p8_split	lua_rawseti
p8_split	lua_toboolean
p8_split	lua_tolstring
p8_split	lua_tonumberx
p8_split	lua_type
p8_split	memcpy@plt
p8_split	spend_cpu
p8_split	strlen@plt
p8_splore	block_buttons
p8_splore	splore_enter
p8_splore	unsaved_changes_confirmation
p8_splore	update_window_title
p8_spr	__stack_chk_fail@plt
p8_spr	codo_clip
p8_spr	codo_create_bitmap
p8_spr	codo_destroy_bitmap
p8_spr	codo_memset
p8_spr	lua_gettop
p8_spr	lua_toboolean
p8_spr	lua_tonumberx
p8_spr	pico8_blit
p8_spr	pico8_draw_sprite
p8_spr	spend_cpu
p8_sset	lua_gettop
p8_sset	lua_tonumberx
p8_sset	pico8_peek
p8_sset	pico8_poke
p8_sspr	__stack_chk_fail@plt
p8_sspr	codo_clip
p8_sspr	codo_create_bitmap
p8_sspr	codo_destroy_bitmap
p8_sspr	codo_memset
p8_sspr	lua_gettop
p8_sspr	lua_toboolean
p8_sspr	lua_tonumberx
p8_sspr	pico8_blit
p8_sspr	pico8_stretch_blit
p8_sspr	spend_cpu
p8_stat	__sprintf_chk@plt
p8_stat	__stack_chk_fail@plt
p8_stat	audio_stat
p8_stat	build_paused_menu
p8_stat	codo_count_joysticks
p8_stat	codo_free
p8_stat	codo_get_datetime
p8_stat	codo_get_fps
p8_stat	codo_get_key_state
p8_stat	codo_get_mouse
p8_stat	codo_malloc
p8_stat	codo_music_is_playing
p8_stat	codo_sha1
p8_stat	convert_escaped_to_glyphs
p8_stat	cycles_2_frame_capacity
p8_stat	get_cpu_cycles_since_flip
p8_stat	get_number_of_displays
p8_stat	get_run_chain_label
p8_stat	get_serial_file_remaining
p8_stat	get_serial_image_file_remaining
p8_stat	lua_gc
p8_stat	lua_gettop
p8_stat	lua_pushboolean
p8_stat	lua_pushlstring
p8_stat	lua_pushnil
p8_stat	lua_pushnumber
p8_stat	lua_pushstring
p8_stat	lua_tonumberx
p8_stat	lua_type
p8_stat	memmove@plt
p8_stat	pico8_peek
p8_stat	show_message
p8_stat	spend_cpu
p8_stat	strlen@plt
p8_stop	__sprintf_chk@plt
p8_stop	__stack_chk_fail@plt
p8_stop	blit_pico8_back_page_to_pico8_screen
p8_stop	lua_cpu_superyield
p8_stop	lua_gettop
p8_stop	lua_pushnumber
p8_stop	lua_reset_cpu_cycles
p8_stop	lua_toboolean
p8_stop	lua_tolstring
p8_stop	lua_tonumberx
p8_stop	lua_type
p8_stop	lua_typename
p8_stop	pico8_print_text
p8_stop	read_buttons
p8_stop	record_resource_data
p8_stop	record_video_frame
p8_stop	serial_end_frame
p8_stop	strlen@plt
p8_stop	update_paused_menu
p8_sub	__stack_chk_fail@plt
p8_sub	lua_gettop
p8_sub	lua_pushlstring
p8_sub	lua_tolstring
p8_sub	lua_tonumberx
p8_sub	lua_type
p8_sub	spend_cpu
p8_superyield	lua_cpu_superyield
p8_time	lua_pushnumber
p8_tline	draw_tline
p8_tline	lua_gettop
p8_tline	lua_pushnumber
p8_tline	lua_tonumberx
p8_tline	spend_cpu
p8_tonum	__isoc99_sscanf@plt
p8_tonum	__stack_chk_fail@plt
p8_tonum	lua_gettop
p8_tonum	lua_pushnumber
p8_tonum	lua_toboolean
p8_tonum	lua_tolstring
p8_tonum	lua_tonumberx
p8_tonum	lua_type
p8_tonum	spend_cpu
p8_tostr	__sprintf_chk@plt
p8_tostr	lua_gettop
p8_tostr	lua_pushstring
p8_tostr	lua_settop
p8_tostr	lua_toboolean
p8_tostr	lua_tolstring
p8_tostr	lua_tonumberx
p8_tostr	lua_type
p8_tostr	lua_typename
p8_tostr	spend_cpu
p8_type	lua_gettop
p8_update_buttons	lua_tonumberx
p8_update_buttons	update_buttons
p8_update_frame_rate	update_frame_rate
p8_yield	lua_gettop
p8_yield	lua_pushvalue
p8f_abs	lua_tonumber_from_tvalue
p8f_atan2	lua_tonumber_from_tvalue
p8f_band	lua_tonumber_from_tvalue
p8f_bnot	lua_tonumber_from_tvalue
p8f_bor	lua_tonumber_from_tvalue
p8f_bxor	lua_tonumber_from_tvalue
p8f_ceil	lua_tonumber_from_tvalue
p8f_cos	lua_tonumber_from_tvalue
p8f_flr	lua_tonumber_from_tvalue
p8f_lshr	lua_tonumber_from_tvalue
p8f_max	lua_tonumber_from_tvalue
p8f_mid	lua_tonumber_from_tvalue
p8f_min	lua_tonumber_from_tvalue
p8f_pget	codo_getpixel
p8f_pget	lua_tonumber_from_tvalue
p8f_pget	pico8_peek
p8f_poke	lua_tonumber_from_tvalue
p8f_poke	pico8_poke
p8f_poke	spend_cpu
p8f_poke2	lua_tonumber_from_tvalue
p8f_poke2	pico8_poke
p8f_poke2	spend_cpu
p8f_poke4	lua_tonumber_from_tvalue
p8f_poke4	pico8_poke
p8f_poke4	spend_cpu
p8f_pset	lua_tonumber_from_tvalue
p8f_pset	putpixel
p8f_rect	draw_hline
p8f_rect	draw_vline
p8f_rect	lua_tonumber_from_tvalue
p8f_rect	spend_cpu
p8f_rectfill	draw_hline
p8f_rectfill	draw_vline
p8f_rectfill	lua_tonumber_from_tvalue
p8f_rectfill	spend_cpu
p8f_rotl	lua_tonumber_from_tvalue
p8f_rotr	lua_tonumber_from_tvalue
p8f_sgn	lua_tonumber_from_tvalue
p8f_shl	lua_tonumber_from_tvalue
p8f_shr	lua_tonumber_from_tvalue
p8f_sin	lua_tonumber_from_tvalue
p8f_sqrt	lua_tonumber_from_tvalue
p8f_sqrt	spend_cpu
p8f_srand	lua_tonumber_from_tvalue
p8f_srand	pico8_srand
pack	luaC_step
pack	luaH_new
pack	luaH_resize
pack	lua_rawseti
pack	lua_rawseti.constprop.172
pack	lua_setfield.constprop.162
pack	spend_cpu
panic	__fprintf_chk@plt
panic	fflush@plt
panic	lua_tolstring.constprop.186
patchlistaux	luaX_syntaxerror
pcallcont	lua_checkstack
pcallcont	lua_pushstring
pico8_assert_message	strncpy@plt
pico8_blit	codo_clip
pico8_blit	codo_reset_clip
pico8_blit	codo_restore_clip
pico8_blit	codo_save_clip
pico8_convert_bitmap	codo_blit
pico8_convert_bitmap	codo_getpixel
pico8_convert_bitmap	codo_putpixel
pico8_convert_bitmap_to_screen_pal	codo_blit
pico8_convert_bitmap_to_screen_pal	codo_getpixel
pico8_convert_bitmap_to_screen_pal	codo_putpixel
pico8_cstore	codo_save_pico8_cart
pico8_cstore	codo_strcasestr
pico8_cstore	get_rand_seed
pico8_cstore	gpio_read
pico8_cstore	save_pico8_cart_png
pico8_draw_sprite	codo_clip
pico8_draw_sprite_pal	codo_clip
pico8_fixed_to_string	__sprintf_chk@plt
pico8_fixed_to_string	__stack_chk_fail@plt
pico8_fixed_to_string	sprintf@plt
pico8_fixed_to_string	strstr@plt
pico8_flatten_includes	__stack_chk_fail@plt
pico8_flatten_includes	codo_calloc
pico8_flatten_includes	codo_destroy_buffer
pico8_flatten_includes	codo_free
pico8_flatten_includes	ctext_get_line_number_for_pos
pico8_flatten_includes	get_first_token
pico8_flatten_includes	get_include_filename
pico8_flatten_includes	get_next_token
pico8_flatten_includes	get_token
pico8_flatten_includes	load_included_text
pico8_flatten_includes	memcpy@plt
pico8_flatten_includes	pico_print_col
pico8_flatten_includes	strcat@plt
pico8_flatten_includes	strlen@plt
pico8_list_files.part.6	__sprintf_chk@plt
pico8_list_files.part.6	__stack_chk_fail@plt
pico8_list_files.part.6	__strcpy_chk@plt
pico8_list_files.part.6	codo_directory_exists
pico8_list_files.part.6	codo_find_close
pico8_list_files.part.6	codo_find_first
pico8_list_files.part.6	codo_find_next
pico8_list_files.part.6	normalise_pico8_path
pico8_list_files.part.6	pico_print
pico8_list_files.part.6	pico_print_col
pico8_list_files.part.6	resolve_to_host_filename
pico8_list_files.part.6	strstr@plt
pico8_load_config	__isoc99_sscanf@plt
pico8_load_config	__stack_chk_fail@plt
pico8_load_config	codo_fix_path_string
pico8_lua_alloc	codo_free
pico8_lua_alloc	codo_realloc
pico8_lua_alloc	lua_cpu_superyield
pico8_lua_alloc	pico_print
pico8_lua_alloc	pico_print_2
pico8_memcpy	pico8_memcpy_segment.part.1
pico8_memcpy_segment.part.1	activate_extpal_glitch
pico8_memcpy_segment.part.1	get_rand_seed
pico8_memcpy_segment.part.1	gpio_read
pico8_memcpy_segment.part.1	gpio_write
pico8_memcpy_segment.part.1	memcpy@plt
pico8_memcpy_segment.part.1	set_draw_display
pico8_memcpy_segment.part.1	set_rand_seed
pico8_memcpy_segment.part.1	update_gfx_clipping
pico8_memcpy_segment.part.1	update_map_mapping
pico8_memcpy_simple	activate_extpal_glitch
pico8_memcpy_simple	get_rand_seed
pico8_memcpy_simple	gpio_read
pico8_memcpy_simple	gpio_write
pico8_memcpy_simple	set_draw_display
pico8_memcpy_simple	set_rand_seed
pico8_memcpy_simple	update_gfx_clipping
pico8_memcpy_simple	update_map_mapping
pico8_memset	activate_extpal_glitch
pico8_memset	get_rand_seed
pico8_memset	gpio_write
pico8_memset	set_draw_display
pico8_memset	set_rand_seed
pico8_memset	update_gfx_clipping
pico8_memset	update_map_mapping
pico8_memset_simple	activate_extpal_glitch
pico8_memset_simple	get_rand_seed
pico8_memset_simple	gpio_write
pico8_memset_simple	set_draw_display
pico8_memset_simple	set_rand_seed
pico8_memset_simple	update_gfx_clipping
pico8_memset_simple	update_map_mapping
pico8_peek	get_rand_seed
pico8_peek	gpio_read
pico8_peek_1	get_rand_seed
pico8_peek_1	gpio_read
pico8_peek_2	get_rand_seed
pico8_peek_2	gpio_read
pico8_peek_4	get_rand_seed
pico8_peek_4	gpio_read
pico8_poke	get_rand_seed
pico8_prefix_with_cstore_path	__sprintf_chk@plt
pico8_prefix_with_cstore_path	__stack_chk_fail@plt
pico8_prefix_with_cstore_path	codo_prefix_with_appdata_path
pico8_preprocess	codo_malloc
pico8_preprocess	get_first_token
pico8_preprocess	get_next_token
pico8_preprocess	get_token
pico8_preprocess	memcpy@plt
pico8_preprocess	stpcpy@plt
pico8_preprocess	strlen@plt
pico8_print_char	__stack_chk_fail@plt
pico8_print_char	cmusic_stop
pico8_print_char	codo_get_pico8_channel_sfx
pico8_print_char	codo_memset
pico8_print_char	codo_play_sfx_ex
pico8_print_char	codo_rectfill
pico8_print_char	codo_stop_all_sounds
pico8_print_char	cursor_cr
pico8_print_char	draw_character
pico8_print_char	pico8_poke
pico8_print_char	spend_cpu
pico8_print_text	codo_calloc
pico8_print_text	codo_free
pico8_print_text	codo_memset
pico8_print_text	memcpy@plt
pico8_print_text	pico8_print_char
pico8_print_text	reset_print_context
pico8_print_text	spend_cpu
pico8_reload	activate_extpal_glitch
pico8_reload	get_rand_seed
pico8_reload	gpio_write
pico8_reload	set_draw_display
pico8_reload	set_rand_seed
pico8_reload	update_gfx_clipping
pico8_reload	update_map_mapping
pico8_runtime_error	lua_error
pico8_runtime_error	lua_pushstring
pico8_save_config	__fprintf_chk@plt
pico8_save_config	fwrite@plt
pico8_stretch_blit	pico8_draw_sprite
pico_print	codo_draw_text_ex
pico_print	codo_rectfill
pico_print	cursor_cr
pico_print	strlen@plt
pico_print_2	__sprintf_chk@plt
pico_print_2	codo_draw_text_ex
pico_print_2	codo_rectfill
pico_print_2	cursor_cr
pico_print_2	strlen@plt
pico_print_2_col	__sprintf_chk@plt
pico_print_2_col	codo_draw_text_ex
pico_print_2_col	codo_rectfill
pico_print_2_col	cursor_cr
pico_print_2_col	strlen@plt
pico_print_col	codo_draw_text_ex
pico_print_col	codo_rectfill
pico_print_col	cursor_cr
pico_print_col	strlen@plt
player_button	__stack_chk_fail@plt
player_button	codo_get_joystick
player_key	__stack_chk_fail@plt
player_key	codo_get_key_state
player_key	codo_get_mouse
player_key	pico8_peek
populate_splore_list_from_directory	__sprintf_chk@plt
populate_splore_list_from_directory	__stack_chk_fail@plt
populate_splore_list_from_directory	codo_allocate_buffer_size
populate_splore_list_from_directory	codo_find_first
populate_splore_list_from_directory	codo_find_next
populate_splore_list_from_directory	codo_split_filename
populate_splore_list_from_directory	codo_strcasestr
populate_splore_list_from_directory	codo_strcpy
populate_splore_list_from_directory	qsort@plt
populate_splore_list_from_directory	strcmp@plt
populate_splore_list_from_directory	strlen@plt
populate_splore_list_from_directory	strncpy@plt
populate_splore_list_from_png_file	__isoc99_sscanf@plt
populate_splore_list_from_png_file	__sprintf_chk@plt
populate_splore_list_from_png_file	__stack_chk_fail@plt
populate_splore_list_from_png_file	codo_allocate_buffer_size
populate_splore_list_from_png_file	codo_blit
populate_splore_list_from_png_file	codo_create_bitmap
populate_splore_list_from_png_file	codo_destroy_bitmap
populate_splore_list_from_png_file	codo_load_png
populate_splore_list_from_png_file	codo_strcpy
populate_splore_list_from_png_file	extract_label_palette
populate_splore_list_from_png_file	is_input_char
populate_splore_list_from_png_file	pico8_convert_bitmap
populate_splore_list_from_png_file	strcmp@plt
populate_splore_list_from_png_file	strlen@plt
populate_splore_list_from_png_file	strncpy@plt
populate_splore_list_from_text_file	__isoc99_sscanf@plt
populate_splore_list_from_text_file	__sprintf_chk@plt
populate_splore_list_from_text_file	__stack_chk_fail@plt
populate_splore_list_from_text_file	codo_allocate_buffer_size
populate_splore_list_from_text_file	codo_debug
populate_splore_list_from_text_file	codo_fclose
populate_splore_list_from_text_file	codo_feof
populate_splore_list_from_text_file	codo_fgets_sensitive
populate_splore_list_from_text_file	codo_fopen
populate_splore_list_from_text_file	codo_strcasestr
populate_splore_list_from_text_file	codo_strcpy
populate_splore_list_from_text_file	sanitise_splore_item
populate_splore_list_from_text_file	strcmp@plt
powf	pow@plt
preProcessScanlines	Adam7_getpassvalues
preProcessScanlines	__stack_chk_fail@plt
preProcessScanlines	addPaddingBits
preProcessScanlines	codo_free
preProcessScanlines	codo_malloc
preProcessScanlines	codo_realloc
preProcessScanlines	filter.isra.12
prefix_with_file_output_path	__sprintf_chk@plt
prepare_loaded_cart.part.4	__sprintf_chk@plt
prepare_loaded_cart.part.4	__stack_chk_fail@plt
prepare_loaded_cart.part.4	__strcat_chk@plt
prepare_loaded_cart.part.4	apply_legacy_changes.part.0
prepare_loaded_cart.part.4	codo_calloc
prepare_loaded_cart.part.4	codo_clear_undo_stack
prepare_loaded_cart.part.4	codo_debug
prepare_loaded_cart.part.4	codo_destroy_pico8_cart
prepare_loaded_cart.part.4	codo_free
prepare_loaded_cart.part.4	codo_load_pico8_cart
prepare_loaded_cart.part.4	codo_prefix_with_appdata_path
prepare_loaded_cart.part.4	codo_sha1
prepare_loaded_cart.part.4	codo_strcpy
prepare_loaded_cart.part.4	init_editor_state
prepare_loaded_cart.part.4	is_sandboxed_cart_file
prepare_loaded_cart.part.4	merge_code_from_tabs
prepare_loaded_cart.part.4	pico8_peek
prepare_loaded_cart.part.4	pico8_poke
prepare_loaded_cart.part.4	save_pico8_cart_32k_ex.constprop.6
prepare_loaded_cart.part.4	set_code_tab
prepare_loaded_cart.part.4	split_code_to_tabs
prepare_loaded_cart.part.4	strlen@plt
prepare_loaded_cart.part.4	sync_shared_gfx_to_map
prepare_loaded_cart.part.4	sync_shared_map_to_gfx
prepare_loaded_cart.part.4	update_window_title
print_help_topic	__memcpy_chk@plt
print_help_topic	__sprintf_chk@plt
print_help_topic	__stack_chk_fail@plt
print_help_topic	codo_clear_bitmap
print_help_topic	codo_draw_text_ex
print_help_topic	codo_line
print_help_topic	codo_rectfill
print_help_topic	cursor_cr
print_help_topic	draw_circle
print_help_topic	draw_rectfill
print_help_topic	get_char_cat
print_help_topic	pico_print
print_help_topic	pico_print_col
print_help_topic	set_view
print_help_topic	show_message
print_help_topic	strlen@plt
print_splore_exit_message	codo_blit
print_splore_exit_message	codo_clear_bitmap
print_splore_exit_message	codo_create_bitmap
print_splore_exit_message	codo_reset_clip
print_splore_exit_message	pico_print
print_splore_exit_message	pico_print_col
print_table_state	__printf_chk@plt
print_table_state	luaH_getint.part.53
print_traceback	__isoc99_sscanf@plt
print_traceback	__sprintf_chk@plt
print_traceback	__stack_chk_fail@plt
print_traceback	__strncpy_chk@plt
print_traceback	error_pico_print_col
print_traceback	find_tab_line
print_traceback	lua_getglobal
print_traceback	lua_pcallk
print_traceback	lua_settop
print_traceback	lua_tolstring
print_traceback	pico_print_col
print_traceback	strstr@plt
process_arguments	__isoc99_sscanf@plt
process_arguments	__stack_chk_fail@plt
process_arguments	codo_fix_path_string
process_arguments	codo_strcpy
process_arguments	fopen@plt
process_arguments	memset@plt
process_arguments	strncpy@plt
process_cart_menu_action	__sprintf_chk@plt
process_cart_menu_action	block_buttons
process_cart_menu_action	codo_get_time
process_cart_menu_action	codo_launch_html
process_cart_menu_action	codo_strcpy
process_cart_menu_action	download_list
process_cart_menu_action	reset_runtime_state
process_cart_menu_action	set_view
process_cart_menu_action	splore_toggle_favourite
process_cart_menu_action	strchr@plt
process_cart_menu_action	strcmp@plt
process_cart_menu_action	strncpy@plt
process_cart_menu_action	update_window_title
process_command	pico_print
process_command	reboot_machine
process_command	reset_lua_machine
process_command	run_cart
process_command	suspend_program
process_devkit_mouse_activity	__stack_chk_fail@plt
process_devkit_mouse_activity	codo_get_mouse
process_editor_keypresses	__stack_chk_fail@plt
process_editor_keypresses	backup_audio
process_editor_keypresses	backup_sfx
process_editor_keypresses	clear_selected_region
process_editor_keypresses	cmusic_stop
process_editor_keypresses	codo_any_sound_is_playing
process_editor_keypresses	codo_blit
process_editor_keypresses	codo_clear_bitmap
process_editor_keypresses	codo_create_bitmap
process_editor_keypresses	codo_destroy_bitmap
process_editor_keypresses	codo_destroy_pico8_cart
process_editor_keypresses	codo_get_clipboard_text
process_editor_keypresses	codo_get_key_state
process_editor_keypresses	codo_gui_key_event
process_editor_keypresses	codo_keypressed
process_editor_keypresses	codo_mixer_callback_0
process_editor_keypresses	codo_play_pico8_song
process_editor_keypresses	codo_play_sfx_ex
process_editor_keypresses	codo_push_undo_state
process_editor_keypresses	codo_readkey
process_editor_keypresses	codo_rectfill
process_editor_keypresses	codo_redo
process_editor_keypresses	codo_release_looping_pico8_channel
process_editor_keypresses	codo_stop_all_sounds
process_editor_keypresses	codo_strcpy
process_editor_keypresses	codo_stretch_blit
process_editor_keypresses	codo_undo
process_editor_keypresses	convert_bbs_code_to_bmp
process_editor_keypresses	convert_bbs_code_to_song
process_editor_keypresses	convert_bmp_to_bbs_code
process_editor_keypresses	count_tokens
process_editor_keypresses	create_undo_bmp_state
process_editor_keypresses	create_undo_sfx64_state
process_editor_keypresses	cursor_cr
process_editor_keypresses	do_copy_patterns
process_editor_keypresses	do_copy_sfx
process_editor_keypresses	do_copy_sfxes
process_editor_keypresses	do_paste_patterns
process_editor_keypresses	do_paste_sfx
process_editor_keypresses	do_paste_sfxes
process_editor_keypresses	do_quick_load
process_editor_keypresses	do_quick_save
process_editor_keypresses	draw_command_string
process_editor_keypresses	get_selected_area
process_editor_keypresses	map_deselect
process_editor_keypresses	map_op
process_editor_keypresses	map_select
process_editor_keypresses	memcpy@plt
process_editor_keypresses	move_map_sprites
process_editor_keypresses	print_help_topic
process_editor_keypresses	restore_undo_bmp_state
process_editor_keypresses	restore_undo_sfx64_state
process_editor_keypresses	search_across_tabs
process_editor_keypresses	set_view
process_editor_keypresses	set_view.constprop.7
process_editor_keypresses	sfx_key_pressed
process_editor_keypresses	show_message
process_editor_keypresses	show_message_2
process_editor_keypresses	sprite_op
process_editor_keypresses	strlen@plt
process_editor_keypresses	switch_sprite
process_editor_keypresses	switch_zoom
process_editor_keypresses	sync_shared_gfx_to_map
process_editor_keypresses	sync_shared_map_to_gfx
process_immediate_mode_keypresses	codo_blit
process_immediate_mode_keypresses	codo_clear_bitmap
process_immediate_mode_keypresses	codo_find_close
process_immediate_mode_keypresses	codo_free
process_immediate_mode_keypresses	codo_get_clipboard_text
process_immediate_mode_keypresses	codo_get_key_state
process_immediate_mode_keypresses	codo_get_time
process_immediate_mode_keypresses	codo_has_clipboard_text
process_immediate_mode_keypresses	codo_keypressed
process_immediate_mode_keypresses	codo_readkey
process_immediate_mode_keypresses	codo_rectfill
process_immediate_mode_keypresses	codo_set_clipboard_text
process_immediate_mode_keypresses	codo_strcpy
process_immediate_mode_keypresses	convert_escaped_to_glyphs_ex
process_immediate_mode_keypresses	convert_glyphs_to_escaped_ex
process_immediate_mode_keypresses	cursor_cr
process_immediate_mode_keypresses	do_quick_load
process_immediate_mode_keypresses	do_quick_save
process_immediate_mode_keypresses	draw_command_string.constprop.12
process_immediate_mode_keypresses	keyconfig_keypress
process_immediate_mode_keypresses	memmove@plt
process_immediate_mode_keypresses	pico_print
process_immediate_mode_keypresses	run_program
process_immediate_mode_keypresses	set_view
process_immediate_mode_keypresses	spend_cpu
process_immediate_mode_keypresses	splore_entering_text
process_immediate_mode_keypresses	splore_keypress
process_immediate_mode_keypresses	strcmp@plt
process_immediate_mode_keypresses	strlen@plt
process_immediate_mode_keypresses	tab_completion
process_paused_keypresses	block_buttons
process_paused_keypresses	build_paused_menu
process_paused_keypresses	button_pressed
process_paused_keypresses	codo_toggle_fullscreen
process_paused_keypresses	follow_current_breadcrumb
process_paused_keypresses	keyconfig_init
process_paused_keypresses	set_view
process_paused_keypresses	splore_toggle_favourite_ingame
process_paused_keypresses	splore_update_cartridge_to_newer_version
process_paused_keypresses	suspend_program
process_paused_keypresses	update_window_title
process_running_keypresses	block_buttons
process_running_keypresses	codo_free
process_running_keypresses	codo_get_clipboard_text
process_running_keypresses	codo_get_key_state
process_running_keypresses	codo_get_time
process_running_keypresses	codo_keypressed
process_running_keypresses	codo_malloc
process_running_keypresses	codo_readkey
process_running_keypresses	convert_escaped_to_glyphs
process_running_keypresses	do_quick_load
process_running_keypresses	do_quick_save
process_running_keypresses	strlen@plt
propagatemark	luaT_gettm
propagatemark	reallymarkobject
propagatemark	strchr@plt
propagatemark	traverseephemeron
push_captures	luaL_error
push_captures	lua_checkstack
push_captures	lua_pushlstring
pushglobalfuncname	findfield
pushglobalfuncname	index2addr
pushglobalfuncname	luaC_barrier_
pushglobalfuncname	luaH_getint.part.53
pushglobalfuncname	lua_getinfo
pushglobalfuncname	lua_settop
pxa_build_hash_lookup	malloc@plt
pxa_build_hash_lookup	memcpy@plt
pxa_build_hash_lookup	memset@plt
pxa_compress	__stack_chk_fail@plt
pxa_compress	codo_free
pxa_compress	codo_malloc
pxa_compress	memcpy@plt
pxa_compress	memmove@plt
pxa_compress	memset@plt
pxa_compress	pxa_build_hash_lookup
pxa_compress	pxa_find_repeatable_block
pxa_decompress	__stack_chk_fail@plt
pxa_decompress	memmove@plt
read_anim_channel.isra.3	__memcpy_chk@plt
read_anim_channel.isra.3	__stack_chk_fail@plt
read_anim_channel.isra.3	canim_channel_set_num_states
read_anim_channel.isra.3	fread@plt
read_anim_channel.isra.3	memcpy@plt
read_bitmap	codo_create_bitmap
read_bitmap	codo_fread
read_bitmap	codo_fread_int32
read_buttons	__stack_chk_fail@plt
read_buttons	codo_get_key_state
read_buttons	codo_get_mouse
read_buttons	codo_random
read_buttons	pico8_peek
read_buttons	player_button
read_long_string	__stack_chk_fail@plt
read_long_string	inclinenumber
read_long_string	lexerror
read_long_string	luaX_newstring
read_long_string	luaZ_fill
read_long_string	save
reallymarkobject	reallymarkobject
reboot_machine	__sprintf_chk@plt
reboot_machine	__stack_chk_fail@plt
reboot_machine	__strcpy_chk@plt
reboot_machine	boot_init
reboot_machine	calculate_dormant_tokens
reboot_machine	codo_create_ctext
reboot_machine	codo_create_pico8_cart
reboot_machine	codo_destroy_ctext
reboot_machine	codo_destroy_pico8_cart
reboot_machine	codo_file_exists
reboot_machine	codo_memset
reboot_machine	codo_strcpy
reboot_machine	hash_cart
reboot_machine	invalidate_capacity_cache
reboot_machine	invalidate_ctext_colors
reboot_machine	resolve_to_host_filename
reboot_machine	update_window_title
recfield.isra.134	__stack_chk_fail@plt
recfield.isra.134	addk
recfield.isra.134	checklimit.part.122
recfield.isra.134	checknext
recfield.isra.134	luaK_code
recfield.isra.134	luaK_dischargevars
recfield.isra.134	luaK_exp2RK
recfield.isra.134	luaK_exp2anyreg
recfield.isra.134	luaX_next.part.119
recfield.isra.134	str_checkname
recfield.isra.134	subexpr
record_resource_data	codo_get_fps
record_resource_data	lua_get_cpu_cycles
record_stream	LZ4_compress
record_stream	LZ4_compressHC
record_stream	__printf_chk@plt
record_stream	cbuffer_add_uint8
record_stream	codo_create_buffer
record_stream	memcpy@plt
record_test_video	LZ4_compressHC
record_test_video	cbuffer_add_uint8
record_test_video	codo_blit
record_test_video	codo_create_bitmap
record_test_video	codo_create_buffer
record_test_video	codo_get_key_state
record_test_video	codo_malloc
record_video_frame	__stack_chk_fail@plt
record_video_frame	codo_blit
record_video_frame	codo_create_bitmap
record_video_frame	codo_get_mouse
record_video_frame	codo_get_time
record_video_frame	draw_extpal_glitch
record_video_frame	memset@plt
reload_cart_partial	codo_destroy_pico8_cart
reload_cart_partial	codo_strcpy
reload_cart_partial	load_pico8_cart_any_format
reload_cart_partial	pico8_peek
reload_cart_partial	pico8_poke
reload_cart_partial	strcmp@plt
reload_favourites	__stack_chk_fail@plt
reload_favourites	codo_prefix_with_appdata_path
reload_favourites	populate_splore_list_from_text_file
reset_lua_machine	add_c_functions
reset_lua_machine	lua_close
reset_lua_machine	lua_gc
reset_lua_machine	lua_newstate
reset_lua_machine	lua_newthread
reset_print_context	pico8_peek
reset_rate_limits	codo_get_time
reset_runtime_state	__stack_chk_fail@plt
reset_runtime_state	destroy_print_buffer
reset_runtime_state	get_rand_seed
reset_runtime_state	gpio_open
reset_runtime_state	pico8_memset
reset_runtime_state	pico8_peek
reset_runtime_state	pico8_poke
reset_runtime_state	reset_print_context
reset_runtime_state	reset_serial_file_buffers
reset_runtime_state	serial_init_runtime
reset_runtime_state	set_rand_seed
reset_runtime_state	update_gfx_clipping
reset_splore_animation	codo_get_time
resolve_to_host_filename	__stpcpy_chk@plt
resolve_to_host_filename	normalise_pico8_path
restore_audio	codo_malloc
restore_audio	memcpy@plt
restore_bmp	codo_blit
restore_bmp	codo_create_bitmap
restore_bmp	codo_destroy_bitmap
restore_sfx	codo_blit
restore_sfx	codo_create_bitmap
restore_sfx	codo_destroy_bitmap
restore_sfx	codo_malloc
restore_sfx	codo_memset
restore_undo_bmp_state	codo_create_bitmap
restore_undo_bmp_state	codo_destroy_bitmap
restore_undo_bmp_state	codo_fread
restore_undo_bmp_state	codo_fread_int32
restore_undo_bmp_state	codo_fread_uint32
restore_undo_ctext_state.isra.0	codo_fread_int32
restore_undo_ctext_state.isra.0	codo_fwrite
restore_undo_ctext_state.isra.0	codo_strcpy
restore_undo_ctext_state.isra.0	strlen@plt
restore_undo_sfx64_state	codo_fread
restore_undo_sfx64_state	codo_fread_int32
restore_undo_sfx64_state	set_view
resume	luaD_poscall
resume	luaD_precall
resume	luaV_execute
resume	resume_error
resume_error	luaD_throw
resume_error	luaS_newlstr
rle_compress	cbuffer_add_uint8
run_cart	__sprintf_chk@plt
run_cart	__stack_chk_fail@plt
run_cart	add_c_functions
run_cart	block_buttons
run_cart	cmusic_stop
run_cart	codo_debug
run_cart	codo_get_time
run_cart	codo_prefix_with_appdata_path
run_cart	codo_stop_all_sounds
run_cart	codo_strcasestr
run_cart	codo_strcpy
run_cart	detect_unsaved_changes
run_cart	hash_cart
run_cart	lua_close
run_cart	lua_gc
run_cart	lua_newstate
run_cart	lua_newthread
run_cart	map_deselect
run_cart	pico8_reload
run_cart	pico8_srand
run_cart	run_program
run_cart	save_backup
run_cart	save_backup_on_run
run_cart	set_draw_display
run_cart	strcat@plt
run_cart	strlen@plt
run_cart	strstr@plt
run_cart	time@plt
run_config	__isoc99_sscanf@plt
run_config	__sprintf_chk@plt
run_config	__stack_chk_fail@plt
run_config	pico_print_2
run_config	pico_print_col
run_config	reset_video
run_program	__sprintf_chk@plt
run_program	__stack_chk_fail@plt
run_program	__strcat_chk@plt
run_program	add_c_functions_system
run_program	block_buttons
run_program	codo_allocate_buffer_size
run_program	codo_create_buffer
run_program	codo_destroy_buffer
run_program	codo_free
run_program	codo_malloc
run_program	codo_strcpy
run_program	count_tokens
run_program	ctext_bound_scrolling_to_cursor
run_program	ctext_get_line_number_for_pos
run_program	ctext_get_pos_for_line_number
run_program	error_pico_print_col
run_program	extract_syntax_error
run_program	find_tab_line
run_program	get_nth_line_ex
run_program	luaL_loadstring
run_program	lua_reset_call_state_pico8
run_program	lua_reset_cpu_cycles
run_program	lua_set_cpu_cycles_slice_max
run_program	lua_tolstring
run_program	memset@plt
run_program	pico8_flatten_includes
run_program	pico8_preprocess
run_program	pico_print_2
run_program	pico_print_col
run_program	reset_runtime_state
run_program	run_config
run_program	set_code_tab
run_program	strcat@plt
run_program	strcmp@plt
run_program	strlen@plt
run_program	strncmp@plt
run_program	strstr@plt
run_slice	__sprintf_chk@plt
run_slice	__stack_chk_fail@plt
run_slice	add_c_functions
run_slice	codo_allocate_buffer_size
run_slice	codo_create_buffer
run_slice	codo_debug
run_slice	codo_get_time
run_slice	continue_print_text
run_slice	count_visible_tabs
run_slice	extract_runtime_error
run_slice	find_tab_line
run_slice	get_nth_line_ex
run_slice	luaC_fullgc
run_slice	lua_close
run_slice	lua_cpu_prepare_for_resume
run_slice	lua_cpu_prepare_for_slice
run_slice	lua_gc
run_slice	lua_newstate
run_slice	lua_newthread
run_slice	lua_resume
run_slice	lua_set_cpu_cycles_slice_max
run_slice	lua_tolstring
run_slice	navigate_to_error_line.part.0
run_slice	pico_print_col
run_slice	print_traceback
run_slice	save_cdata
run_slice	strcat@plt
run_slice	strlen@plt
run_slice	suspend_program
run_slice	timer_end
run_slice	timer_start
run_slice_section	__sprintf_chk@plt
run_slice_section	__stack_chk_fail@plt
run_slice_section	add_c_functions
run_slice_section	codo_allocate_buffer_size
run_slice_section	codo_create_buffer
run_slice_section	codo_debug
run_slice_section	codo_get_time
run_slice_section	count_visible_tabs
run_slice_section	error_pico_print_col
run_slice_section	extract_runtime_error
run_slice_section	find_tab_line
run_slice_section	get_nth_line_ex
run_slice_section	luaC_fullgc
run_slice_section	lua_close
run_slice_section	lua_cpu_prepare_for_resume
run_slice_section	lua_gc
run_slice_section	lua_newstate
run_slice_section	lua_newthread
run_slice_section	lua_resume
run_slice_section	lua_tolstring
run_slice_section	navigate_to_error_line.part.0
run_slice_section	pico_print_col
run_slice_section	print_traceback
run_slice_section	save_cdata
run_slice_section	strcat@plt
run_slice_section	strlen@plt
run_slice_section	suspend_program
run_slice_section	timer_end
run_slice_section	timer_start
sanitise_author_string	strlen@plt
sanitise_splore_item	is_input_char
sanitise_splore_item	strlen@plt
sanitise_title_string	is_input_char
sanitise_title_string	strlen@plt
save	lexerror
save	luaM_realloc_
save_backup_ex	__sprintf_chk@plt
save_backup_ex	__stack_chk_fail@plt
save_backup_ex	__stpcpy_chk@plt
save_backup_ex	__strcat_chk@plt
save_backup_ex	__strcpy_chk@plt
save_backup_ex	codo_fclose
save_backup_ex	codo_fopen
save_backup_ex	codo_fread
save_backup_ex	codo_free
save_backup_ex	codo_fwrite
save_backup_ex	codo_get_datetime
save_backup_ex	codo_malloc
save_backup_ex	codo_prefix_with_appdata_path
save_backup_ex	codo_save_pico8_cart
save_backup_ex	codo_split_filename
save_backup_ex	codo_strcasestr
save_backup_ex	codo_strcpy
save_backup_ex	merge_code_from_tabs
save_backup_ex	save_pico8_cart_png_ex
save_backup_ex	save_pico8_cart_rom_ex
save_backup_ex.constprop.5	__stack_chk_fail@plt
save_backup_ex.constprop.5	__stpcpy_chk@plt
save_backup_ex.constprop.5	__strcpy_chk@plt
save_backup_ex.constprop.5	codo_prefix_with_appdata_path
save_backup_ex.constprop.5	codo_save_pico8_cart
save_backup_ex.constprop.5	codo_split_filename
save_backup_ex.constprop.5	codo_strcasestr
save_backup_ex.constprop.5	merge_code_from_tabs
save_backup_ex.constprop.5	save_pico8_cart_png_ex
save_backup_ex.constprop.5	save_pico8_cart_rom_ex
save_bbs_cart_label.part.12	__sprintf_chk@plt
save_bbs_cart_label.part.12	__stack_chk_fail@plt
save_bbs_cart_label.part.12	codo_file_exists
save_bbs_cart_label.part.12	codo_prefix_with_appdata_path
save_bbs_cart_label.part.12	codo_save_png
save_binary_file	codo_fopen
save_binary_file	codo_fwrite
save_binary_file.part.0	__sprintf_chk@plt
save_binary_file.part.0	__stack_chk_fail@plt
save_binary_file.part.0	__strcat_chk@plt
save_binary_file.part.0	codo_split_filename
save_binary_file.part.0	pico_print
save_cart_to_file_as_32k_flattened_block	codo_allocate_buffer_size
save_cart_to_url	__stack_chk_fail@plt
save_cart_to_url	base64_encode_block
save_cart_to_url	base64_encode_blockend
save_cart_to_url	base64_encode_value
save_cart_to_url	base64_init_encodestate
save_cart_to_url	codo_calloc
save_cart_to_url	codo_free
save_cart_to_url	codo_malloc
save_cart_to_url	codo_memset
save_cart_to_url	codo_set_clipboard_text
save_cart_to_url	pico_print
save_cart_to_url	pico_print_2
save_cart_to_url	pico_print_col
save_cart_to_url	save_pico8_cart_32k_ex.constprop.7
save_cart_to_url	strlen@plt
save_cdata	__sprintf_chk@plt
save_cdata	__stack_chk_fail@plt
save_cdata	codo_fclose
save_cdata	codo_fopen
save_cdata	codo_fwrite
save_code_png	codo_create_bitmap
save_code_png	codo_create_ctext
save_code_png	codo_destroy_bitmap
save_code_png	codo_destroy_ctext
save_code_png	codo_rectfill
save_code_png	codo_save_png
save_code_png	codo_strcpy
save_code_png	ctext_get_line_number_for_pos
save_code_png	draw_code
save_code_png	merge_code_from_tabs
save_extras.part.2	__sprintf_chk@plt
save_extras.part.2	__stack_chk_fail@plt
save_extras.part.2	__strcat_chk@plt
save_extras.part.2	codo_fclose
save_extras.part.2	codo_fopen
save_extras.part.2	codo_fwrite
save_extras.part.2	codo_load_file
save_extras.part.2	codo_resolve_filename
save_extras.part.2	codo_split_filename
save_extras.part.2	pico_print
save_gif	EGifOpenFileName
save_gif	EGifSpew
save_gif	GifBitSize
save_gif	GifMakeMapObject
save_gif	GifMakeSavedImage
save_gif	__sprintf_chk@plt
save_gif	__stack_chk_fail@plt
save_gif	codo_create_bitmap
save_gif	codo_debug
save_gif	codo_destroy_bitmap
save_gif	codo_file_exists
save_gif	codo_prefix_with_desktop_path
save_gif	codo_strcpy
save_gif	codo_stretch_blit
save_gif	get_output_file_name_base
save_gif	gif_free_all
save_gif	gif_malloc
save_gif	memset@plt
save_gif	prefix_with_file_output_path
save_gif	strchr@plt
save_icns	codo_fclose
save_icns	codo_fopen
save_icns	codo_fwrite_int8
save_icns	codo_fwrite_uint32
save_icns	codo_getpixel
save_map_png	codo_create_bitmap
save_map_png	codo_getpixel
save_map_png	codo_putpixel
save_map_png	codo_rectfill
save_map_png	codo_save_png
save_map_png	pico8_peek
save_osx_framework	__sprintf_chk@plt
save_osx_framework	__stack_chk_fail@plt
save_osx_framework	__strcat_chk@plt
save_osx_framework	chmod@plt
save_osx_framework	codo_fclose
save_osx_framework	codo_fopen
save_osx_framework	codo_fwrite
save_osx_framework	codo_load_pod_file
save_osx_framework	codo_mkdir
save_osx_framework	codo_split_filename
save_osx_framework	pico_print
save_osx_framework	strlen@plt
save_osx_framework	strstr@plt
save_pico8_cart_32k_ex	codo_calloc
save_pico8_cart_32k_ex	codo_free
save_pico8_cart_32k_ex	codo_lock_audio
save_pico8_cart_32k_ex	codo_memset
save_pico8_cart_32k_ex	codo_unlock_audio
save_pico8_cart_32k_ex	compress_mini
save_pico8_cart_32k_ex	memcpy@plt
save_pico8_cart_32k_ex	pico8_flatten_includes
save_pico8_cart_32k_ex	pico8_peek
save_pico8_cart_32k_ex	strlen@plt
save_pico8_cart_32k_ex.constprop.6	codo_calloc
save_pico8_cart_32k_ex.constprop.6	codo_free
save_pico8_cart_32k_ex.constprop.6	codo_lock_audio
save_pico8_cart_32k_ex.constprop.6	codo_memset
save_pico8_cart_32k_ex.constprop.6	codo_unlock_audio
save_pico8_cart_32k_ex.constprop.6	compress_mini
save_pico8_cart_32k_ex.constprop.6	memcpy@plt
save_pico8_cart_32k_ex.constprop.6	pico8_peek
save_pico8_cart_32k_ex.constprop.6	strlen@plt
save_pico8_cart_32k_ex.constprop.7	codo_calloc
save_pico8_cart_32k_ex.constprop.7	codo_free
save_pico8_cart_32k_ex.constprop.7	codo_lock_audio
save_pico8_cart_32k_ex.constprop.7	codo_memset
save_pico8_cart_32k_ex.constprop.7	codo_unlock_audio
save_pico8_cart_32k_ex.constprop.7	compress_mini
save_pico8_cart_32k_ex.constprop.7	memcpy@plt
save_pico8_cart_32k_ex.constprop.7	pico8_flatten_includes
save_pico8_cart_32k_ex.constprop.7	pico8_peek
save_pico8_cart_32k_ex.constprop.7	strlen@plt
save_pico8_cart_png_ex	__isoc99_sscanf@plt
save_pico8_cart_png_ex	__stack_chk_fail@plt
save_pico8_cart_png_ex	codo_blit
save_pico8_cart_png_ex	codo_create_bitmap
save_pico8_cart_png_ex	codo_destroy_bitmap
save_pico8_cart_png_ex	codo_draw_text_ex
save_pico8_cart_png_ex	codo_free
save_pico8_cart_png_ex	codo_malloc
save_pico8_cart_png_ex	codo_memset
save_pico8_cart_png_ex	codo_save_png
save_pico8_cart_png_ex	codo_sha1
save_pico8_cart_png_ex	get_platform_char
save_pico8_cart_png_ex	pico_print_col
save_pico8_cart_png_ex	save_pico8_cart_32k_ex
save_pico8_cart_rom	__sprintf_chk@plt
save_pico8_cart_rom	codo_fclose
save_pico8_cart_rom	codo_fopen
save_pico8_cart_rom	codo_free
save_pico8_cart_rom	codo_fwrite
save_pico8_cart_rom	codo_malloc
save_pico8_cart_rom	codo_memset
save_pico8_cart_rom	codo_set_clipboard_text
save_pico8_cart_rom	pico_print_2
save_pico8_cart_rom	pico_print_col
save_pico8_cart_rom	save_pico8_cart_32k_ex.constprop.7
save_pico8_cart_rom	strstr@plt
save_pico8_cart_rom_ex	__sprintf_chk@plt
save_pico8_cart_rom_ex	codo_fclose
save_pico8_cart_rom_ex	codo_fopen
save_pico8_cart_rom_ex	codo_free
save_pico8_cart_rom_ex	codo_fwrite
save_pico8_cart_rom_ex	codo_malloc
save_pico8_cart_rom_ex	codo_memset
save_pico8_cart_rom_ex	codo_set_clipboard_text
save_pico8_cart_rom_ex	pico_print_2
save_pico8_cart_rom_ex	pico_print_col
save_pico8_cart_rom_ex	save_pico8_cart_32k_ex.constprop.7
save_pico8_cart_rom_ex	strstr@plt
save_png_screenshot	__sprintf_chk@plt
save_png_screenshot	__stack_chk_fail@plt
save_png_screenshot	codo_create_bitmap
save_png_screenshot	codo_debug
save_png_screenshot	codo_destroy_bitmap
save_png_screenshot	codo_file_exists
save_png_screenshot	codo_prefix_with_desktop_path
save_png_screenshot	codo_save_png
save_png_screenshot	codo_stretch_blit
save_png_screenshot	get_output_file_name_base
save_png_screenshot	strchr@plt
save_splore_favourites	__fprintf_chk@plt
save_splore_favourites	__stack_chk_fail@plt
save_splore_favourites	codo_prefix_with_appdata_path
save_splore_favourites	fclose@plt
save_splore_favourites	fopen@plt
save_splore_list_to_file	__fprintf_chk@plt
save_splore_list_to_file	fopen@plt
save_stream_wav	codo_audio_end
save_stream_wav	codo_fopen
save_stream_wav	codo_fwrite
save_stream_wav	get_output_filename
save_video	__sprintf_chk@plt
save_video	codo_create_bitmap
save_video	codo_getpixel
save_video	codo_putpixel
save_video	codo_save_tga
save_video	memset@plt
save_working_cart	__sprintf_chk@plt
save_working_cart	__stack_chk_fail@plt
save_working_cart	codo_calloc
save_working_cart	codo_file_exists
save_working_cart	codo_free
save_working_cart	codo_memset
save_working_cart	codo_save_pico8_cart
save_working_cart	codo_sha1
save_working_cart	codo_split_filename
save_working_cart	codo_strcasestr
save_working_cart	codo_strcpy
save_working_cart	compress_mini
save_working_cart	map_deselect
save_working_cart	merge_code_from_tabs
save_working_cart	pico8_flatten_includes
save_working_cart	pico_print
save_working_cart	pico_print_2
save_working_cart	pico_print_col
save_working_cart	save_backup_ex
save_working_cart	save_pico8_cart_32k_ex.constprop.6
save_working_cart	save_pico8_cart_png_ex
save_working_cart	save_pico8_cart_rom_ex
save_working_cart	show_message
save_working_cart	split_code_to_tabs
save_working_cart	strcmp@plt
save_working_cart	strlen@plt
scroll_immediate_mode_screen	codo_blit
scroll_immediate_mode_screen	codo_rectfill
search_across_tabs	codo_strcpy
search_across_tabs	count_tokens
search_across_tabs	ctext_bound_scrolling_to_cursor
search_across_tabs	strlen@plt
search_across_tabs	strstr@plt
searcher_C	checkload.part.80
searcher_C	loadfunc
searcher_C	luaL_error
searcher_C	lua_getfield
searcher_C	lua_pushstring
searcher_C	lua_tolstring
searcher_C	lua_tolstring.constprop.186
searcher_C	searchpath
searcher_C	tag_error
searcher_Croot	checkload.part.80
searcher_Croot	loadfunc
searcher_Croot	luaL_error
searcher_Croot	lua_getfield
searcher_Croot	lua_pushfstring
searcher_Croot	lua_pushlstring
searcher_Croot	lua_pushstring
searcher_Croot	lua_tolstring
searcher_Croot	lua_tolstring.constprop.186
searcher_Croot	searchpath
searcher_Croot	strchr@plt
searcher_Croot	tag_error
searcher_Lua	checkload.part.80
searcher_Lua	luaL_error
searcher_Lua	luaL_loadfilex
searcher_Lua	lua_getfield
searcher_Lua	lua_pushstring
searcher_Lua	lua_tolstring
searcher_Lua	lua_tolstring.constprop.186
searcher_Lua	searchpath
searcher_Lua	tag_error
searcher_preload	lua_getfield
searcher_preload	lua_pushfstring
searcher_preload	lua_tolstring
searcher_preload	tag_error
searchpath	__stack_chk_fail@plt
searchpath	fclose@plt
searchpath	fopen@plt
searchpath	luaL_addvalue
searchpath	luaL_gsub
searchpath	luaL_pushresult
searchpath	lua_pushfstring
searchpath	lua_pushlstring
searchpath	lua_tolstring.constprop.186
searchpath	strchr@plt
searchpath	strlen@plt
serial_end_frame	codo_memset
serial_end_frame	gpio_write
serial_init_frame	codo_memset
serial_init_runtime	codo_memset
serial_return	spend_cpu
serial_set_dropped_file	codo_calloc
serial_set_dropped_file	codo_free
serial_set_dropped_file	memcpy@plt
serial_set_dropped_image_file	codo_calloc
serial_set_dropped_image_file	codo_free
serial_set_dropped_image_file	memcpy@plt
set_cart_label	codo_blit
set_cart_label	codo_create_bitmap
set_cart_label	codo_destroy_bitmap
set_code_tab	count_tokens
set_code_tab	strlen@plt
set_draw_display	codo_reset_clip
set_item_from_nfo	__isoc99_sscanf@plt
set_item_from_nfo	codo_strcpy
set_item_from_nfo	codo_sts
set_running_item_from_nfo	__isoc99_sscanf@plt
set_running_item_from_nfo	codo_strcpy
set_running_item_from_nfo	codo_sts
set_serial_parameters	__isoc99_sscanf@plt
set_serial_parameters	__stack_chk_fail@plt
set_serial_parameters	codo_calloc
set_serial_parameters	codo_memset
set_serial_parameters	strchr@plt
set_untitled_filename	__sprintf_chk@plt
set_untitled_filename	__stack_chk_fail@plt
set_untitled_filename	__strcpy_chk@plt
set_untitled_filename	codo_file_exists
set_untitled_filename	resolve_to_host_filename
set_view	codo_add_guie
set_view	codo_any_sound_is_playing
set_view	codo_blit
set_view	codo_create_bitmap
set_view	codo_get_gui_element
set_view	codo_gui_add_ctext_field
set_view	codo_gui_clear
set_view	ctext_bound_scrolling_to_cursor
set_view	pico8_peek
set_view	pico8_reload
set_view	set_current_sfx
set_view	show_message
set_view.constprop.7	codo_blit
set_view.constprop.7	codo_create_bitmap
set_view.constprop.7	codo_gui_clear
set_view.constprop.7	pico8_peek
set_view.constprop.7	pico8_reload
seterrorobj	internshrstr
sfx_key_pressed	__sprintf_chk@plt
sfx_key_pressed	backup_sfx
sfx_key_pressed	cmusic_stop
sfx_key_pressed	codo_clear_bitmap
sfx_key_pressed	codo_get_key_state
sfx_key_pressed	codo_getpixel
sfx_key_pressed	codo_play_sfx_ex
sfx_key_pressed	codo_push_undo_state
sfx_key_pressed	codo_rectfill
sfx_key_pressed	codo_stop_all_sounds
sfx_key_pressed	create_undo_sfx64_state
sfx_key_pressed	selection_active
sfx_key_pressed	show_message
should_be_pointer_locked	pico8_peek
show_message	codo_get_time
show_message	codo_strcpy
show_message_2	__sprintf_chk@plt
show_message_2	__stack_chk_fail@plt
show_message_2	codo_get_time
show_message_2	codo_strcpy
show_message_2_ex	__sprintf_chk@plt
show_message_2_ex	__stack_chk_fail@plt
show_message_2_ex	codo_get_time
show_message_2_ex	codo_strcpy
show_message_ex	codo_get_time
show_message_ex	codo_strcpy
show_message_hover	codo_get_time
show_pico8_screen	codo_blit
show_pico8_screen	codo_blit_back_page
show_text_entry_status	show_message
singlestep	__stack_chk_fail@plt
singlestep	clearkeys.constprop.207
singlestep	clearvalues
singlestep	entersweep
singlestep	luaM_realloc_.constprop.195
singlestep	luaS_resize
singlestep	propagatemark
singlestep	reallymarkobject
singlestep	sweeplist
singlestep	sweeplist.constprop.203
singlestep	sweeplist.constprop.204
singlestep	traverseephemeron
singlevar	__stack_chk_fail@plt
singlevar	addk
singlevar	error_expected
singlevar	llex
singlevar	luaK_exp2RK
singlevar	singlevaraux
singlevaraux	memcmp@plt
singlevaraux	newupvalue
singlevaraux	singlevaraux
skip_sep	luaZ_fill
skip_sep	save
snap_to_field	codo_get_gui_element
snap_to_field	codo_gui_cursor_element
sort	auxsort
sort	luaL_checktype.constprop.173
sort	luaL_error
sort	luaL_len
sort	lua_checkstack
sort	tag_error
sort_comp.constprop.135	luaD_call.constprop.198
sort_comp.constprop.135	lua_toboolean
split_code_to_tabs	memcpy@plt
split_code_to_tabs	memset@plt
split_code_to_tabs	strstr@plt
splore_controls	__sprintf_chk@plt
splore_controls	action_current_splore_item
splore_controls	block_buttons
splore_controls	button_pressed
splore_controls	button_pressed_nok
splore_controls	codo_destroy_thread
splore_controls	codo_get_time
splore_controls	codo_keypressed
splore_controls	codo_readkey
splore_controls	codo_strcpy
splore_controls	download_list
splore_controls	generate_cart_menu
splore_controls	print_splore_exit_message
splore_controls	reset_runtime_state
splore_controls	show_message
splore_controls	strcmp@plt
splore_controls	update_window_title
splore_draw	__sprintf_chk@plt
splore_draw	__stack_chk_fail@plt
splore_draw	codo_draw_sprite
splore_draw	codo_draw_sprite_col
splore_draw	codo_draw_text_ex
splore_draw	codo_get_time
splore_draw	codo_line
splore_draw	codo_rect
splore_draw	codo_rectfill
splore_draw	codo_reset_clip
splore_draw	codo_set_clip
splore_draw	codo_strcasestr
splore_draw	codo_strcpy
splore_draw	codo_stretch_blit
splore_draw	create_label_from_cart_lid
splore_draw	create_label_from_file
splore_draw	draw_cart_menu
splore_draw	draw_tinted_rect_adaptive
splore_draw	extract_label_palette
splore_draw	fcos
splore_draw	fsin
splore_draw	p8_fmul
splore_draw	player_button
splore_draw	qsort@plt
splore_draw	strlen@plt
splore_draw	strstr@plt
splore_enter	codo_destroy_bitmap
splore_enter	codo_get_time
splore_enter	populate_splore_list_from_directory
splore_enter	strcmp@plt
splore_init	__sprintf_chk@plt
splore_init	__stack_chk_fail@plt
splore_init	codo_create_buffer
splore_init	codo_debug
splore_init	codo_prefix_with_appdata_path
splore_init	codo_strcpy
splore_init	memset@plt
splore_init	populate_splore_list_from_png_file
splore_init	populate_splore_list_from_text_file
splore_keypress	__sprintf_chk@plt
splore_keypress	block_buttons
splore_keypress	codo_destroy_thread
splore_keypress	codo_get_key_state
splore_keypress	codo_get_time
splore_keypress	codo_strcpy
splore_keypress	download_list
splore_keypress	generate_cart_menu
splore_keypress	is_input_char
splore_keypress	is_key_bound
splore_keypress	memmove@plt
splore_keypress	move_search_cursor
splore_keypress	player_key
splore_keypress	reset_runtime_state
splore_keypress	show_message
splore_keypress	splore_toggle_favourite
splore_keypress	update_window_title
splore_toggle_favourite	codo_blit
splore_toggle_favourite	codo_create_bitmap
splore_toggle_favourite	extract_label_palette
splore_toggle_favourite	save_bbs_cart_label.part.12
splore_toggle_favourite	splore_toggle_favourite_0
splore_toggle_favourite	strcmp@plt
splore_toggle_favourite_0	codo_allocate_buffer_size
splore_toggle_favourite_0	codo_destroy_bitmap
splore_toggle_favourite_0	codo_split_filename
splore_toggle_favourite_0	codo_strcpy
splore_toggle_favourite_0	strcmp@plt
splore_toggle_favourite_0	strlen@plt
splore_toggle_favourite_ingame	save_splore_favourites
splore_toggle_favourite_ingame	splore_toggle_favourite_0
splore_update	block_buttons
splore_update	button_pressed
splore_update	codo_get_time
splore_update	reset_run_chain
splore_update	splore_controls
splore_update	update_splore_download
splore_update_cartridge_to_newer_version	__isoc99_sscanf@plt
splore_update_cartridge_to_newer_version	action_current_splore_item
splore_update_cartridge_to_newer_version	codo_load_stable_config
splore_update_cartridge_to_newer_version	codo_strcpy
splore_update_cartridge_to_newer_version	codo_sts
splore_update_cartridge_to_newer_version	sanitise_splore_item
splore_update_cartridge_to_newer_version	save_splore_favourites
splore_update_cartridge_to_newer_version	suspend_program
sprite_op	__stack_chk_fail@plt
sprite_op	codo_blit
sprite_op	codo_clear_bitmap
sprite_op	codo_create_bitmap
sprite_op	codo_destroy_bitmap
sprite_op	codo_get_key_state
sprite_op	codo_putpixel
sprite_op	codo_rectfill
sprite_op	get_selected_area
sprite_op	sync_shared_gfx_to_map
start_of_block	__memcpy_chk@plt
start_of_block	__stack_chk_fail@plt
statement	__stack_chk_fail@plt
statement	addk
statement	adjust_assign.isra.115
statement	adjustlocalvars.isra.24
statement	assignment
statement	block
statement	body
statement	check_match
statement	checklimit.part.122
statement	checknext
statement	error_expected
statement	explist
statement	fieldsel
statement	find_tab_line
statement	findgotos
statement	forbody
statement	gotostat
statement	internshrstr
statement	leaveblock
statement	luaC_step
statement	luaH_set
statement	luaK_code
statement	luaK_codek
statement	luaK_concat.part.108
statement	luaK_exp2anyreg
statement	luaK_exp2nextreg
statement	luaK_goiftrue
statement	luaK_infix
statement	luaK_jump
statement	luaK_patchclose
statement	luaK_patchlist
statement	luaK_posfix
statement	luaK_reserveregs
statement	luaK_setoneret
statement	luaK_setreturns
statement	luaK_storevar
statement	luaM_growaux_
statement	luaO_pushfstring
statement	luaX_newstring
statement	luaX_newstring.constprop.143
statement	luaX_next.part.119
statement	luaX_syntaxerror
statement	memcmp@plt
statement	new_localvar
statement	singlevar
statement	statement
statement	statlist
statement	str_checkname
statement	subexpr
statement	suffixedexp
statement	test_then_block
statement	testnext.part.120
statlist	statement
store_command	codo_strcpy
store_command	strcmp@plt
str_byte	__stack_chk_fail@plt
str_byte	luaL_error
str_byte	luaL_optinteger
str_byte	lua_checkstack
str_byte	lua_tolstring
str_byte	tag_error
str_char	__stack_chk_fail@plt
str_char	index2addr
str_char	luaL_argerror
str_char	luaL_prepbuffsize
str_char	luaL_pushresult
str_char	luaO_str2d.part.50
str_char	strpbrk@plt
str_char	tag_error
str_checkname	error_expected
str_checkname	llex
str_dump	DumpFunction
str_dump	__stack_chk_fail@plt
str_dump	luaL_checktype.constprop.173
str_dump	luaL_error
str_dump	luaL_pushresult
str_dump	writer_lstrlib
str_find_aux	__stack_chk_fail@plt
str_find_aux	luaL_checklstring.constprop.154
str_find_aux	luaL_optinteger
str_find_aux	lua_toboolean
str_find_aux	lua_tolstring
str_find_aux	match
str_find_aux	memchr@plt
str_find_aux	memcmp@plt
str_find_aux	push_captures
str_find_aux	strlen@plt
str_find_aux	strpbrk@plt
str_find_aux	tag_error
str_format	__ctype_b_loc@plt
str_format	__memcpy_chk@plt
str_format	__sprintf_chk@plt
str_format	__stack_chk_fail@plt
str_format	luaL_addlstring
str_format	luaL_addvalue
str_format	luaL_argerror
str_format	luaL_checkinteger
str_format	luaL_checklstring.constprop.154
str_format	luaL_checknumber
str_format	luaL_error
str_format	luaL_prepbuffsize
str_format	luaL_pushresult
str_format	luaL_tolstring
str_format	lua_tolstring
str_format	strchr@plt
str_format	strlen@plt
str_format	tag_error
str_gsub	__ctype_b_loc@plt
str_gsub	__stack_chk_fail@plt
str_gsub	luaD_call.constprop.198
str_gsub	luaL_addvalue
str_gsub	luaL_argerror
str_gsub	luaL_checklstring.constprop.154
str_gsub	luaL_error
str_gsub	luaL_optinteger
str_gsub	luaL_prepbuffsize
str_gsub	luaL_pushresult
str_gsub	luaV_gettable
str_gsub	lua_pushlstring
str_gsub	lua_tolstring
str_gsub	match
str_gsub	memcpy@plt
str_gsub	push_captures
str_gsub	tag_error
str_len	__stack_chk_fail@plt
str_len	lua_tolstring
str_len	tag_error
str_lower	__ctype_tolower_loc@plt
str_lower	__stack_chk_fail@plt
str_lower	luaL_prepbuffsize
str_lower	luaL_pushresult
str_lower	lua_tolstring
str_lower	tag_error
str_rep	__stack_chk_fail@plt
str_rep	luaL_checkinteger.constprop.150
str_rep	luaL_checklstring.constprop.154
str_rep	luaL_error
str_rep	luaL_prepbuffsize
str_rep	luaL_pushresult
str_rep	lua_pushlstring
str_rep	lua_tolstring
str_rep	memcpy@plt
str_rep	tag_error
str_reverse	__stack_chk_fail@plt
str_reverse	luaL_prepbuffsize
str_reverse	luaL_pushresult
str_reverse	lua_tolstring
str_reverse	tag_error
str_sub	__stack_chk_fail@plt
str_sub	luaL_optinteger
str_sub	lua_pushlstring
str_sub	lua_tointegerx
str_sub	lua_tolstring
str_sub	tag_error
str_upper	__ctype_toupper_loc@plt
str_upper	__stack_chk_fail@plt
str_upper	luaL_prepbuffsize
str_upper	luaL_pushresult
str_upper	lua_tolstring
str_upper	tag_error
strip_lid_version	strchr@plt
strip_lid_version	strncpy@plt
subexpr	__stack_chk_fail@plt
subexpr	addk
subexpr	body
subexpr	checklimit.part.122
subexpr	constructor
subexpr	llex
subexpr	luaK_code
subexpr	luaK_exp2RK
subexpr	luaK_exp2nextreg
subexpr	luaK_goiffalse
subexpr	luaK_goiftrue
subexpr	luaK_posfix
subexpr	luaK_prefix
subexpr	luaX_next.part.119
subexpr	luaX_syntaxerror
subexpr	subexpr
subexpr	suffixedexp
suffixedexp	__stack_chk_fail@plt
suffixedexp	addk
suffixedexp	check_match
suffixedexp	checknext
suffixedexp	error_expected
suffixedexp	fieldsel
suffixedexp	freeexp.isra.6.part.7
suffixedexp	funcargs
suffixedexp	llex
suffixedexp	luaK_code
suffixedexp	luaK_dischargevars
suffixedexp	luaK_exp2RK
suffixedexp	luaK_exp2anyreg
suffixedexp	luaK_exp2nextreg
suffixedexp	luaK_reserveregs
suffixedexp	luaX_next.part.119
suffixedexp	luaX_syntaxerror
suffixedexp	singlevar
suffixedexp	subexpr
suspend_program	codo_keypressed
suspend_program	codo_readkey
suspend_program	codo_reset_clip
suspend_program	pico8_peek
suspend_program	pico8_poke
suspend_program	reset_splore_animation
suspend_program	save_cdata
suspend_program	set_draw_display
suspend_program	update_gfx_clipping
sweeplist	freeobj
sweeplist	luaD_shrinkstack
sweeplist	luaM_realloc_.constprop.195
sweeplist	sweeplist.constprop.204
sweeplist.constprop.203	freeobj
sweeplist.constprop.203	luaD_shrinkstack
sweeplist.constprop.203	luaM_realloc_.constprop.195
sweeplist.constprop.203	sweeplist.constprop.204
sweeplist.constprop.204	freeobj
sweeplist.constprop.204	luaD_shrinkstack
sweeplist.constprop.204	luaM_realloc_.constprop.195
sweeplist.constprop.204	sweeplist.constprop.204
tab_completion	__sprintf_chk@plt
tab_completion	__stack_chk_fail@plt
tab_completion	__stpcpy_chk@plt
tab_completion	__strcat_chk@plt
tab_completion	codo_find_close
tab_completion	codo_find_first
tab_completion	codo_find_next
tab_completion	codo_split_filename_ex
tab_completion	codo_strcpy
tab_completion	pico_print
tab_completion	pico_print_col
tab_completion	strlen@plt
tab_completion	strncmp@plt
tag_error	typeerror
tconcat	__stack_chk_fail@plt
tconcat	luaL_addvalue
tconcat	luaL_checkinteger
tconcat	luaL_checktype.constprop.173
tconcat	luaL_error
tconcat	luaL_len
tconcat	luaL_optinteger
tconcat	luaL_prepbuffsize
tconcat	luaL_pushresult
tconcat	lua_rawgeti.constprop.175
tconcat	lua_tolstring
tconcat	memcpy@plt
tconcat	tag_error
tcount	luaL_checktype.constprop.173
tcount	luaL_len
tcount	lua_compare
tcount	lua_rawgeti.constprop.175
tcount	spend_cpu
tdefl_compress	memcpy@plt
tdefl_compress	memset@plt
tdefl_compress	mz_adler32
tdefl_compress	tdefl_compress_fast
tdefl_compress	tdefl_compress_normal
tdefl_compress	tdefl_flush_block
tdefl_compress_buffer	tdefl_compress
tdefl_compress_buffer	tdefl_compress_buffer.part.10
tdefl_compress_buffer.part.10	__assert_fail@plt
tdefl_compress_fast	__assert_fail@plt
tdefl_compress_fast	memcpy@plt
tdefl_compress_fast	tdefl_compress_lz_codes
tdefl_compress_fast	tdefl_start_dynamic_block
tdefl_compress_fast	tdefl_start_static_block
tdefl_compress_lz_codes	__assert_fail@plt
tdefl_compress_mem_to_heap	__stack_chk_fail@plt
tdefl_compress_mem_to_heap	free@plt
tdefl_compress_mem_to_heap	malloc@plt
tdefl_compress_mem_to_heap	tdefl_compress
tdefl_compress_mem_to_heap	tdefl_compress_buffer.part.10
tdefl_compress_mem_to_heap	tdefl_init
tdefl_compress_mem_to_mem	__stack_chk_fail@plt
tdefl_compress_mem_to_mem	free@plt
tdefl_compress_mem_to_mem	malloc@plt
tdefl_compress_mem_to_mem	tdefl_compress
tdefl_compress_mem_to_mem	tdefl_compress_buffer.part.10
tdefl_compress_mem_to_mem	tdefl_init
tdefl_compress_mem_to_output	__stack_chk_fail@plt
tdefl_compress_mem_to_output	free@plt
tdefl_compress_mem_to_output	malloc@plt
tdefl_compress_mem_to_output	tdefl_compress
tdefl_compress_mem_to_output	tdefl_compress_buffer.part.10
tdefl_compress_mem_to_output	tdefl_init
tdefl_compress_normal	__assert_fail@plt
tdefl_compress_normal	memcpy@plt
tdefl_compress_normal	tdefl_compress_lz_codes
tdefl_compress_normal	tdefl_start_dynamic_block
tdefl_compress_normal	tdefl_start_static_block
tdefl_flush_block	__assert_fail@plt
tdefl_flush_block	memcpy@plt
tdefl_flush_block	tdefl_compress_lz_codes
tdefl_flush_block	tdefl_start_dynamic_block
tdefl_flush_block	tdefl_start_static_block
tdefl_init	memset@plt
tdefl_optimize_huffman_table.constprop.29	__stack_chk_fail@plt
tdefl_optimize_huffman_table.constprop.29	tdefl_calculate_minimum_redundancy
tdefl_optimize_huffman_table.constprop.29	tdefl_radix_sort_syms
tdefl_optimize_huffman_table.constprop.30	__stack_chk_fail@plt
tdefl_optimize_huffman_table.constprop.30	tdefl_calculate_minimum_redundancy
tdefl_optimize_huffman_table.constprop.30	tdefl_radix_sort_syms
tdefl_output_buffer_putter	memcpy@plt
tdefl_output_buffer_putter	realloc@plt
tdefl_radix_sort_syms	__stack_chk_fail@plt
tdefl_start_dynamic_block	__assert_fail@plt
tdefl_start_dynamic_block	__memcpy_chk@plt
tdefl_start_dynamic_block	__stack_chk_fail@plt
tdefl_start_dynamic_block	tdefl_calculate_minimum_redundancy
tdefl_start_dynamic_block	tdefl_optimize_huffman_table.constprop.29
tdefl_start_dynamic_block	tdefl_optimize_huffman_table.constprop.30
tdefl_start_dynamic_block	tdefl_radix_sort_syms
tdefl_start_static_block	tdefl_optimize_huffman_table.constprop.29
tdefl_start_static_block	tdefl_optimize_huffman_table.constprop.30
tdefl_write_image_to_png_file_in_memory	tdefl_write_image_to_png_file_in_memory_ex
tdefl_write_image_to_png_file_in_memory_ex	__stack_chk_fail@plt
tdefl_write_image_to_png_file_in_memory_ex	free@plt
tdefl_write_image_to_png_file_in_memory_ex	malloc@plt
tdefl_write_image_to_png_file_in_memory_ex	memcpy@plt
tdefl_write_image_to_png_file_in_memory_ex	mz_crc32
tdefl_write_image_to_png_file_in_memory_ex	realloc@plt
tdefl_write_image_to_png_file_in_memory_ex	tdefl_compress
tdefl_write_image_to_png_file_in_memory_ex	tdefl_compress_buffer.part.10
tdefl_write_image_to_png_file_in_memory_ex	tdefl_compress_fast
tdefl_write_image_to_png_file_in_memory_ex	tdefl_compress_normal
tdefl_write_image_to_png_file_in_memory_ex	tdefl_flush_block
tdefl_write_image_to_png_file_in_memory_ex	tdefl_init
tdel	index2addr
tdel	luaL_checktype.constprop.173
tdel	luaL_len
tdel	lua_compare
tdel	lua_rawgeti.constprop.175
tdel	lua_rawseti.constprop.172
tdel	spend_cpu
test_strstr	codo_strcasestr
test_then_block	__stack_chk_fail@plt
test_then_block	checknext
test_then_block	gotostat
test_then_block	leaveblock
test_then_block	luaK_concat.part.108
test_then_block	luaK_goiffalse
test_then_block	luaK_goiftrue
test_then_block	luaK_jump
test_then_block	luaX_next.part.119
test_then_block	statement
test_then_block	statlist
test_then_block	subexpr
testnext.part.120	llex
timer_end	__stack_chk_fail@plt
timer_end	clock_gettime@plt
tinfl_decompress	__assert_fail@plt
tinfl_decompress	__stack_chk_fail@plt
tinfl_decompress	memcpy@plt
tinfl_decompress	memset@plt
tinfl_decompress_mem_to_callback	__stack_chk_fail@plt
tinfl_decompress_mem_to_callback	free@plt
tinfl_decompress_mem_to_callback	malloc@plt
tinfl_decompress_mem_to_callback	tinfl_decompress
tinfl_decompress_mem_to_heap	__stack_chk_fail@plt
tinfl_decompress_mem_to_heap	free@plt
tinfl_decompress_mem_to_heap	realloc@plt
tinfl_decompress_mem_to_heap	tinfl_decompress
tinfl_decompress_mem_to_mem	__stack_chk_fail@plt
tinfl_decompress_mem_to_mem	tinfl_decompress
tinfl_decompressor_alloc	malloc@plt
tinsert	luaL_argerror
tinsert	luaL_checktype.constprop.173
tinsert	luaL_len
tinsert	lua_rawgeti.constprop.175
tinsert	lua_rawseti.constprop.172
tinsert	lua_settop
tinsert	lua_tonumberx
tinsert	spend_cpu
toggle_block_comment	codo_backup_ctext
toggle_block_comment	codo_backup_ctext_if_editing_newline
toggle_block_comment	ctext_insert_text_ex
toggle_block_comment	strlen@plt
toggle_mute	codo_get_time
toggle_mute	codo_strcpy
traverseephemeron	reallymarkobject
tremove	luaL_checktype.constprop.173
tremove	luaL_len
tremove	luaL_optinteger
tremove	lua_rawgeti.constprop.175
tremove	lua_rawseti.constprop.172
tremove	lua_tonumberx
tremove	spend_cpu
trim_trailing_space	strlen@plt
typeerror	index2addr
typeerror	luaL_argerror
typeerror	lua_pushfstring
ucvector_push_back	codo_realloc
ucvector_resize.part.7	codo_realloc
uivector_push_back	codo_realloc
unpack	luaL_checkinteger
unpack	luaL_checktype.constprop.173
unpack	luaL_error
unpack	luaL_len
unpack	luaL_optinteger
unpack	lua_checkstack
unpack	lua_rawgeti.constprop.175
unpack	spend_cpu
unroll	luaV_execute
unroll	luaV_finishOp
unsaved_changes_confirmation	__stack_chk_fail@plt
unsaved_changes_confirmation	hash_cart.part.1
unsaved_changes_confirmation	merge_code_from_tabs
unsaved_changes_confirmation	pico_print
unsaved_changes_confirmation	pico_print_col
unsaved_changes_confirmation	strcmp@plt
update_audio_moment_cache	codo_get_pico8_mixer_state
update_audio_moment_cache	codo_get_time
update_bios_program	__sprintf_chk@plt
update_bios_program	__stack_chk_fail@plt
update_bios_program	blit_pico8_back_page_to_pico8_screen
update_bios_program	codo_draw_text_ex
update_bios_program	pico_print_col
update_bios_program	set_view
update_buttons	pico8_peek
update_buttons	read_buttons
update_emergency_paused_menu	block_buttons
update_emergency_paused_menu	build_paused_menu
update_emergency_paused_menu	codo_get_time
update_emergency_paused_menu	player_button
update_emergency_paused_menu	player_key
update_frame_rate	codo_get_fps
update_frame_rate	codo_get_time
update_frame_rate	codo_is_app_active
update_frame_rate	memmove@plt
update_gfx_clipping	codo_reset_clip
update_list_favourites	strcmp@plt
update_load_download	__sprintf_chk@plt
update_load_download	__stack_chk_fail@plt
update_load_download	cancel_download
update_load_download	check_cart_update_nfo
update_load_download	codo_copy_file
update_load_download	codo_destroy_stable
update_load_download	codo_get_key_state
update_load_download	codo_get_time
update_load_download	codo_load_stable_config
update_load_download	codo_strcpy
update_load_download	codo_sts
update_load_download	download_bbs_cart
update_load_download	get_bbs_cart_filename
update_load_download	get_lid_from_filename
update_load_download	load_pico8_cart_png
update_load_download	load_working_cart
update_load_download	pico_print_2
update_load_download	pico_print_col
update_load_download	prepare_loaded_cart
update_load_download	run_chain_cancel_pending
update_load_download	run_chain_confirm_pending
update_load_download	sanitise_title_string
update_load_download	set_running_item_from_nfo
update_load_download	strlen@plt
update_load_download	strstr@plt
update_mix_channel	codo_get_time
update_mix_channel	codo_memset
update_mix_channel	memcpy@plt
update_mix_channel	mix_sfx_channel
update_mix_channel	mix_sfx_tick
update_paused_menu	block_buttons
update_paused_menu	build_paused_menu
update_paused_menu	pico8_peek
update_paused_menu	pico8_poke
update_periodic_backups	__stack_chk_fail@plt
update_periodic_backups	codo_get_any_key_down
update_periodic_backups	codo_get_mouse
update_periodic_backups	codo_get_time
update_periodic_backups	save_backup
update_reset_glitch	codo_random
update_reset_glitch	pico8_memcpy
update_reset_glitch	pico8_memset
update_reset_glitch	pico8_peek
update_reset_glitch	pico8_poke
update_splore_download	codo_copy_file
update_splore_download	codo_destroy_thread
update_splore_download	codo_get_time
update_splore_download	codo_strcasestr
update_splore_download	load_pico8_cart_png
update_splore_download	populate_splore_list_from_png_file
update_splore_download	prepare_loaded_cart
update_splore_download	show_message
update_splore_download	strstr@plt
update_window_title	__sprintf_chk@plt
update_window_title	__stack_chk_fail@plt
update_window_title	codo_set_window_title
update_window_title	codo_split_filename_ex
update_window_title	codo_strcpy
update_window_title	convert_glyphs_to_escaped_ex
update_window_title	is_bbs_cart_file
vhand_brush	codo_rectfill
vhand_brush	show_message_hover
vhand_button	codo_draw_sprite
vhand_button	codo_get_key_state
vhand_button	cpod_get_item
vhand_button	set_current_sfx
vhand_button	show_message_2
vhand_channel_fx_radio	codo_blit
vhand_channel_fx_radio	codo_draw_sprite
vhand_channel_fx_radio	codo_rectfill
vhand_channel_fx_slider	codo_draw_text_ex
vhand_channel_fx_slider	codo_push_undo_state
vhand_channel_fx_slider	codo_rectfill
vhand_channel_fx_slider	create_undo_sfx64_state
vhand_channel_fx_slider	strlen@plt
vhand_code_tab	__sprintf_chk@plt
vhand_code_tab	codo_draw_text_ex
vhand_code_tab	codo_line
vhand_code_tab	codo_putpixel
vhand_code_tab	codo_rectfill
vhand_code_tab	codo_strcpy
vhand_code_tab	count_tokens
vhand_code_tab	show_message
vhand_code_tab	strlen@plt
vhand_ctextfield	calculate_skip_steps
vhand_ctextfield	codo_backup_ctext
vhand_ctextfield	codo_backup_ctext_if_editing_newline
vhand_ctextfield	codo_create_buffer
vhand_ctextfield	codo_free
vhand_ctextfield	codo_fwrite
vhand_ctextfield	codo_fwrite_int32
vhand_ctextfield	codo_get_clipboard_text
vhand_ctextfield	codo_get_ctextfield_pos_for_cursor
vhand_ctextfield	codo_get_key_state
vhand_ctextfield	codo_get_time
vhand_ctextfield	codo_gui_set_keyboard_focus
vhand_ctextfield	codo_has_clipboard_text
vhand_ctextfield	codo_malloc
vhand_ctextfield	codo_memset
vhand_ctextfield	codo_push_undo_state
vhand_ctextfield	codo_redo
vhand_ctextfield	codo_reset_clip
vhand_ctextfield	codo_set_clip
vhand_ctextfield	codo_set_clipboard_text
vhand_ctextfield	codo_undo
vhand_ctextfield	convert_escaped_to_glyphs_ex
vhand_ctextfield	convert_glyphs_to_escaped_ex
vhand_ctextfield	ctext_bound_scrolling_to_cursor
vhand_ctextfield	ctext_duplicate_line
vhand_ctextfield	ctext_insert_character
vhand_ctextfield	ctext_insert_text_ex
vhand_ctextfield	ctext_move_line
vhand_ctextfield	ctext_remove_text
vhand_ctextfield	ctext_search_for_line
vhand_ctextfield	ctext_search_for_string.part.2
vhand_ctextfield	ctext_select_from_double_click
vhand_ctextfield	ctextfield_delete_selected
vhand_ctextfield	draw_ctext
vhand_ctextfield	get_line_cpos
vhand_ctextfield	memcpy@plt
vhand_ctextfield	memmove@plt
vhand_ctextfield	restore_undo_ctext_state.isra.0
vhand_ctextfield	start_of_block
vhand_ctextfield	strlen@plt
vhand_ctextfield	strncpy@plt
vhand_ctextfield	strstr@plt
vhand_ctextfield	toggle_block_comment
vhand_ctextfield_pico8	__sprintf_chk@plt
vhand_ctextfield_pico8	__stack_chk_fail@plt
vhand_ctextfield_pico8	__strcpy_chk@plt
vhand_ctextfield_pico8	calloc@plt
vhand_ctextfield_pico8	codo_draw_text_ex
vhand_ctextfield_pico8	codo_get_key_state
vhand_ctextfield_pico8	codo_get_time
vhand_ctextfield_pico8	codo_rectfill
vhand_ctextfield_pico8	count_tokens
vhand_ctextfield_pico8	ctext_state_changed
vhand_ctextfield_pico8	free@plt
vhand_ctextfield_pico8	get_code_percent
vhand_ctextfield_pico8	show_message
vhand_ctextfield_pico8	strcmp@plt
vhand_ctextfield_pico8	strlen@plt
vhand_ctextfield_pico8	strncmp@plt
vhand_ctextfield_pico8	strncpy@plt
vhand_ctextfield_pico8	vhand_ctextfield
vhand_current_sfx_index	__sprintf_chk@plt
vhand_current_sfx_index	codo_draw_text_ex
vhand_current_sprite	__sprintf_chk@plt
vhand_current_sprite	codo_blit
vhand_current_sprite	codo_draw_text_ex
vhand_current_sprite	codo_rectfill
vhand_current_sprite	strlen@plt
vhand_cute_slider	codo_draw_sprite
vhand_data_field	__sprintf_chk@plt
vhand_data_field	__stack_chk_fail@plt
vhand_data_field	codo_draw_text_ex
vhand_data_field	codo_get_key_state
vhand_data_field	codo_push_undo_state
vhand_data_field	codo_rect
vhand_data_field	codo_rectfill
vhand_data_field	codo_strcpy
vhand_data_field	create_undo_sfx64_state
vhand_editor_frame	__sprintf_chk@plt
vhand_editor_frame	codo_draw_text_ex
vhand_editor_frame	codo_get_key_state
vhand_editor_frame	ctext_get_line_number_for_pos
vhand_editor_frame	show_message
vhand_effect_radio	__sprintf_chk@plt
vhand_effect_radio	backup_sfx
vhand_effect_radio	codo_draw_sprite_col
vhand_effect_radio	codo_get_key_state
vhand_effect_radio	codo_push_undo_state
vhand_effect_radio	codo_rectfill
vhand_effect_radio	create_undo_sfx64_state
vhand_effect_radio	show_message_hover
vhand_gfx_bank_button	codo_draw_sprite
vhand_gfx_navigator	codo_blit
vhand_gfx_navigator	codo_get_key_state
vhand_gfx_navigator	codo_rect
vhand_gfx_navigator	codo_rectfill
vhand_gfx_navigator	codo_set_clip
vhand_gfx_navigator_scroll_button	__sprintf_chk@plt
vhand_gfx_navigator_scroll_button	codo_blit
vhand_gfx_navigator_scroll_button	codo_draw_text_ex
vhand_gfx_palette	codo_getpixel
vhand_gfx_palette	codo_rect
vhand_gfx_palette	codo_rectfill
vhand_gfx_palette	codo_stretch_blit
vhand_gfx_palette	show_message_hover
vhand_gfx_spriter	__stack_chk_fail@plt
vhand_gfx_spriter	backup_bmp
vhand_gfx_spriter	codo_blit
vhand_gfx_spriter	codo_clear_bitmap
vhand_gfx_spriter	codo_draw_sprite
vhand_gfx_spriter	codo_floodfill
vhand_gfx_spriter	codo_get_key_state
vhand_gfx_spriter	codo_get_time
vhand_gfx_spriter	codo_getpixel
vhand_gfx_spriter	codo_line
vhand_gfx_spriter	codo_push_undo_state
vhand_gfx_spriter	codo_putpixel
vhand_gfx_spriter	codo_rect
vhand_gfx_spriter	codo_rectfill
vhand_gfx_spriter	codo_reset_clip
vhand_gfx_spriter	codo_set_clip
vhand_gfx_spriter	codo_stretch_blit
vhand_gfx_spriter	create_undo_bmp_state
vhand_gfx_spriter	draw_filloval
vhand_gfx_spriter	draw_line
vhand_gfx_spriter	draw_oval
vhand_gfx_spriter	fcos
vhand_gfx_spriter	fsin
vhand_gfx_spriter	ftan2
vhand_gfx_spriter	get_selected_area
vhand_gfx_spriter	p8_fsqrt
vhand_gfx_spriter	show_message_hover
vhand_gfx_spriter	sync_shared_gfx_to_map
vhand_instrument_mode_radio	codo_draw_sprite
vhand_instrument_radio	__sprintf_chk@plt
vhand_instrument_radio	backup_sfx
vhand_instrument_radio	codo_draw_sprite_col
vhand_instrument_radio	codo_draw_text_ex
vhand_instrument_radio	codo_get_key_state
vhand_instrument_radio	codo_rectfill
vhand_instrument_radio	show_message_hover
vhand_map_bg_col	codo_rectfill
vhand_map_editor	__sprintf_chk@plt
vhand_map_editor	__stack_chk_fail@plt
vhand_map_editor	backup_bmp
vhand_map_editor	codo_blit
vhand_map_editor	codo_create_bitmap
vhand_map_editor	codo_draw_sprite
vhand_map_editor	codo_draw_sprite_shadow
vhand_map_editor	codo_draw_text_ex
vhand_map_editor	codo_floodfill
vhand_map_editor	codo_get_key_state
vhand_map_editor	codo_get_time
vhand_map_editor	codo_getpixel
vhand_map_editor	codo_push_undo_state
vhand_map_editor	codo_putpixel
vhand_map_editor	codo_rect
vhand_map_editor	codo_rectfill
vhand_map_editor	codo_reset_clip
vhand_map_editor	codo_set_clip
vhand_map_editor	codo_stretch_blit
vhand_map_editor	create_undo_bmp_state
vhand_map_editor	draw_filloval_editor
vhand_map_editor	draw_line
vhand_map_editor	draw_line_editor
vhand_map_editor	draw_oval_editor
vhand_map_editor	fcos
vhand_map_editor	fsin
vhand_map_editor	ftan2
vhand_map_editor	get_selected_area
vhand_map_editor	map_deselect
vhand_map_editor	map_putpixel_editor
vhand_map_editor	map_select
vhand_map_editor	memcpy@plt
vhand_map_editor	p8_fsqrt
vhand_map_editor	pico8_poke
vhand_map_editor	show_message
vhand_map_editor	show_message_2
vhand_map_editor	sync_shared_map_to_gfx
vhand_map_navigator	__sprintf_chk@plt
vhand_map_navigator	__stack_chk_fail@plt
vhand_map_navigator	codo_blit
vhand_map_navigator	codo_draw_sprite
vhand_map_navigator	codo_draw_text_ex
vhand_map_navigator	codo_push_undo_state
vhand_map_navigator	codo_putpixel
vhand_map_navigator	codo_rectfill
vhand_map_navigator	create_undo_bmp_state
vhand_octave_chooser	__sprintf_chk@plt
vhand_octave_chooser	codo_draw_text_ex
vhand_octave_chooser	codo_rectfill
vhand_pattern_chooser	__sprintf_chk@plt
vhand_pattern_chooser	__stack_chk_fail@plt
vhand_pattern_chooser	codo_draw_text_ex
vhand_pattern_chooser	codo_get_key_state
vhand_pattern_chooser	codo_get_time
vhand_pattern_chooser	codo_music_is_playing
vhand_pattern_chooser	codo_pico8_song_is_playing
vhand_pattern_chooser	codo_push_undo_state
vhand_pattern_chooser	codo_putpixel
vhand_pattern_chooser	codo_rectfill
vhand_pattern_chooser	create_undo_sfx64_state
vhand_pattern_chooser_tiny	__sprintf_chk@plt
vhand_pattern_chooser_tiny	codo_draw_text_ex
vhand_pattern_chooser_tiny	codo_get_key_state
vhand_pattern_chooser_tiny	codo_get_time
vhand_pattern_chooser_tiny	codo_music_is_playing
vhand_pattern_chooser_tiny	codo_pico8_song_is_playing
vhand_pattern_chooser_tiny	codo_play_pico8_song
vhand_pattern_chooser_tiny	codo_putpixel
vhand_pattern_chooser_tiny	codo_rectfill
vhand_radio	__sprintf_chk@plt
vhand_radio	codo_blit
vhand_radio	codo_draw_sprite_col
vhand_sfx_chooser_tiny	__sprintf_chk@plt
vhand_sfx_chooser_tiny	cmusic_stop
vhand_sfx_chooser_tiny	codo_draw_text_ex
vhand_sfx_chooser_tiny	codo_get_key_state
vhand_sfx_chooser_tiny	codo_get_pico8_channel_sfx
vhand_sfx_chooser_tiny	codo_get_sfx_playing_note
vhand_sfx_chooser_tiny	codo_line
vhand_sfx_chooser_tiny	codo_putpixel
vhand_sfx_chooser_tiny	codo_rectfill
vhand_sfx_chooser_tiny	codo_stop_all_sounds
vhand_sfx_chooser_tiny	show_message_hover
vhand_sfx_pattern	codo_any_sound_is_playing
vhand_sfx_pattern	codo_clear_bitmap
vhand_sfx_pattern	codo_get_key_state
vhand_sfx_pattern	codo_get_sfx_playing_note
vhand_sfx_pattern	codo_pico8_song_is_playing
vhand_sfx_pattern	codo_push_undo_state
vhand_sfx_pattern	codo_rect
vhand_sfx_pattern	codo_rectfill
vhand_sfx_pattern	codo_reset_clip
vhand_sfx_pattern	codo_set_clip
vhand_sfx_pattern	create_undo_sfx64_state
vhand_sfx_pattern	draw_sfx_note
vhand_sfx_pattern_edit	codo_draw_sprite_col
vhand_sfx_pattern_edit	set_current_sfx
vhand_sfx_pattern_mute	codo_push_undo_state
vhand_sfx_pattern_mute	codo_putpixel
vhand_sfx_pattern_mute	codo_rect
vhand_sfx_pattern_mute	create_undo_sfx64_state
vhand_sfx_pitch	__sprintf_chk@plt
vhand_sfx_pitch	backup_sfx
vhand_sfx_pitch	codo_any_sound_is_playing
vhand_sfx_pitch	codo_draw_text_ex
vhand_sfx_pitch	codo_get_key_state
vhand_sfx_pitch	codo_get_sfx_playing_note
vhand_sfx_pitch	codo_play_sfx_ex
vhand_sfx_pitch	codo_push_undo_state
vhand_sfx_pitch	codo_putpixel
vhand_sfx_pitch	codo_rectfill
vhand_sfx_pitch	codo_reset_clip
vhand_sfx_pitch	create_undo_sfx64_state
vhand_sfx_pitch	show_message_hover
vhand_sfx_volume	codo_draw_text_ex
vhand_sfx_volume	codo_push_undo_state
vhand_sfx_volume	codo_rectfill
vhand_sfx_volume	codo_reset_clip
vhand_sfx_volume	create_undo_sfx64_state
vhand_sprite_prop_toggle	__sprintf_chk@plt
vhand_sprite_prop_toggle	codo_blit
vhand_sprite_prop_toggle	codo_draw_sprite
vhand_sprite_prop_toggle	codo_push_undo_state
vhand_sprite_prop_toggle	codo_rectfill
vhand_sprite_prop_toggle	create_undo_bmp_state
vhand_sprite_prop_toggle	show_message_hover
vhand_tool_button	codo_draw_sprite_col
vhand_tool_button	codo_get_key_state
vhand_tool_button	show_message_hover
vhand_volume_chooser	backup_sfx
vhand_volume_chooser	codo_draw_text_ex
vhand_volume_chooser	codo_get_key_state
vhand_volume_chooser	codo_push_undo_state
vhand_volume_chooser	codo_rectfill
vhand_volume_chooser	create_undo_sfx64_state
vhand_volume_chooser	show_message_hover
visual_strlen	strlen@plt
writeLZ77data.isra.8	codo_realloc
write_bitmap	codo_fwrite_int32
write_to_serial_channel	__fread_chk@plt
write_to_serial_channel	codo_calloc
write_to_serial_channel	codo_memset
write_to_serial_channel	fwrite@plt
write_to_serial_channel	pico8_peek
write_to_serial_channel	pico8_poke
write_to_serial_channel	show_message
write_to_serial_channel	spend_cpu
writer_lstrlib	luaL_prepbuffsize
writer_lstrlib	memcpy@plt
