address	size	type	bind	section	name
0x0	0	STT_NOTYPE	STB_LOCAL	SHN_UNDEF	
0x400238	0	STT_SECTION	STB_LOCAL	1	
0x400254	0	STT_SECTION	STB_LOCAL	2	
0x400274	0	STT_SECTION	STB_LOCAL	3	
0x400298	0	STT_SECTION	STB_LOCAL	4	
0x4002e0	0	STT_SECTION	STB_LOCAL	5	
0x4017c8	0	STT_SECTION	STB_LOCAL	6	
0x402052	0	STT_SECTION	STB_LOCAL	7	
0x402210	0	STT_SECTION	STB_LOCAL	8	
0x402320	0	STT_SECTION	STB_LOCAL	9	
0x4023f8	0	STT_SECTION	STB_LOCAL	10	
0x403820	0	STT_SECTION	STB_LOCAL	11	
0x403840	0	STT_SECTION	STB_LOCAL	12	
0x4045c0	0	STT_SECTION	STB_LOCAL	13	
0x631664	0	STT_SECTION	STB_LOCAL	14	
0x631680	0	STT_SECTION	STB_LOCAL	15	
0x6818ec	0	STT_SECTION	STB_LOCAL	16	
0x68b6b0	0	STT_SECTION	STB_LOCAL	17	
0x8c4e90	0	STT_SECTION	STB_LOCAL	18	
0x8c4e98	0	STT_SECTION	STB_LOCAL	19	
0x8c4ea0	0	STT_SECTION	STB_LOCAL	20	
0x8c6a30	0	STT_SECTION	STB_LOCAL	21	
0x8c6c40	0	STT_SECTION	STB_LOCAL	22	
0x8c8000	0	STT_SECTION	STB_LOCAL	23	
0x8c86e0	0	STT_SECTION	STB_LOCAL	24	
0x8ce1c0	0	STT_SECTION	STB_LOCAL	25	
0x0	0	STT_SECTION	STB_LOCAL	26	
0x0	0	STT_SECTION	STB_LOCAL	27	
0x0	0	STT_SECTION	STB_LOCAL	28	
0x0	0	STT_SECTION	STB_LOCAL	29	
0x0	0	STT_SECTION	STB_LOCAL	30	
0x0	0	STT_SECTION	STB_LOCAL	31	
0x0	0	STT_SECTION	STB_LOCAL	32	
0x0	0	STT_SECTION	STB_LOCAL	33	
0x0	0	STT_FILE	STB_LOCAL	SHN_ABS	lua1.c
0x415a90	153	STT_FUNC	STB_LOCAL	13	index2addr
0x415b30	35	STT_FUNC	STB_LOCAL	13	getS
0x415b60	26	STT_FUNC	STB_LOCAL	13	dofilecont
0x415b80	55	STT_FUNC	STB_LOCAL	13	luaB_corunning
0x415bc0	168	STT_FUNC	STB_LOCAL	13	DumpString
0x415c70	378	STT_FUNC	STB_LOCAL	13	reallymarkobject
0x415df0	45	STT_FUNC	STB_LOCAL	13	math_modf
0x415e20	31	STT_FUNC	STB_LOCAL	13	math_deg
0x415e40	288	STT_FUNC	STB_LOCAL	13	mainposition
0x415f60	100	STT_FUNC	STB_LOCAL	13	getF
0x415fd0	32	STT_FUNC	STB_LOCAL	13	l_alloc
0x415ff0	56	STT_FUNC	STB_LOCAL	13	os_clock
0x416030	923	STT_FUNC	STB_LOCAL	13	getobjname
0x4163d0	91	STT_FUNC	STB_LOCAL	13	kname
0x416430	96	STT_FUNC	STB_LOCAL	13	adjustlocalvars.isra.24
0x416490	441	STT_FUNC	STB_LOCAL	13	match_class.part.33
0x416650	104	STT_FUNC	STB_LOCAL	13	luaH_getint.part.53
0x4166c0	252	STT_FUNC	STB_LOCAL	13	findlocal.isra.42.constprop.156
0x4167c0	1146	STT_FUNC	STB_LOCAL	13	luaO_str2d.part.50
0x416c40	36	STT_FUNC	STB_LOCAL	13	db_getregistry
0x416c70	43	STT_FUNC	STB_LOCAL	13	lua_remove.constprop.177
0x416ca0	29	STT_FUNC	STB_LOCAL	13	freeexp.isra.6.part.7
0x416cc0	733	STT_FUNC	STB_LOCAL	13	matchbracketclass
0x416fa0	167	STT_FUNC	STB_LOCAL	13	clearkeys.constprop.207
0x417050	294	STT_FUNC	STB_LOCAL	13	clearvalues
0x417180	133	STT_FUNC	STB_LOCAL	13	luaV_tonumber.part.56
0x417210	1574	STT_FUNC	STB_LOCAL	13	DumpFunction
0x417840	487	STT_FUNC	STB_LOCAL	13	traverseephemeron
0x417a30	87	STT_FUNC	STB_LOCAL	13	lua_rawgeti.constprop.175
0x417a90	104	STT_FUNC	STB_LOCAL	13	db_getuservalue
0x63438c	4	STT_OBJECT	STB_LOCAL	15	version.3774
0x420750	7	STT_FUNC	STB_LOCAL	13	growstack
0x4190a0	132	STT_FUNC	STB_LOCAL	13	lua_load.part.62
0x634260	256	STT_OBJECT	STB_LOCAL	15	log_2.9923
0x6343a0	40	STT_OBJECT	STB_LOCAL	15	dummynode_
0x419a50	1935	STT_FUNC	STB_LOCAL	13	propagatemark
0x41dab0	62	STT_FUNC	STB_LOCAL	13	luaC_newobj.constprop.194
0x41c710	108	STT_FUNC	STB_LOCAL	13	luaD_call.constprop.198
0x41cd80	2249	STT_FUNC	STB_LOCAL	13	singlestep
0x41e160	354	STT_FUNC	STB_LOCAL	13	sweeplist.constprop.204
0x41e550	354	STT_FUNC	STB_LOCAL	13	sweeplist
0x41e6c0	303	STT_FUNC	STB_LOCAL	13	sweeplist.constprop.203
0x41dd60	41	STT_FUNC	STB_LOCAL	13	luaM_realloc_.constprop.195
0x41e7f0	107	STT_FUNC	STB_LOCAL	13	entersweep
0x41d690	322	STT_FUNC	STB_LOCAL	13	luaC_fullgc.constprop.196
0x41e0b0	162	STT_FUNC	STB_LOCAL	13	freeobj
0x41e460	216	STT_FUNC	STB_LOCAL	13	close_state
0x41f560	443	STT_FUNC	STB_LOCAL	13	internshrstr
0x41f720	133	STT_FUNC	STB_LOCAL	13	seterrorobj
0x43d300	407	STT_FUNC	STB_LOCAL	13	f_parser
0x420030	240	STT_FUNC	STB_LOCAL	13	pcallcont
0x4045c0	78	STT_FUNC	STB_LOCAL	13	resume_error
0x8c5740	464	STT_OBJECT	STB_LOCAL	20	luaX_tokens
0x8c4ea0	240	STT_OBJECT	STB_LOCAL	20	luaT_eventname.12863
0x420310	199	STT_FUNC	STB_LOCAL	13	lua_tolstring.constprop.187
0x4204c0	215	STT_FUNC	STB_LOCAL	13	lua_tolstring.constprop.186
0x4205a0	59	STT_FUNC	STB_LOCAL	13	panic
0x420de0	179	STT_FUNC	STB_LOCAL	13	callTM.isra.75
0x4212f0	135	STT_FUNC	STB_LOCAL	13	get_equalTM.isra.98.constprop.200
0x421a10	315	STT_FUNC	STB_LOCAL	13	unroll
0x421b50	230	STT_FUNC	STB_LOCAL	13	resume
0x421c40	157	STT_FUNC	STB_LOCAL	13	luaD_rawrunprotected.constprop.169
0x421e90	593	STT_FUNC	STB_LOCAL	13	auxresume
0x422780	198	STT_FUNC	STB_LOCAL	13	lexerror
0x423030	126	STT_FUNC	STB_LOCAL	13	save
0x422860	119	STT_FUNC	STB_LOCAL	13	luaK_concat.part.108
0x4229b0	386	STT_FUNC	STB_LOCAL	13	patchlistaux
0x422b40	196	STT_FUNC	STB_LOCAL	13	luaK_code
0x40460e	91	STT_FUNC	STB_LOCAL	13	escerror
0x4230b0	164	STT_FUNC	STB_LOCAL	13	checklimit.part.122
0x423160	277	STT_FUNC	STB_LOCAL	13	newupvalue
0x423280	672	STT_FUNC	STB_LOCAL	13	singlevaraux
0x423520	373	STT_FUNC	STB_LOCAL	13	new_localvar
0x4236a0	339	STT_FUNC	STB_LOCAL	13	closegoto.isra.125
0x423800	167	STT_FUNC	STB_LOCAL	13	findgotos
0x4238b0	291	STT_FUNC	STB_LOCAL	13	findlabel
0x4239e0	707	STT_FUNC	STB_LOCAL	13	leaveblock
0x423cb0	41	STT_FUNC	STB_LOCAL	13	error_expected
0x423ce0	40	STT_FUNC	STB_LOCAL	13	error.isra.128
0x404669	20	STT_FUNC	STB_LOCAL	13	LoadBlock.part.129
0x423d10	244	STT_FUNC	STB_LOCAL	13	LoadInt
0x423fe0	142	STT_FUNC	STB_LOCAL	13	errfile
0x424a70	231	STT_FUNC	STB_LOCAL	13	findindex
0x424ed0	567	STT_FUNC	STB_LOCAL	13	findfield
0x425510	95	STT_FUNC	STB_LOCAL	13	luaD_call.constprop.197
0x4261b0	95	STT_FUNC	STB_LOCAL	13	lua_setfield.constprop.162
0x426b10	286	STT_FUNC	STB_LOCAL	13	pushglobalfuncname
0x427160	139	STT_FUNC	STB_LOCAL	13	lua_rawseti.constprop.172
0x4271f0	881	STT_FUNC	STB_LOCAL	13	f_luaopen
0x427570	157	STT_FUNC	STB_LOCAL	13	luaD_rawrunprotected.constprop.168
0x427b50	430	STT_FUNC	STB_LOCAL	13	close_func
0x427d00	192	STT_FUNC	STB_LOCAL	13	luaX_newstring.constprop.143
0x427f60	406	STT_FUNC	STB_LOCAL	13	addk
0x428210	258	STT_FUNC	STB_LOCAL	13	discharge2reg
0x428320	645	STT_FUNC	STB_LOCAL	13	exp2reg
0x428640	142	STT_FUNC	STB_LOCAL	13	adjust_assign.isra.115
0x428b80	384	STT_FUNC	STB_LOCAL	13	codearith
0x4295b0	93	STT_FUNC	STB_LOCAL	13	lua_createtable.constprop.163
0x429740	126	STT_FUNC	STB_LOCAL	13	luaL_getsubtable.constprop.145
0x4297c0	607	STT_FUNC	STB_LOCAL	13	db_gethook
0x433f80	201	STT_FUNC	STB_LOCAL	13	hookf
0x429ea0	49	STT_FUNC	STB_LOCAL	13	writer_lstrlib
0x42a130	504	STT_FUNC	STB_LOCAL	13	searchpath
0x42a330	489	STT_FUNC	STB_LOCAL	13	loadfunc
0x40467d	59	STT_FUNC	STB_LOCAL	13	checkload.part.80
0x42a570	131	STT_FUNC	STB_LOCAL	13	os_tmpname
0x4046b8	89	STT_FUNC	STB_LOCAL	13	typeerror
0x404711	25	STT_FUNC	STB_LOCAL	13	tag_error
0x42aa00	157	STT_FUNC	STB_LOCAL	13	os_exit
0x42ab20	135	STT_FUNC	STB_LOCAL	13	luaL_checkinteger.constprop.150
0x42abb0	135	STT_FUNC	STB_LOCAL	13	luaL_checknumber.constprop.151
0x42ac40	58	STT_FUNC	STB_LOCAL	13	math_abs
0x42ac80	55	STT_FUNC	STB_LOCAL	13	math_sin
0x42acc0	55	STT_FUNC	STB_LOCAL	13	math_sinh
0x42ad00	55	STT_FUNC	STB_LOCAL	13	math_cos
0x42ad40	55	STT_FUNC	STB_LOCAL	13	math_cosh
0x42ad80	55	STT_FUNC	STB_LOCAL	13	math_tan
0x42adc0	55	STT_FUNC	STB_LOCAL	13	math_tanh
0x42ae00	55	STT_FUNC	STB_LOCAL	13	math_asin
0x42ae40	55	STT_FUNC	STB_LOCAL	13	math_acos
0x42ae80	55	STT_FUNC	STB_LOCAL	13	math_atan
0x42aec0	88	STT_FUNC	STB_LOCAL	13	math_atan2
0x42af20	37	STT_FUNC	STB_LOCAL	13	math_ceil
0x42af50	88	STT_FUNC	STB_LOCAL	13	math_fmod
0x42afb0	91	STT_FUNC	STB_LOCAL	13	math_sqrt
0x42b010	88	STT_FUNC	STB_LOCAL	13	math_pow
0x42b070	195	STT_FUNC	STB_LOCAL	13	math_log
0x42b140	55	STT_FUNC	STB_LOCAL	13	math_exp
0x42b180	41	STT_FUNC	STB_LOCAL	13	math_rad
0x42b1b0	122	STT_FUNC	STB_LOCAL	13	math_frexp
0x42b230	116	STT_FUNC	STB_LOCAL	13	os_difftime
0x42b2b0	37	STT_FUNC	STB_LOCAL	13	math_floor
0x42b2e0	42	STT_FUNC	STB_LOCAL	13	luaL_checklstring.constprop.154
0x42b310	71	STT_FUNC	STB_LOCAL	13	luaL_checktype.constprop.173
0x42b650	232	STT_FUNC	STB_LOCAL	13	luaB_cowrap
0x4336c0	138	STT_FUNC	STB_LOCAL	13	luaB_auxwrap
0x42b740	311	STT_FUNC	STB_LOCAL	13	b_and
0x42b880	319	STT_FUNC	STB_LOCAL	13	b_test
0x42b9c0	308	STT_FUNC	STB_LOCAL	13	b_or
0x42bb00	308	STT_FUNC	STB_LOCAL	13	b_xor
0x42bcd0	81	STT_FUNC	STB_LOCAL	13	luaL_optlstring.constprop.153
0x42bd30	231	STT_FUNC	STB_LOCAL	13	luaB_loadfile
0x42be20	573	STT_FUNC	STB_LOCAL	13	luaB_load
0x433e70	268	STT_FUNC	STB_LOCAL	13	generic_reader
0x42c060	256	STT_FUNC	STB_LOCAL	13	os_execute
0x42c160	294	STT_FUNC	STB_LOCAL	13	math_min
0x42c290	294	STT_FUNC	STB_LOCAL	13	math_max
0x42c3c0	183	STT_FUNC	STB_LOCAL	13	math_ldexp
0x42c480	65	STT_FUNC	STB_LOCAL	13	os_getenv
0x42c4d0	398	STT_FUNC	STB_LOCAL	13	b_arshift
0x42c660	151	STT_FUNC	STB_LOCAL	13	math_randomseed
0x42c700	203	STT_FUNC	STB_LOCAL	13	os_remove
0x42c7d0	288	STT_FUNC	STB_LOCAL	13	b_lrot
0x42c8f0	288	STT_FUNC	STB_LOCAL	13	b_rrot
0x42ca10	171	STT_FUNC	STB_LOCAL	13	b_not
0x42cac0	120	STT_FUNC	STB_LOCAL	13	str_len
0x42cb40	231	STT_FUNC	STB_LOCAL	13	os_rename
0x42cc30	336	STT_FUNC	STB_LOCAL	13	b_rshift
0x42cd80	336	STT_FUNC	STB_LOCAL	13	b_lshift
0x42ced0	154	STT_FUNC	STB_LOCAL	13	searcher_preload
0x42cf70	228	STT_FUNC	STB_LOCAL	13	str_reverse
0x42d060	377	STT_FUNC	STB_LOCAL	13	ll_loadlib
0x42d1e0	237	STT_FUNC	STB_LOCAL	13	str_upper
0x42d2d0	237	STT_FUNC	STB_LOCAL	13	str_lower
0x42d3c0	219	STT_FUNC	STB_LOCAL	13	ll_searchpath
0x42d4a0	292	STT_FUNC	STB_LOCAL	13	gmatch
0x432e20	394	STT_FUNC	STB_LOCAL	13	gmatch_aux
0x42d7c0	741	STT_FUNC	STB_LOCAL	13	db_sethook
0x42dab0	435	STT_FUNC	STB_LOCAL	13	db_getupvalue
0x42df90	559	STT_FUNC	STB_LOCAL	13	luaB_tonumber
0x42e380	119	STT_FUNC	STB_LOCAL	13	db_setmetatable
0x42e400	305	STT_FUNC	STB_LOCAL	13	db_setuservalue
0x42e540	593	STT_FUNC	STB_LOCAL	13	db_getlocal
0x42e7a0	1065	STT_FUNC	STB_LOCAL	13	os_date
0x42ebd0	393	STT_FUNC	STB_LOCAL	13	str_char
0x42ed60	1469	STT_FUNC	STB_LOCAL	13	db_getinfo
0x42f320	260	STT_FUNC	STB_LOCAL	13	os_setlocale
0x8c4fa0	56	STT_OBJECT	STB_LOCAL	20	catnames.11054
0x634240	24	STT_OBJECT	STB_LOCAL	15	cat.11053
0x42f430	251	STT_FUNC	STB_LOCAL	13	db_setupvalue
0x42f530	149	STT_FUNC	STB_LOCAL	13	db_getmetatable
0x42f7f0	335	STT_FUNC	STB_LOCAL	13	luaB_collectgarbage
0x8c5060	96	STT_OBJECT	STB_LOCAL	20	opts.5757
0x634360	44	STT_OBJECT	STB_LOCAL	15	optsnum.5758
0x42fa90	332	STT_FUNC	STB_LOCAL	13	db_upvalueid
0x42fbe0	608	STT_FUNC	STB_LOCAL	13	db_setlocal
0x42fe40	633	STT_FUNC	STB_LOCAL	13	db_upvaluejoin
0x4300c0	363	STT_FUNC	STB_LOCAL	13	str_dump
0x4302d0	501	STT_FUNC	STB_LOCAL	13	str_rep
0x430630	502	STT_FUNC	STB_LOCAL	13	b_replace
0x430830	297	STT_FUNC	STB_LOCAL	13	math_random
0x430960	187	STT_FUNC	STB_LOCAL	13	getfield
0x430a20	470	STT_FUNC	STB_LOCAL	13	os_time
0x430ca0	50	STT_FUNC	STB_LOCAL	13	gctm
0x431320	325	STT_FUNC	STB_LOCAL	13	searcher_Croot
0x4314d0	655	STT_FUNC	STB_LOCAL	13	tconcat
0x431af0	164	STT_FUNC	STB_LOCAL	13	luaL_setfuncs.constprop.147
0x8c5ba0	368	STT_OBJECT	STB_LOCAL	20	base_funcs
0x8c5ac0	208	STT_OBJECT	STB_LOCAL	20	bitlib
0x8c5a40	112	STT_OBJECT	STB_LOCAL	20	co_funcs
0x8c5920	272	STT_OBJECT	STB_LOCAL	20	dblib
0x8c5580	448	STT_OBJECT	STB_LOCAL	20	mathlib
0x8c5540	48	STT_OBJECT	STB_LOCAL	20	pk_funcs
0x8c4fe0	40	STT_OBJECT	STB_LOCAL	20	searchers.9900
0x8c5520	32	STT_OBJECT	STB_LOCAL	20	ll_funcs
0x8c52a0	192	STT_OBJECT	STB_LOCAL	20	syslib
0x8c51a0	240	STT_OBJECT	STB_LOCAL	20	strlib
0x8c5120	112	STT_OBJECT	STB_LOCAL	20	tab_funcs
0x432330	303	STT_FUNC	STB_LOCAL	13	push_captures
0x432460	470	STT_FUNC	STB_LOCAL	13	b_extract
0x432640	2009	STT_FUNC	STB_LOCAL	13	match
0x432fb0	884	STT_FUNC	STB_LOCAL	13	str_find_aux
0x433330	7	STT_FUNC	STB_LOCAL	13	str_match
0x433340	10	STT_FUNC	STB_LOCAL	13	str_find
0x433350	199	STT_FUNC	STB_LOCAL	13	searcher_C
0x433420	201	STT_FUNC	STB_LOCAL	13	searcher_Lua
0x4334f0	450	STT_FUNC	STB_LOCAL	13	str_byte
0x433750	198	STT_FUNC	STB_LOCAL	13	luaB_error
0x4338a0	11	STT_FUNC	STB_LOCAL	13	f_call
0x433a70	536	STT_FUNC	STB_LOCAL	13	luaB_print
0x8c5020	40	STT_OBJECT	STB_LOCAL	20	hooknames.6975
0x434050	454	STT_FUNC	STB_LOCAL	13	findloader
0x434220	362	STT_FUNC	STB_LOCAL	13	ll_require
0x434390	2011	STT_FUNC	STB_LOCAL	13	str_gsub
0x434b70	168	STT_FUNC	STB_LOCAL	13	sort_comp.constprop.135
0x434c20	174	STT_FUNC	STB_LOCAL	13	luaD_rawrunprotected.constprop.167
0x434e60	881	STT_FUNC	STB_LOCAL	13	db_debug
0x4351e0	679	STT_FUNC	STB_LOCAL	13	luaB_pcall
0x435490	739	STT_FUNC	STB_LOCAL	13	luaB_xpcall
0x435780	213	STT_FUNC	STB_LOCAL	13	luaB_dofile
0x435a30	1885	STT_FUNC	STB_LOCAL	13	auxsort
0x436190	221	STT_FUNC	STB_LOCAL	13	sort
0x4364a0	1912	STT_FUNC	STB_LOCAL	13	str_format
0x436c90	184	STT_FUNC	STB_LOCAL	13	inclinenumber
0x436d50	183	STT_FUNC	STB_LOCAL	13	skip_sep
0x436e10	119	STT_FUNC	STB_LOCAL	13	check_next
0x436e90	515	STT_FUNC	STB_LOCAL	13	LoadStringZep
0x4370a0	3002	STT_FUNC	STB_LOCAL	13	LoadFunction
0x437f60	741	STT_FUNC	STB_LOCAL	13	read_long_string
0x438250	4934	STT_FUNC	STB_LOCAL	13	llex
0x4395a0	18	STT_FUNC	STB_LOCAL	13	luaX_next.part.119
0x4395c0	244	STT_FUNC	STB_LOCAL	13	check_match
0x4396e0	63	STT_FUNC	STB_LOCAL	13	testnext.part.120
0x439760	67	STT_FUNC	STB_LOCAL	13	checknext
0x4397b0	96	STT_FUNC	STB_LOCAL	13	str_checkname
0x439810	350	STT_FUNC	STB_LOCAL	13	fieldsel
0x439970	296	STT_FUNC	STB_LOCAL	13	singlevar
0x439aa0	310	STT_FUNC	STB_LOCAL	13	gotostat
0x439be0	631	STT_FUNC	STB_LOCAL	13	test_then_block
0x43b9e0	1903	STT_FUNC	STB_LOCAL	13	subexpr
0x439e60	5606	STT_FUNC	STB_LOCAL	13	statement
0x43b450	86	STT_FUNC	STB_LOCAL	13	statlist
0x43c920	912	STT_FUNC	STB_LOCAL	13	suffixedexp
0x43b4b0	1314	STT_FUNC	STB_LOCAL	13	body
0x43c150	149	STT_FUNC	STB_LOCAL	13	explist
0x43d4a0	119	STT_FUNC	STB_LOCAL	13	block
0x43d520	676	STT_FUNC	STB_LOCAL	13	forbody
0x43ccb0	681	STT_FUNC	STB_LOCAL	13	assignment
0x634200	64	STT_OBJECT	STB_LOCAL	15	CSWTCH.744
0x6343e0	56	STT_OBJECT	STB_LOCAL	15	priority
0x43c3a0	900	STT_FUNC	STB_LOCAL	13	constructor
0x43c1f0	432	STT_FUNC	STB_LOCAL	13	recfield.isra.134
0x43c730	495	STT_FUNC	STB_LOCAL	13	funcargs
0x634390	9	STT_OBJECT	STB_LOCAL	15	udatatypename
0x0	0	STT_FILE	STB_LOCAL	SHN_ABS	lodepng.c
0x4d5df0	131	STT_FUNC	STB_LOCAL	13	checkColorValidity
0x4d5e80	1100	STT_FUNC	STB_LOCAL	13	Adam7_getpassvalues
0x4d62d0	11312	STT_FUNC	STB_LOCAL	13	unfilter
0x40472a	55	STT_FUNC	STB_LOCAL	13	ucvector_resize.part.7
0x404761	112	STT_FUNC	STB_LOCAL	13	Crc32_update_crc.constprop.17
0x9aab00	4	STT_OBJECT	STB_LOCAL	25	Crc32_crc_table_computed
0x9aa700	1024	STT_OBJECT	STB_LOCAL	25	Crc32_crc_table
0x4d8f00	220	STT_FUNC	STB_LOCAL	13	addPaddingBits
0x4d8fe0	891	STT_FUNC	STB_LOCAL	13	addUnknownChunks
0x4d9360	103	STT_FUNC	STB_LOCAL	13	uivector_push_back
0x4d93d0	100	STT_FUNC	STB_LOCAL	13	ucvector_push_back
0x4047d1	115	STT_FUNC	STB_LOCAL	13	LodePNG_add32bitInt
0x4d9440	677	STT_FUNC	STB_LOCAL	13	HuffmanTree_fillInCoins
0x4d96f0	1186	STT_FUNC	STB_LOCAL	13	writeLZ77data.isra.8
0x64b080	120	STT_OBJECT	STB_LOCAL	15	DISTANCEEXTRA
0x64b180	116	STT_OBJECT	STB_LOCAL	15	LENGTHEXTRA
0x4d9ba0	999	STT_FUNC	STB_LOCAL	13	HuffmanTree_makeFromLengths2
0x4d9f90	2132	STT_FUNC	STB_LOCAL	13	HuffmanTree_makeFromFrequencies
0x4da7f0	1257	STT_FUNC	STB_LOCAL	13	generateFixedTree
0x4dace0	146	STT_FUNC	STB_LOCAL	13	addBitToStream
0x4dad80	16217	STT_FUNC	STB_LOCAL	13	filter.isra.12
0x64af70	28	STT_OBJECT	STB_LOCAL	15	CSWTCH.78
0x4dece0	3170	STT_FUNC	STB_LOCAL	13	preProcessScanlines
0x64afd0	28	STT_OBJECT	STB_LOCAL	15	ADAM7_IY
0x64af90	28	STT_OBJECT	STB_LOCAL	15	ADAM7_DY
0x64afb0	28	STT_OBJECT	STB_LOCAL	15	ADAM7_DX
0x64aff0	28	STT_OBJECT	STB_LOCAL	15	ADAM7_IX
0x4df950	2607	STT_FUNC	STB_LOCAL	13	encodeLZ77
0x64b200	116	STT_OBJECT	STB_LOCAL	15	LENGTHBASE
0x64b100	120	STT_OBJECT	STB_LOCAL	15	DISTANCEBASE
0x4e0380	10425	STT_FUNC	STB_LOCAL	13	deflateDynamic
0x64b020	76	STT_OBJECT	STB_LOCAL	15	CLCL
0x4e63d0	570	STT_FUNC	STB_LOCAL	13	addChunk_tEXt
0x404844	217	STT_FUNC	STB_LOCAL	13	addChunk_PLTE.isra.11
0x40491d	340	STT_FUNC	STB_LOCAL	13	addChunk_tRNS
0x4e7cb0	11162	STT_FUNC	STB_LOCAL	13	decodeGeneric
0x0	0	STT_FILE	STB_LOCAL	SHN_ABS	miniz.c
0x51b260	537	STT_FUNC	STB_LOCAL	13	tdefl_calculate_minimum_redundancy
0x51b480	84	STT_FUNC	STB_LOCAL	13	mz_zip_writer_add_put_buf_callback
0x404a71	257	STT_FUNC	STB_LOCAL	13	mz_zip_writer_create_zip64_extra_data
0x51b510	199	STT_FUNC	STB_LOCAL	13	mz_zip_writer_write_zeros
0x51b5e0	54	STT_FUNC	STB_LOCAL	13	mz_zip_mem_read_func
0x51b620	205	STT_FUNC	STB_LOCAL	13	mz_zip_heap_write_func
0x51b6f0	150	STT_FUNC	STB_LOCAL	13	tdefl_output_buffer_putter
0x51b790	1262	STT_FUNC	STB_LOCAL	13	tdefl_compress_lz_codes
0x666fa0	68	STT_OBJECT	STB_LOCAL	15	mz_bitmasks
0x667620	512	STT_OBJECT	STB_LOCAL	15	s_tdefl_len_sym
0x667520	256	STT_OBJECT	STB_LOCAL	15	s_tdefl_len_extra
0x667120	512	STT_OBJECT	STB_LOCAL	15	s_tdefl_small_dist_extra
0x667320	512	STT_OBJECT	STB_LOCAL	15	s_tdefl_small_dist_sym
0x6670a0	128	STT_OBJECT	STB_LOCAL	15	s_tdefl_large_dist_sym
0x667020	128	STT_OBJECT	STB_LOCAL	15	s_tdefl_large_dist_extra
0x666a80	24	STT_OBJECT	STB_LOCAL	15	__PRETTY_FUNCTION__.5157
0x51bc80	290	STT_FUNC	STB_LOCAL	13	mz_zip_reader_end_internal
0x51bdb0	365	STT_FUNC	STB_LOCAL	13	mz_zip_writer_end_internal
0x51bf20	22	STT_FUNC	STB_LOCAL	13	mz_zip_file_write_callback
0x51bf40	91	STT_FUNC	STB_LOCAL	13	mz_zip_time_t_to_dos_time
0x51bfa0	332	STT_FUNC	STB_LOCAL	13	tdefl_radix_sort_syms
0x51c0f0	166	STT_FUNC	STB_LOCAL	13	mz_zip_array_ensure_capacity.isra.5
0x6667f0	29	STT_OBJECT	STB_LOCAL	15	__PRETTY_FUNCTION__.6207
0x51c1a0	125	STT_FUNC	STB_LOCAL	13	mz_zip_file_read_func
0x51c220	102	STT_FUNC	STB_LOCAL	13	mz_file_read_func_stdio
0x51c290	132	STT_FUNC	STB_LOCAL	13	mz_zip_file_write_func
0x404b72	35	STT_FUNC	STB_LOCAL	13	tdefl_compress_buffer.part.10
0x666a60	22	STT_OBJECT	STB_LOCAL	15	__PRETTY_FUNCTION__.5419
0x51c320	188	STT_FUNC	STB_LOCAL	13	mz_zip_writer_init_file_v2.part.17
0x51c3e0	99	STT_FUNC	STB_LOCAL	13	mz_zip_writer_create_local_dir_header.constprop.23
0x404b95	1313	STT_FUNC	STB_LOCAL	13	mz_zip_writer_add_to_central_dir
0x51c450	1473	STT_FUNC	STB_LOCAL	13	tdefl_optimize_huffman_table.constprop.30
0x51ca20	2962	STT_FUNC	STB_LOCAL	13	mz_zip_reader_read_central_dir
0x51d5c0	604	STT_FUNC	STB_LOCAL	13	mz_zip_reader_init_file_v2.part.14
0x51d820	1326	STT_FUNC	STB_LOCAL	13	mz_zip_file_stat_internal.part.15
0x51dd50	1473	STT_FUNC	STB_LOCAL	13	tdefl_optimize_huffman_table.constprop.29
0x51e320	323	STT_FUNC	STB_LOCAL	13	tdefl_start_static_block
0x51e470	3467	STT_FUNC	STB_LOCAL	13	tdefl_start_dynamic_block
0x666ff0	19	STT_OBJECT	STB_LOCAL	15	s_tdefl_packed_code_size_syms_swizzle
0x666aa0	26	STT_OBJECT	STB_LOCAL	15	__PRETTY_FUNCTION__.5072
0x51f200	2354	STT_FUNC	STB_LOCAL	13	tdefl_flush_block
0x666ac0	18	STT_OBJECT	STB_LOCAL	15	__PRETTY_FUNCTION__.5191
0x51fb40	5370	STT_FUNC	STB_LOCAL	13	tdefl_compress_fast
0x666b40	20	STT_OBJECT	STB_LOCAL	15	__PRETTY_FUNCTION__.5342
0x521040	212	STT_FUNC	STB_LOCAL	13	mz_zip_compute_crc32_callback
0x666b60	1024	STT_OBJECT	STB_LOCAL	15	s_crc_table.4748
0x521120	4707	STT_FUNC	STB_LOCAL	13	tdefl_compress_normal
0x666b20	22	STT_OBJECT	STB_LOCAL	15	__PRETTY_FUNCTION__.5397
0x666b00	17	STT_OBJECT	STB_LOCAL	15	__PRETTY_FUNCTION__.5298
0x666ae0	19	STT_OBJECT	STB_LOCAL	15	__PRETTY_FUNCTION__.5365
0x666f60	44	STT_OBJECT	STB_LOCAL	15	s_tdefl_num_probes
0x8c5ea0	160	STT_OBJECT	STB_LOCAL	20	s_error_descs.4885
0x666f60	44	STT_OBJECT	STB_LOCAL	15	s_tdefl_png_num_probes.5489
0x666a4c	5	STT_OBJECT	STB_LOCAL	15	chans.5503
0x666ff0	19	STT_OBJECT	STB_LOCAL	15	s_length_dezigzag.5536
0x6668c0	128	STT_OBJECT	STB_LOCAL	15	s_dist_extra.5535
0x666840	128	STT_OBJECT	STB_LOCAL	15	s_dist_base.5534
0x666a40	12	STT_OBJECT	STB_LOCAL	15	s_min_table_sizes.5537
0x6669c0	124	STT_OBJECT	STB_LOCAL	15	s_length_extra.5533
0x666940	124	STT_OBJECT	STB_LOCAL	15	s_length_base.5532
0x666810	17	STT_OBJECT	STB_LOCAL	15	__PRETTY_FUNCTION__.5807
0x527400	1165	STT_FUNC	STB_LOCAL	13	mz_zip_reader_extract_to_mem_no_alloc.part.18
0x527890	1769	STT_FUNC	STB_LOCAL	13	mz_zip_reader_extract_to_callback.part.20
0x6667d0	28	STT_OBJECT	STB_LOCAL	15	__PRETTY_FUNCTION__.7029
0x6667a0	36	STT_OBJECT	STB_LOCAL	15	__PRETTY_FUNCTION__.7067
0x666760	34	STT_OBJECT	STB_LOCAL	15	__PRETTY_FUNCTION__.7177
0x0	0	STT_FILE	STB_LOCAL	SHN_ABS	SDL_alsa_audio.c
0x61cf40	2	STT_FUNC	STB_LOCAL	13	ALSA_WaitDevice
0x61cf50	2	STT_FUNC	STB_LOCAL	13	no_swizzle
0x61cf60	12	STT_FUNC	STB_LOCAL	13	ALSA_GetDeviceBuf
0x61cf70	16	STT_FUNC	STB_LOCAL	13	ALSA_FlushCapture
0x9af128	8	STT_OBJECT	STB_LOCAL	25	ALSA_snd_pcm_reset
0x61cf80	346	STT_FUNC	STB_LOCAL	13	ALSA_CaptureFromDevice
0x9af1f0	8	STT_OBJECT	STB_LOCAL	25	ALSA_snd_pcm_readi
0x9af138	8	STT_OBJECT	STB_LOCAL	25	ALSA_snd_pcm_wait
0x9af1e8	8	STT_OBJECT	STB_LOCAL	25	ALSA_snd_pcm_recover
0x9af1e0	8	STT_OBJECT	STB_LOCAL	25	ALSA_snd_strerror
0x61d0e0	89	STT_FUNC	STB_LOCAL	13	ALSA_Deinitialize
0x9af0e8	8	STT_OBJECT	STB_LOCAL	25	ALSA_hotplug_thread
0x9af0f0	4	STT_OBJECT	STB_LOCAL	25	ALSA_hotplug_shutdown
0x9af0f8	8	STT_OBJECT	STB_LOCAL	25	alsa_handle
0x61d140	84	STT_FUNC	STB_LOCAL	13	ALSA_CloseDevice
0x9af200	8	STT_OBJECT	STB_LOCAL	25	ALSA_snd_pcm_close
0x61d1a0	289	STT_FUNC	STB_LOCAL	13	ALSA_PlayDevice
0x9af1f8	8	STT_OBJECT	STB_LOCAL	25	ALSA_snd_pcm_writei
0x61d2d0	90	STT_FUNC	STB_LOCAL	13	ALSA_DetectDevices
0x61d410	1439	STT_FUNC	STB_LOCAL	13	ALSA_HotplugThread
0x61d330	224	STT_FUNC	STB_LOCAL	13	add_device
0x9af118	8	STT_OBJECT	STB_LOCAL	25	ALSA_snd_device_name_get_hint
0x9af120	8	STT_OBJECT	STB_LOCAL	25	ALSA_snd_device_name_hint
0x8c6940	32	STT_OBJECT	STB_LOCAL	20	prefixes.15618
0x9af110	8	STT_OBJECT	STB_LOCAL	25	ALSA_snd_device_name_free_hint
0x61d9b0	370	STT_FUNC	STB_LOCAL	13	swizzle_alsa_channels
0x61db30	276	STT_FUNC	STB_LOCAL	13	ALSA_finalize_hardware.isra.1
0x9af160	8	STT_OBJECT	STB_LOCAL	25	ALSA_snd_pcm_hw_params
0x9af168	8	STT_OBJECT	STB_LOCAL	25	ALSA_snd_pcm_hw_params_get_buffer_size
0x9af188	8	STT_OBJECT	STB_LOCAL	25	ALSA_snd_pcm_hw_params_get_period_size
0x9af178	8	STT_OBJECT	STB_LOCAL	25	ALSA_snd_pcm_hw_params_get_periods
0x61dc50	300	STT_FUNC	STB_LOCAL	13	ALSA_set_period_size
0x9af1d8	8	STT_OBJECT	STB_LOCAL	25	ALSA_snd_pcm_hw_params_sizeof
0x9af1c8	8	STT_OBJECT	STB_LOCAL	25	ALSA_snd_pcm_hw_params_copy
0x9af190	8	STT_OBJECT	STB_LOCAL	25	ALSA_snd_pcm_hw_params_set_period_size_near
0x9af180	8	STT_OBJECT	STB_LOCAL	25	ALSA_snd_pcm_hw_params_set_periods_near
0x61dd80	1432	STT_FUNC	STB_LOCAL	13	ALSA_Init
0x61e320	1741	STT_FUNC	STB_LOCAL	13	ALSA_OpenDevice
0x9af208	8	STT_OBJECT	STB_LOCAL	25	ALSA_snd_pcm_open
0x9af1d0	8	STT_OBJECT	STB_LOCAL	25	ALSA_snd_pcm_sw_params_sizeof
0x9af1c0	8	STT_OBJECT	STB_LOCAL	25	ALSA_snd_pcm_hw_params_any
0x9af1b8	8	STT_OBJECT	STB_LOCAL	25	ALSA_snd_pcm_hw_params_set_access
0x9af1b0	8	STT_OBJECT	STB_LOCAL	25	ALSA_snd_pcm_hw_params_set_format
0x9af1a8	8	STT_OBJECT	STB_LOCAL	25	ALSA_snd_pcm_hw_params_set_channels
0x9af1a0	8	STT_OBJECT	STB_LOCAL	25	ALSA_snd_pcm_hw_params_get_channels
0x9af198	8	STT_OBJECT	STB_LOCAL	25	ALSA_snd_pcm_hw_params_set_rate_near
0x9af170	8	STT_OBJECT	STB_LOCAL	25	ALSA_snd_pcm_hw_params_set_buffer_size_near
0x9af158	8	STT_OBJECT	STB_LOCAL	25	ALSA_snd_pcm_sw_params_current
0x9af150	8	STT_OBJECT	STB_LOCAL	25	ALSA_snd_pcm_sw_params_set_start_threshold
0x9af148	8	STT_OBJECT	STB_LOCAL	25	ALSA_snd_pcm_sw_params
0x9af140	8	STT_OBJECT	STB_LOCAL	25	ALSA_snd_pcm_nonblock
0x9af130	8	STT_OBJECT	STB_LOCAL	25	ALSA_snd_pcm_sw_params_set_avail_min
0x9af108	8	STT_OBJECT	STB_LOCAL	25	ALSA_snd_pcm_get_chmap
0x9af100	8	STT_OBJECT	STB_LOCAL	25	ALSA_snd_pcm_chmap_print
0x4050b6	223	STT_FUNC	STB_LOCAL	13	ALSA_set_buffer_size.constprop.3
0x0	0	STT_FILE	STB_LOCAL	SHN_ABS	SDL_x11events.c
0x623cf0	241	STT_FUNC	STB_LOCAL	13	X11_ReadProperty
0x405195	130	STT_FUNC	STB_LOCAL	13	X11_PickTarget
0x623df0	50	STT_FUNC	STB_LOCAL	13	X11_KeyRepeatCheckIfEvent
0x623e30	453	STT_FUNC	STB_LOCAL	13	X11_ReconcileKeyboardState
0x624000	6141	STT_FUNC	STB_LOCAL	13	X11_DispatchEvent
0x67e760	16	STT_OBJECT	STB_LOCAL	15	CSWTCH.155
0x67e750	16	STT_OBJECT	STB_LOCAL	15	CSWTCH.156
0x9afa14	4	STT_OBJECT	STB_LOCAL	25	xdnd_version.47729
0x67e780	32	STT_OBJECT	STB_LOCAL	15	directions.47651
0x0	0	STT_FILE	STB_LOCAL	SHN_ABS	pico8.c
0x4060f0	126	STT_FUNC	STB_LOCAL	13	init_path.part.1
0x406170	892	STT_FUNC	STB_LOCAL	13	pico8_list_files.part.6
0x4064f0	860	STT_FUNC	STB_LOCAL	13	draw_command_string.part.2
0x406850	354	STT_FUNC	STB_LOCAL	13	draw_command_string.constprop.12
0x8ce24c	4	STT_OBJECT	STB_LOCAL	25	codo_main_draws
0x8ce248	4	STT_OBJECT	STB_LOCAL	25	codo_main_draw_t0
0x8ce254	4	STT_OBJECT	STB_LOCAL	25	last_mx
0x8ce250	4	STT_OBJECT	STB_LOCAL	25	last_my
0x8c86f8	4	STT_OBJECT	STB_LOCAL	24	dklmx
0x8c86f4	4	STT_OBJECT	STB_LOCAL	24	dklmy
0x8c86f0	4	STT_OBJECT	STB_LOCAL	24	dklmb
0x8ce22c	4	STT_OBJECT	STB_LOCAL	25	pb_lmb
0x8ce230	4	STT_OBJECT	STB_LOCAL	25	last_periodic_backup_t
0x8ce244	4	STT_OBJECT	STB_LOCAL	25	last_t
0x8ce23c	4	STT_OBJECT	STB_LOCAL	25	moved_mouse_mx
0x8ce238	4	STT_OBJECT	STB_LOCAL	25	moved_mouse_my
0x8ce234	4	STT_OBJECT	STB_LOCAL	25	frames_skipped_in_sequence
0x8ce240	4	STT_OBJECT	STB_LOCAL	25	frame_flipper
0x0	0	STT_FILE	STB_LOCAL	SHN_ABS	crtstuff.c
0x405270	0	STT_FUNC	STB_LOCAL	13	deregister_tm_clones
0x4052a0	0	STT_FUNC	STB_LOCAL	13	register_tm_clones
0x4052e0	0	STT_FUNC	STB_LOCAL	13	__do_global_dtors_aux
0x8ce1f0	1	STT_OBJECT	STB_LOCAL	25	completed.7697
0x8c4e98	0	STT_OBJECT	STB_LOCAL	19	__do_global_dtors_aux_fini_array_entry
0x405310	0	STT_FUNC	STB_LOCAL	13	frame_dummy
0x8c4e90	0	STT_OBJECT	STB_LOCAL	18	__frame_dummy_init_array_entry
0x0	0	STT_FILE	STB_LOCAL	SHN_ABS	disk.c
0x410230	2128	STT_FUNC	STB_LOCAL	13	apply_legacy_changes.part.0
0x410a80	235	STT_FUNC	STB_LOCAL	13	inject_p8_extention.part.2
0x410b70	192	STT_FUNC	STB_LOCAL	13	save_pico8_cart_32k_ex.constprop.6
0x8ce664	4	STT_OBJECT	STB_LOCAL	25	last_save_pico8_cart_32k_ex_comp_len
0x410c30	218	STT_FUNC	STB_LOCAL	13	hash_cart.part.1
0x410d10	279	STT_FUNC	STB_LOCAL	13	save_pico8_cart_32k_ex.constprop.7
0x410e30	1236	STT_FUNC	STB_LOCAL	13	prepare_loaded_cart.part.4
0x411db0	326	STT_FUNC	STB_LOCAL	13	save_backup_ex.constprop.5
0x8ce660	4	STT_OBJECT	STB_LOCAL	25	embedded_carts
0x8ce260	1024	STT_OBJECT	STB_LOCAL	25	rthf_buffer
0x0	0	STT_FILE	STB_LOCAL	SHN_ABS	run.c
0x43d900	99	STT_FUNC	STB_LOCAL	13	navigate_to_error_line.part.0
0x8ceae8	4	STT_OBJECT	STB_LOCAL	25	run_chain_items
0x8ceae0	8	STT_OBJECT	STB_LOCAL	25	nth_line_buffer
0x8c5d20	40	STT_OBJECT	STB_LOCAL	20	commandline_alias
0x8ce6e0	1024	STT_OBJECT	STB_LOCAL	25	glff_buffer
0x8ceb00	262144	STT_OBJECT	STB_LOCAL	25	lua_code_buffer
0x8ce6c8	4	STT_OBJECT	STB_LOCAL	25	last_strike_frame
0x0	0	STT_FILE	STB_LOCAL	SHN_ABS	token.c
0x443bb0	3730	STT_FUNC	STB_LOCAL	13	init_keyword_hash_table.part.2
0x90eb20	163840	STT_OBJECT	STB_LOCAL	25	keyword_hash_table
0x6382c0	256	STT_OBJECT	STB_LOCAL	15	is_alpha_dat
0x6381c0	256	STT_OBJECT	STB_LOCAL	15	is_alphanum_dat
0x946b28	4	STT_OBJECT	STB_LOCAL	25	tok
0x946b24	4	STT_OBJECT	STB_LOCAL	25	last_tok
0x936b20	65536	STT_OBJECT	STB_LOCAL	25	ident
0x638120	156	STT_OBJECT	STB_LOCAL	15	count0_neg
0x946b20	4	STT_OBJECT	STB_LOCAL	25	line_num
0x0	0	STT_FILE	STB_LOCAL	SHN_ABS	edit.c
0x638ce8	12	STT_OBJECT	STB_LOCAL	15	CSWTCH.257
0x638cd8	12	STT_OBJECT	STB_LOCAL	15	CSWTCH.258
0x8c5d60	40	STT_OBJECT	STB_LOCAL	20	filter_slider_name
0x947084	4	STT_OBJECT	STB_LOCAL	25	click_shift_state
0x947088	4	STT_OBJECT	STB_LOCAL	25	click_mb
0x947080	4	STT_OBJECT	STB_LOCAL	25	last_mx0
0x94707c	4	STT_OBJECT	STB_LOCAL	25	last_my0
0x448dc0	379	STT_FUNC	STB_LOCAL	13	set_view.constprop.7
0x638ce8	12	STT_OBJECT	STB_LOCAL	15	CSWTCH.280
0x638cd8	12	STT_OBJECT	STB_LOCAL	15	CSWTCH.281
0x94708c	4	STT_OBJECT	STB_LOCAL	25	last_sy
0x947090	4	STT_OBJECT	STB_LOCAL	25	last_sx
0x8c8800	4	STT_OBJECT	STB_LOCAL	24	last_ctab_len
0x947060	16	STT_OBJECT	STB_LOCAL	25	last_ctext
0x947058	8	STT_OBJECT	STB_LOCAL	25	last_ctext_cpos
0x947048	8	STT_OBJECT	STB_LOCAL	25	last_ctext_len
0x947050	8	STT_OBJECT	STB_LOCAL	25	last_ctext_back_len
0x947040	8	STT_OBJECT	STB_LOCAL	25	last_ctext_sel_len
0x946b60	1244	STT_OBJECT	STB_LOCAL	25	dummy_tick_buffer
0x946b5c	4	STT_OBJECT	STB_LOCAL	25	get_code_percent_result
0x946b58	4	STT_OBJECT	STB_LOCAL	25	code_compressed_size
0x947074	4	STT_OBJECT	STB_LOCAL	25	waiting_for_hex_code
0x947078	4	STT_OBJECT	STB_LOCAL	25	last_selected_tokens_count
0x947070	4	STT_OBJECT	STB_LOCAL	25	hex_code0
0x0	0	STT_FILE	STB_LOCAL	SHN_ABS	map.c
0x94709c	4	STT_OBJECT	STB_LOCAL	25	map_w
0x947094	4	STT_OBJECT	STB_LOCAL	25	map_addr
0x947098	4	STT_OBJECT	STB_LOCAL	25	map_h
0x0	0	STT_FILE	STB_LOCAL	SHN_ABS	misc.c
0x45a010	155	STT_FUNC	STB_LOCAL	13	flush_activity_log_buffer.part.1
0x947500	8	STT_OBJECT	STB_LOCAL	25	activity_log_buffer
0x94751c	4	STT_OBJECT	STB_LOCAL	25	video_recorded_inited
0x8c9214	4	STT_OBJECT	STB_LOCAL	24	al_lmx
0x8c9210	4	STT_OBJECT	STB_LOCAL	24	al_lmy
0x8c9218	4	STT_OBJECT	STB_LOCAL	24	input_since_last_log
0x947508	4	STT_OBJECT	STB_LOCAL	25	last_input_t
0x8c920c	4	STT_OBJECT	STB_LOCAL	24	al_lmb
0x947518	4	STT_OBJECT	STB_LOCAL	25	last_activity_t
0x947510	8	STT_OBJECT	STB_LOCAL	25	last_log_filename
0x947100	1024	STT_OBJECT	STB_LOCAL	25	decode_mapping
0x9470e0	16	STT_OBJECT	STB_LOCAL	25	start_time
0x0	0	STT_FILE	STB_LOCAL	SHN_ABS	api.c
0x45d6b0	33	STT_FUNC	STB_LOCAL	13	p8_holdframe
0x45d6e0	3	STT_FUNC	STB_LOCAL	13	p8_set_draw_slice
0x45d6f0	218	STT_FUNC	STB_LOCAL	13	getp_col
0x45d7d0	38	STT_FUNC	STB_LOCAL	13	p8_set_fps
0x45d800	32	STT_FUNC	STB_LOCAL	13	p8_set_mainloop_exists
0x45d820	198	STT_FUNC	STB_LOCAL	13	p8_fset
0x45d8f0	94	STT_FUNC	STB_LOCAL	13	p8_get_menu_item_selected
0x45d950	61	STT_FUNC	STB_LOCAL	13	p8_time
0x45d990	166	STT_FUNC	STB_LOCAL	13	p8_fillp
0x45da40	218	STT_FUNC	STB_LOCAL	13	p8_flip
0x45db20	18	STT_FUNC	STB_LOCAL	13	p8_superyield
0x45db40	33	STT_FUNC	STB_LOCAL	13	p8_type
0x45db70	163	STT_FUNC	STB_LOCAL	13	p8_import
0x45dc20	313	STT_FUNC	STB_LOCAL	13	p8_export
0x45dd60	182	STT_FUNC	STB_LOCAL	13	p8_reset
0x639900	128	STT_OBJECT	STB_LOCAL	15	initial_state
0x45de20	220	STT_FUNC	STB_LOCAL	13	p8_sset
0x45df00	313	STT_FUNC	STB_LOCAL	13	p8_camera
0x45e040	1062	STT_FUNC	STB_LOCAL	13	p8_save
0x45e470	31	STT_FUNC	STB_LOCAL	13	p8_login
0x45e490	26	STT_FUNC	STB_LOCAL	13	p8_radio
0x45e4b0	19	STT_FUNC	STB_LOCAL	13	p8_logout
0x45e4d0	140	STT_FUNC	STB_LOCAL	13	p8_menuitem
0x45e560	667	STT_FUNC	STB_LOCAL	13	p8_cd
0x45e800	1183	STT_FUNC	STB_LOCAL	13	p8_palt
0x45eca0	5	STT_FUNC	STB_LOCAL	13	p8_coresume
0x45ecb0	66	STT_FUNC	STB_LOCAL	13	p8_scoresub
0x947528	4	STT_OBJECT	STB_LOCAL	25	showed_scoresub_error
0x45ed00	56	STT_FUNC	STB_LOCAL	13	p8_bbsreq
0x94752c	4	STT_OBJECT	STB_LOCAL	25	showed_bbsreq_error
0x45ed40	566	STT_FUNC	STB_LOCAL	13	p8_folder
0x45ef80	125	STT_FUNC	STB_LOCAL	13	p8_dset
0x45f000	104	STT_FUNC	STB_LOCAL	13	p8_dget
0x45f070	1486	STT_FUNC	STB_LOCAL	13	p8_load_0
0x45f640	566	STT_FUNC	STB_LOCAL	13	p8_tostr
0x45f880	105	STT_FUNC	STB_LOCAL	13	p8_map_display
0x45f8f0	92	STT_FUNC	STB_LOCAL	13	p8_mark_cpu
0x45f950	18	STT_FUNC	STB_LOCAL	13	p8_update_frame_rate
0x45f970	39	STT_FUNC	STB_LOCAL	13	p8_update_buttons
0x45f9a0	83	STT_FUNC	STB_LOCAL	13	p8_yield
0x45fa00	213	STT_FUNC	STB_LOCAL	13	p8_chr
0x45fae0	452	STT_FUNC	STB_LOCAL	13	p8_sub
0x45fcb0	1250	STT_FUNC	STB_LOCAL	13	p8_split
0x4601a0	370	STT_FUNC	STB_LOCAL	13	p8_ord
0x460320	313	STT_FUNC	STB_LOCAL	13	p8_peek4_multiple
0x460460	272	STT_FUNC	STB_LOCAL	13	p8_peek2_multiple
0x460570	233	STT_FUNC	STB_LOCAL	13	p8_peek_multiple
0x460660	125	STT_FUNC	STB_LOCAL	13	p8_cartdata
0x4606e0	615	STT_FUNC	STB_LOCAL	13	p8f_poke4
0x460950	486	STT_FUNC	STB_LOCAL	13	p8f_poke2
0x460b40	396	STT_FUNC	STB_LOCAL	13	p8f_poke
0x460cd0	259	STT_FUNC	STB_LOCAL	13	p8f_max
0x460de0	259	STT_FUNC	STB_LOCAL	13	p8f_min
0x460ef0	131	STT_FUNC	STB_LOCAL	13	p8f_bxor
0x460f80	131	STT_FUNC	STB_LOCAL	13	p8f_bor
0x461010	143	STT_FUNC	STB_LOCAL	13	p8f_band
0x4610a0	82	STT_FUNC	STB_LOCAL	13	p8f_flr
0x461100	74	STT_FUNC	STB_LOCAL	13	p8f_bnot
0x461150	233	STT_FUNC	STB_LOCAL	13	p8f_mid
0x461240	103	STT_FUNC	STB_LOCAL	13	p8f_abs
0x4612b0	93	STT_FUNC	STB_LOCAL	13	p8f_sgn
0x461310	82	STT_FUNC	STB_LOCAL	13	p8f_ceil
0x461370	85	STT_FUNC	STB_LOCAL	13	p8f_srand
0x4613d0	156	STT_FUNC	STB_LOCAL	13	p8f_rotr
0x461470	156	STT_FUNC	STB_LOCAL	13	p8f_rotl
0x461510	156	STT_FUNC	STB_LOCAL	13	p8f_lshr
0x4615b0	156	STT_FUNC	STB_LOCAL	13	p8f_shr
0x461650	156	STT_FUNC	STB_LOCAL	13	p8f_shl
0x4616f0	156	STT_FUNC	STB_LOCAL	13	p8f_atan2
0x461790	72	STT_FUNC	STB_LOCAL	13	p8f_sqrt
0x4617e0	71	STT_FUNC	STB_LOCAL	13	p8f_sin
0x461830	71	STT_FUNC	STB_LOCAL	13	p8f_cos
0x461880	821	STT_FUNC	STB_LOCAL	13	p8_cstore
0x461bc0	838	STT_FUNC	STB_LOCAL	13	p8_reload
0x461f10	114	STT_FUNC	STB_LOCAL	13	p8_memset
0x461f90	119	STT_FUNC	STB_LOCAL	13	p8_memcpy
0x462010	325	STT_FUNC	STB_LOCAL	13	p8_serial
0x462160	255	STT_FUNC	STB_LOCAL	13	p8_music
0x462260	144	STT_FUNC	STB_LOCAL	13	p8_sget
0x4622f0	261	STT_FUNC	STB_LOCAL	13	p8f_pget
0x462400	81	STT_FUNC	STB_LOCAL	13	p8_mset
0x462460	78	STT_FUNC	STB_LOCAL	13	p8_mget
0x4624b0	613	STT_FUNC	STB_LOCAL	13	p8_tline
0x462720	551	STT_FUNC	STB_LOCAL	13	p8_line
0x462950	558	STT_FUNC	STB_LOCAL	13	p8_tonum
0x462b80	51	STT_FUNC	STB_LOCAL	13	p8_install_demos
0x462bc0	573	STT_FUNC	STB_LOCAL	13	p8_clip
0x462e00	132	STT_FUNC	STB_LOCAL	13	p8_cls
0x462e90	55	STT_FUNC	STB_LOCAL	13	p8_refund_cpu
0x462ed0	1503	STT_FUNC	STB_LOCAL	13	p8_extcmd
0x4634b0	467	STT_FUNC	STB_LOCAL	13	p8_load
0x463690	117	STT_FUNC	STB_LOCAL	13	p8_run
0x463710	513	STT_FUNC	STB_LOCAL	13	p8_info.part.3
0x463920	43	STT_FUNC	STB_LOCAL	13	p8_info
0x463950	112	STT_FUNC	STB_LOCAL	13	p8_shutdown
0x4639c0	120	STT_FUNC	STB_LOCAL	13	p8_reboot
0x463a40	156	STT_FUNC	STB_LOCAL	13	p8_backup.part.6
0x463ae0	43	STT_FUNC	STB_LOCAL	13	p8_backup
0x463b10	413	STT_FUNC	STB_LOCAL	13	p8_help
0x463cb0	625	STT_FUNC	STB_LOCAL	13	p8_ls
0x463f30	207	STT_FUNC	STB_LOCAL	13	p8_mkdir.part.8
0x464000	72	STT_FUNC	STB_LOCAL	13	p8_mkdir
0x464050	86	STT_FUNC	STB_LOCAL	13	p8__yielded_to_escape_slice
0x4640b0	230	STT_FUNC	STB_LOCAL	13	p8_fget
0x4641a0	993	STT_FUNC	STB_LOCAL	13	p8f_rectfill
0x464590	181	STT_FUNC	STB_LOCAL	13	p8_rnd
0x464650	553	STT_FUNC	STB_LOCAL	13	p8_sfx
0x464880	83	STT_FUNC	STB_LOCAL	13	p8_splore
0x4648e0	67	STT_FUNC	STB_LOCAL	13	p8_keyconfig
0x464930	75	STT_FUNC	STB_LOCAL	13	p8_install_games
0x464980	363	STT_FUNC	STB_LOCAL	13	get_p8l_log_file_name.part.18
0x464af0	446	STT_FUNC	STB_LOCAL	13	p8_btn
0x464cb0	446	STT_FUNC	STB_LOCAL	13	p8_btnp
0x464e70	1186	STT_FUNC	STB_LOCAL	13	p8_map
0x465320	2249	STT_FUNC	STB_LOCAL	13	p8_pal
0x465bf0	1162	STT_FUNC	STB_LOCAL	13	p8_printh
0x466080	752	STT_FUNC	STB_LOCAL	13	p8_spr
0x947538	8	STT_OBJECT	STB_LOCAL	25	tmp_spr_bmp
0x466370	519	STT_FUNC	STB_LOCAL	13	p8f_pset
0x466580	890	STT_FUNC	STB_LOCAL	13	p8f_rect
0x466900	876	STT_FUNC	STB_LOCAL	13	p8_sspr
0x947530	8	STT_OBJECT	STB_LOCAL	25	tmp_sspr_bmp
0x466c70	171	STT_FUNC	STB_LOCAL	13	p8_color
0x466d20	258	STT_FUNC	STB_LOCAL	13	p8_cursor
0x466e30	484	STT_FUNC	STB_LOCAL	13	p8_oval
0x467020	484	STT_FUNC	STB_LOCAL	13	p8_ovalfill
0x467210	569	STT_FUNC	STB_LOCAL	13	p8_circfill
0x467450	569	STT_FUNC	STB_LOCAL	13	p8_circ
0x467ac0	1095	STT_FUNC	STB_LOCAL	13	p8_stop
0x947540	65536	STT_OBJECT	STB_LOCAL	25	escaped_str_buf
0x468380	3019	STT_FUNC	STB_LOCAL	13	p8_stat
0x0	0	STT_FILE	STB_LOCAL	SHN_ABS	gfx.c
0x639dc0	64	STT_OBJECT	STB_LOCAL	15	col_to_b
0x6399c0	1024	STT_OBJECT	STB_LOCAL	15	hex_val
0x957560	160	STT_OBJECT	STB_LOCAL	25	print_context
0x0	0	STT_FILE	STB_LOCAL	SHN_ABS	mem.c
0x4744c0	13237	STT_FUNC	STB_LOCAL	13	pico8_memcpy_segment.part.1
0x639e80	256	STT_OBJECT	STB_LOCAL	15	mem_section
0x0	0	STT_FILE	STB_LOCAL	SHN_ABS	editsfx.c
0x957608	4	STT_OBJECT	STB_LOCAL	25	last_x0
0x957604	4	STT_OBJECT	STB_LOCAL	25	last_pitch
0x0	0	STT_FILE	STB_LOCAL	SHN_ABS	help.c
0x0	0	STT_FILE	STB_LOCAL	SHN_ABS	button.c
0x0	0	STT_FILE	STB_LOCAL	SHN_ABS	pre.c
0x0	0	STT_FILE	STB_LOCAL	SHN_ABS	math.c
0x8c9508	4	STT_OBJECT	STB_LOCAL	24	p8_m_low
0x8c950c	4	STT_OBJECT	STB_LOCAL	24	p8_m_high
0x0	0	STT_FILE	STB_LOCAL	SHN_ABS	dbmp.c
0x0	0	STT_FILE	STB_LOCAL	SHN_ABS	compress.c
0x492530	607	STT_FUNC	STB_LOCAL	13	pxa_find_repeatable_block
0x95f680	32768	STT_OBJECT	STB_LOCAL	25	hash_list
0x957660	32768	STT_OBJECT	STB_LOCAL	25	found
0x957644	4	STT_OBJECT	STB_LOCAL	25	dest_pos
0x957638	8	STT_OBJECT	STB_LOCAL	25	dest_buf
0x8c9510	4	STT_OBJECT	STB_LOCAL	24	bit
0x957648	4	STT_OBJECT	STB_LOCAL	25	byte
0x95f660	8	STT_OBJECT	STB_LOCAL	25	hash_heap
0x957624	4	STT_OBJECT	STB_LOCAL	25	literal_bits_written
0x957628	4	STT_OBJECT	STB_LOCAL	25	block_bits_written
0x957620	4	STT_OBJECT	STB_LOCAL	25	total_block_len
0x957630	8	STT_OBJECT	STB_LOCAL	25	src_buf
0x957640	4	STT_OBJECT	STB_LOCAL	25	src_pos
0x0	0	STT_FILE	STB_LOCAL	SHN_ABS	gif_lib.c
0x496f90	127	STT_FUNC	STB_LOCAL	13	SortCmpRtn
0x967684	4	STT_OBJECT	STB_LOCAL	25	SortRGBAxis
0x497010	439	STT_FUNC	STB_LOCAL	13	DGifDecompressInput
0x641870	26	STT_OBJECT	STB_LOCAL	15	CodeMasks.4765
0x4971d0	1403	STT_FUNC	STB_LOCAL	13	DGifDecompressLine
0x497750	496	STT_FUNC	STB_LOCAL	13	EGifWriteExtensions.part.8
0x497940	713	STT_FUNC	STB_LOCAL	13	EGifCompressOutput
0x497c10	578	STT_FUNC	STB_LOCAL	13	EGifCompressLine
0x967688	4	STT_OBJECT	STB_LOCAL	25	mem_total
0x641ca0	9	STT_OBJECT	STB_LOCAL	15	CodeMask
0x49a8b0	468	STT_FUNC	STB_LOCAL	13	DGifGetScreenDesc.part.9
0x0	0	STT_FILE	STB_LOCAL	SHN_ABS	cdata.c
0x0	0	STT_FILE	STB_LOCAL	SHN_ABS	export.c
0x49f1b0	239	STT_FUNC	STB_LOCAL	13	export_label_png.part.0
0x9676a0	1024	STT_OBJECT	STB_LOCAL	25	get_output_filename_buffer
0x0	0	STT_FILE	STB_LOCAL	SHN_ABS	keyconfig.c
0x967aa4	4	STT_OBJECT	STB_LOCAL	25	key_index
0x967aa0	4	STT_OBJECT	STB_LOCAL	25	ready
0x8c5e20	104	STT_OBJECT	STB_LOCAL	20	button_name
0x8c5da0	104	STT_OBJECT	STB_LOCAL	20	default_key_name
0x0	0	STT_FILE	STB_LOCAL	SHN_ABS	splore.c
0x4a2eb0	22	STT_FUNC	STB_LOCAL	13	compare_z
0x4a2ed0	100	STT_FUNC	STB_LOCAL	13	compare_alphabetical
0x4a2f40	177	STT_FUNC	STB_LOCAL	13	get_bbs_cart_filename_ex.part.2
0x968700	1024	STT_OBJECT	STB_LOCAL	25	bbl_filename
0x4a3000	201	STT_FUNC	STB_LOCAL	13	create_label_from_cart_lid.part.6
0x4a30d0	161	STT_FUNC	STB_LOCAL	13	save_bbs_cart_label.part.12
0x8c95a4	4	STT_OBJECT	STB_LOCAL	24	list_index
0x968b00	696	STT_OBJECT	STB_LOCAL	25	dummy_splore_item
0x968300	1024	STT_OBJECT	STB_LOCAL	25	bbr_filename
0x968dcc	4	STT_OBJECT	STB_LOCAL	25	expand_cats
0x968dc8	4	STT_OBJECT	STB_LOCAL	25	expand_t
0x8c95a0	4	STT_OBJECT	STB_LOCAL	24	list_index_x
0x9682e0	4	STT_OBJECT	STB_LOCAL	25	anim_t
0x968dbc	4	STT_OBJECT	STB_LOCAL	25	splore_exit_menu
0x968dc4	4	STT_OBJECT	STB_LOCAL	25	cart_launch_t
0x968db8	4	STT_OBJECT	STB_LOCAL	25	splore_exit_menu_item
0x968dc0	4	STT_OBJECT	STB_LOCAL	25	selected_t
0x967ee0	1024	STT_OBJECT	STB_LOCAL	25	gsf_rgb_buf
0x9682e4	4	STT_OBJECT	STB_LOCAL	25	glow_t
0x967ae0	1024	STT_OBJECT	STB_LOCAL	25	gofnb_buf
0x0	0	STT_FILE	STB_LOCAL	SHN_ABS	gpio.c
0x0	0	STT_FILE	STB_LOCAL	SHN_ABS	install.c
0x0	0	STT_FILE	STB_LOCAL	SHN_ABS	export_b.c
0x4af010	140	STT_FUNC	STB_LOCAL	13	save_binary_file.part.0
0x4af0a0	608	STT_FUNC	STB_LOCAL	13	add_to_zip_file.part.1
0x4af300	400	STT_FUNC	STB_LOCAL	13	save_extras.part.2
0x0	0	STT_FILE	STB_LOCAL	SHN_ABS	undo.c
0x0	0	STT_FILE	STB_LOCAL	SHN_ABS	include.c
0x968de0	4	STT_OBJECT	STB_LOCAL	25	num_includes
0x968e00	68876	STT_OBJECT	STB_LOCAL	25	include_info
0x0	0	STT_FILE	STB_LOCAL	SHN_ABS	serial.c
0x9a1b80	4	STT_OBJECT	STB_LOCAL	25	last_val
0x981b80	131072	STT_OBJECT	STB_LOCAL	25	temp_buf
0x9a1ba0	32768	STT_OBJECT	STB_LOCAL	25	serial_channel
0x9a9ba0	4	STT_OBJECT	STB_LOCAL	25	pico8_serial_inited
0x9a1b90	4	STT_OBJECT	STB_LOCAL	25	gpio_bpos
0x9a1b94	4	STT_OBJECT	STB_LOCAL	25	gpio_pos0
0x8c97c8	4	STT_OBJECT	STB_LOCAL	24	last_gpio_channel
0x9a1b88	8	STT_OBJECT	STB_LOCAL	25	gpio_out
0x9a1b84	4	STT_OBJECT	STB_LOCAL	25	gpio_blen_pos
0x981b60	8	STT_OBJECT	STB_LOCAL	25	spi_temp_buffer
0x979b60	32768	STT_OBJECT	STB_LOCAL	25	serial_temp_buffer
0x0	0	STT_FILE	STB_LOCAL	SHN_ABS	boot.c
0x9a9bc0	256	STT_OBJECT	STB_LOCAL	25	prog
0x0	0	STT_FILE	STB_LOCAL	SHN_ABS	codo.c
0x4b61d0	1920	STT_FUNC	STB_LOCAL	13	codo_process_arguments
0x9a9f30	4	STT_OBJECT	STB_LOCAL	25	codo_console
0x8c9800	256	STT_OBJECT	STB_LOCAL	24	app_title_pending
0x9a9f2c	4	STT_OBJECT	STB_LOCAL	25	codo_processing_gui
0x8c97e0	4	STT_OBJECT	STB_LOCAL	24	print_debug_timestamp
0x9a9f28	4	STT_OBJECT	STB_LOCAL	25	codo_debug_indentation
0x4b6c60	337	STT_FUNC	STB_LOCAL	13	codo_exit.part.1
0x9a9f40	4	STT_OBJECT	STB_LOCAL	25	codo_inited
0x4b6e00	616	STT_FUNC	STB_LOCAL	13	codo_init.part.2
0x8c9904	4	STT_OBJECT	STB_LOCAL	24	codo_argc
0x9a9f38	8	STT_OBJECT	STB_LOCAL	25	codo_argv
0x9a9f24	4	STT_OBJECT	STB_LOCAL	25	codo_start_time
0x9a9f20	4	STT_OBJECT	STB_LOCAL	25	skip_frame
0x9a9ee0	32	STT_OBJECT	STB_LOCAL	25	stage_max_ms
0x9a9f00	32	STT_OBJECT	STB_LOCAL	25	stage_ms
0x9a9ed0	4	STT_OBJECT	STB_LOCAL	25	perf_timing_frame
0x0	0	STT_FILE	STB_LOCAL	SHN_ABS	gfx.c
0x0	0	STT_FILE	STB_LOCAL	SHN_ABS	pod.c
0x0	0	STT_FILE	STB_LOCAL	SHN_ABS	mouse0.c
0x9a9f68	8	STT_OBJECT	STB_LOCAL	25	codo_current_mouse_bmp
0x8c9910	4	STT_OBJECT	STB_LOCAL	24	codo_mouse_focus_x
0x8c990c	4	STT_OBJECT	STB_LOCAL	24	codo_mouse_focus_y
0x0	0	STT_FILE	STB_LOCAL	SHN_ABS	keys0.c
0x0	0	STT_FILE	STB_LOCAL	SHN_ABS	gui.c
0x9a9f90	4	STT_OBJECT	STB_LOCAL	25	click1_x
0x9a9f8c	4	STT_OBJECT	STB_LOCAL	25	click1_y
0x9a9f94	4	STT_OBJECT	STB_LOCAL	25	click1_t
0x9a9fa0	4	STT_OBJECT	STB_LOCAL	25	lmb
0x9a9f84	4	STT_OBJECT	STB_LOCAL	25	click2_x
0x9a9f80	4	STT_OBJECT	STB_LOCAL	25	click2_y
0x9a9f88	4	STT_OBJECT	STB_LOCAL	25	click2_t
0x9a9f9c	4	STT_OBJECT	STB_LOCAL	25	lmb_drop
0x9a9f98	4	STT_OBJECT	STB_LOCAL	25	click1b_t
0x0	0	STT_FILE	STB_LOCAL	SHN_ABS	text.c
0x4be880	1022	STT_FUNC	STB_LOCAL	13	codo_draw_text_ex.part.1
0x4bec80	989	STT_FUNC	STB_LOCAL	13	codo_get_keyboard_string_ex.part.3
0x643d00	480	STT_OBJECT	STB_LOCAL	15	codo_font1_dat
0x0	0	STT_FILE	STB_LOCAL	SHN_ABS	disk.c
0x4bfeb0	359	STT_FUNC	STB_LOCAL	13	codo_split_filename_ex.part.0
0x4c0020	187	STT_FUNC	STB_LOCAL	13	codo_fwrite.constprop.11
0x4c00e0	211	STT_FUNC	STB_LOCAL	13	codo_fwrite.constprop.10
0x4c01c0	103	STT_FUNC	STB_LOCAL	13	codo_fread.constprop.13
0x4c0230	100	STT_FUNC	STB_LOCAL	13	codo_fread.constprop.14
0x4c02a0	517	STT_FUNC	STB_LOCAL	13	read_anim_channel.isra.3
0x9aa6e8	8	STT_OBJECT	STB_LOCAL	25	codo_trim_buffer
0x9aa2e0	1024	STT_OBJECT	STB_LOCAL	25	cfp_buffer
0x9a9fe0	768	STT_OBJECT	STB_LOCAL	25	tga_palette_0
0x644b80	256	STT_OBJECT	STB_LOCAL	15	int6_to_ascii
0x644980	512	STT_OBJECT	STB_LOCAL	15	ascii_to_int6
0x9aa6e0	4	STT_OBJECT	STB_LOCAL	25	codo_config_loaded
0x0	0	STT_FILE	STB_LOCAL	SHN_ABS	fill.c
0x9aa6f0	4	STT_OBJECT	STB_LOCAL	25	seeds_allocated
0x0	0	STT_FILE	STB_LOCAL	SHN_ABS	model.c
0x0	0	STT_FILE	STB_LOCAL	SHN_ABS	math.c
0x8c9a14	4	STT_OBJECT	STB_LOCAL	24	m_high
0x8c9a10	4	STT_OBJECT	STB_LOCAL	24	m_low
0x8c9a0c	4	STT_OBJECT	STB_LOCAL	24	m_high_backup
0x8c9a08	4	STT_OBJECT	STB_LOCAL	24	m_low_backup
0x646d40	16388	STT_OBJECT	STB_LOCAL	15	cos_val
0x644d20	8196	STT_OBJECT	STB_LOCAL	15	atan_val
0x0	0	STT_FILE	STB_LOCAL	SHN_ABS	anim.c
0x4cedc0	344	STT_FUNC	STB_LOCAL	13	canim_destroy_actor.part.1
0x0	0	STT_FILE	STB_LOCAL	SHN_ABS	blit.c
0x9aa6f8	8	STT_OBJECT	STB_LOCAL	25	fattened_back_page
0x0	0	STT_FILE	STB_LOCAL	SHN_ABS	sprite8.c
0x0	0	STT_FILE	STB_LOCAL	SHN_ABS	sprite32.c
0x0	0	STT_FILE	STB_LOCAL	SHN_ABS	sprite8h.c
0x0	0	STT_FILE	STB_LOCAL	SHN_ABS	stable.c
0x4d1660	212	STT_FUNC	STB_LOCAL	13	add_key
0x0	0	STT_FILE	STB_LOCAL	SHN_ABS	synth.c
0x4d5ab0	736	STT_FUNC	STB_LOCAL	13	codo_synth_generate_slice.part.2
0x0	0	STT_FILE	STB_LOCAL	SHN_ABS	mem.c
0x0	0	STT_FILE	STB_LOCAL	SHN_ABS	sha1.c
0x0	0	STT_FILE	STB_LOCAL	SHN_ABS	lz4.c
0x64c0e0	64	STT_OBJECT	STB_LOCAL	15	dec64table.3252
0x0	0	STT_FILE	STB_LOCAL	SHN_ABS	lz4hc.c
0x4f5ac0	9072	STT_FUNC	STB_LOCAL	13	LZ4HC_compress_generic
0x0	0	STT_FILE	STB_LOCAL	SHN_ABS	audio.c
0x9aab48	8	STT_OBJECT	STB_LOCAL	25	codo_post_mix_func
0x9aab60	128	STT_OBJECT	STB_LOCAL	25	ramp_buf
0x8c9a20	4	STT_OBJECT	STB_LOCAL	24	last_callback_len
0x9aabe0	8	STT_OBJECT	STB_LOCAL	25	codo_audio_buffer
0x0	0	STT_FILE	STB_LOCAL	SHN_ABS	video.c
0x8c9a74	4	STT_OBJECT	STB_LOCAL	24	smoothed_fps
0x0	0	STT_FILE	STB_LOCAL	SHN_ABS	sdl2.c
0x509db0	1993	STT_FUNC	STB_LOCAL	13	SDLTest_PrintRenderer
0x9aba20	8	STT_OBJECT	STB_LOCAL	25	sdl_renderer
0x50a580	536	STT_FUNC	STB_LOCAL	13	get_dest_rect
0x50a7a0	40	STT_FUNC	STB_LOCAL	13	curl_file_write
0x50a7d0	715	STT_FUNC	STB_LOCAL	13	connect_joystick.part.0
0x50aaa0	1719	STT_FUNC	STB_LOCAL	13	codo_wget_ex.part.4
0x9ab8c0	8	STT_OBJECT	STB_LOCAL	25	dl_curl_easy_init
0x9ab8b8	8	STT_OBJECT	STB_LOCAL	25	dl_curl_easy_setopt
0x9ab8b0	8	STT_OBJECT	STB_LOCAL	25	dl_curl_easy_perform
0x9ab8a8	8	STT_OBJECT	STB_LOCAL	25	dl_curl_easy_cleanup
0x9ab8a0	8	STT_OBJECT	STB_LOCAL	25	dl_curl_easy_strerror
0x9ab4a0	1024	STT_OBJECT	STB_LOCAL	25	remote_file
0x9ab0a0	1024	STT_OBJECT	STB_LOCAL	25	local_file
0x9ab080	8	STT_OBJECT	STB_LOCAL	25	wget_on_error
0x9ab088	8	STT_OBJECT	STB_LOCAL	25	wget_on_load
0x9ab900	256	STT_OBJECT	STB_LOCAL	25	key_name_buffer
0x9aac80	1024	STT_OBJECT	STB_LOCAL	25	emucol.42932
0x9aba04	4	STT_OBJECT	STB_LOCAL	25	sdl_texture_w
0x9aba18	8	STT_OBJECT	STB_LOCAL	25	sdl_texture
0x9aba00	4	STT_OBJECT	STB_LOCAL	25	sdl_texture_h
0x9ab8e8	8	STT_OBJECT	STB_LOCAL	25	bmp32
0x9aba08	8	STT_OBJECT	STB_LOCAL	25	fps_bmp
0x9aba10	8	STT_OBJECT	STB_LOCAL	25	fps_texture
0x9ab8e4	4	STT_OBJECT	STB_LOCAL	25	codo_joystick_inited
0x9ab8e0	4	STT_OBJECT	STB_LOCAL	25	next_press_t
0x9ab8dc	4	STT_OBJECT	STB_LOCAL	25	last_ctrl_keypress_t
0x9aba2c	4	STT_OBJECT	STB_LOCAL	25	virtual_mx
0x9aba28	4	STT_OBJECT	STB_LOCAL	25	virtual_my
0x9ab8d8	4	STT_OBJECT	STB_LOCAL	25	use_warped_mxy
0x9ab8d4	4	STT_OBJECT	STB_LOCAL	25	pre_warp_mx
0x9ab8d0	4	STT_OBJECT	STB_LOCAL	25	pre_warp_my
0x9ab8cc	4	STT_OBJECT	STB_LOCAL	25	warped_mx
0x9ab8c8	4	STT_OBJECT	STB_LOCAL	25	warped_my
0x0	0	STT_FILE	STB_LOCAL	SHN_ABS	p_common.c
0x0	0	STT_FILE	STB_LOCAL	SHN_ABS	vdisk.c
0x9aba40	4	STT_OBJECT	STB_LOCAL	25	vdisk_files
0x9aba60	4096	STT_OBJECT	STB_LOCAL	25	vdisk_file
0x0	0	STT_FILE	STB_LOCAL	SHN_ABS	pico8.c
0x0	0	STT_FILE	STB_LOCAL	SHN_ABS	ctext.c
0x515060	241	STT_FUNC	STB_LOCAL	13	restore_undo_ctext_state.isra.0
0x665dc0	200	STT_OBJECT	STB_LOCAL	15	unicode_katakana
0x665ea0	200	STT_OBJECT	STB_LOCAL	15	unicode_hiragana
0x665d80	64	STT_OBJECT	STB_LOCAL	15	unicode_superscript
0x8ca628	4	STT_OBJECT	STB_LOCAL	24	last_ctext_width
0x8ca624	4	STT_OBJECT	STB_LOCAL	24	last_ctext_height
0x516c10	438	STT_FUNC	STB_LOCAL	13	ctext_search_for_string.part.2
0x8ca620	4	STT_OBJECT	STB_LOCAL	24	last_insert_char_cat
0x9aca64	4	STT_OBJECT	STB_LOCAL	25	double_clicked
0x9aca60	4	STT_OBJECT	STB_LOCAL	25	last_ctext_drag_scroll_t
0x0	0	STT_FILE	STB_LOCAL	SHN_ABS	undo.c
0x51a7c0	1008	STT_FUNC	STB_LOCAL	13	generate_patch.isra.0
0x51abb0	572	STT_FUNC	STB_LOCAL	13	apply_patch.isra.1
0x0	0	STT_FILE	STB_LOCAL	SHN_ABS	string.c
0x0	0	STT_FILE	STB_LOCAL	SHN_ABS	xm.c
0x6679c0	384	STT_OBJECT	STB_LOCAL	15	ptab
0x0	0	STT_FILE	STB_LOCAL	SHN_ABS	SDL_dynapi.c
0x8ca840	4968	STT_OBJECT	STB_LOCAL	24	jump_table
0x535f70	191	STT_FUNC	STB_LOCAL	13	SDL_InitDynamicAPI
0x9aca74	4	STT_OBJECT	STB_LOCAL	25	lock.49725
0x9aca70	4	STT_OBJECT	STB_LOCAL	25	already_initialized.49724
0x536030	31	STT_FUNC	STB_LOCAL	13	SDL_log10f_DEFAULT
0x536050	31	STT_FUNC	STB_LOCAL	13	SDL_log10_DEFAULT
0x536070	19	STT_FUNC	STB_LOCAL	13	SDL_RenderGetMetalCommandEncoder_DEFAULT
0x536090	19	STT_FUNC	STB_LOCAL	13	SDL_RenderGetMetalLayer_DEFAULT
0x5360b0	31	STT_FUNC	STB_LOCAL	13	SDL_GetYUVConversionModeForResolution_DEFAULT
0x5360d0	19	STT_FUNC	STB_LOCAL	13	SDL_GetYUVConversionMode_DEFAULT
0x5360f0	17	STT_FUNC	STB_LOCAL	13	SDL_SetYUVConversionMode_DEFAULT
0x536110	43	STT_FUNC	STB_LOCAL	13	SDL_fmodf_DEFAULT
0x536140	41	STT_FUNC	STB_LOCAL	13	SDL_fmod_DEFAULT
0x536170	37	STT_FUNC	STB_LOCAL	13	SDL_scalbnf_DEFAULT
0x5361a0	43	STT_FUNC	STB_LOCAL	13	SDL_powf_DEFAULT
0x5361d0	31	STT_FUNC	STB_LOCAL	13	SDL_logf_DEFAULT
0x5361f0	31	STT_FUNC	STB_LOCAL	13	SDL_floorf_DEFAULT
0x536210	31	STT_FUNC	STB_LOCAL	13	SDL_fabsf_DEFAULT
0x536230	43	STT_FUNC	STB_LOCAL	13	SDL_copysignf_DEFAULT
0x536260	31	STT_FUNC	STB_LOCAL	13	SDL_ceilf_DEFAULT
0x536280	43	STT_FUNC	STB_LOCAL	13	SDL_atan2f_DEFAULT
0x5362b0	31	STT_FUNC	STB_LOCAL	13	SDL_atanf_DEFAULT
0x5362d0	31	STT_FUNC	STB_LOCAL	13	SDL_asinf_DEFAULT
0x5362f0	31	STT_FUNC	STB_LOCAL	13	SDL_acosf_DEFAULT
0x536310	19	STT_FUNC	STB_LOCAL	13	SDL_AudioStreamFlush_DEFAULT
0x536330	19	STT_FUNC	STB_LOCAL	13	SDL_AudioStreamAvailable_DEFAULT
0x536350	19	STT_FUNC	STB_LOCAL	13	SDL_AudioStreamClear_DEFAULT
0x536370	37	STT_FUNC	STB_LOCAL	13	SDL_AudioStreamGet_DEFAULT
0x5363a0	37	STT_FUNC	STB_LOCAL	13	SDL_AudioStreamPut_DEFAULT
0x5363d0	76	STT_FUNC	STB_LOCAL	13	SDL_NewAudioStream_DEFAULT
0x536420	19	STT_FUNC	STB_LOCAL	13	SDL_GetNumAllocations_DEFAULT
0x536440	55	STT_FUNC	STB_LOCAL	13	SDL_SetMemoryFunctions_DEFAULT
0x536480	55	STT_FUNC	STB_LOCAL	13	SDL_GetMemoryFunctions_DEFAULT
0x5364c0	37	STT_FUNC	STB_LOCAL	13	SDL_Vulkan_GetDrawableSize_DEFAULT
0x5364f0	37	STT_FUNC	STB_LOCAL	13	SDL_Vulkan_CreateSurface_DEFAULT
0x536520	37	STT_FUNC	STB_LOCAL	13	SDL_Vulkan_GetInstanceExtensions_DEFAULT
0x536550	19	STT_FUNC	STB_LOCAL	13	SDL_Vulkan_LoadLibrary_DEFAULT
0x536570	19	STT_FUNC	STB_LOCAL	13	SDL_DuplicateSurface_DEFAULT
0x536590	71	STT_FUNC	STB_LOCAL	13	SDL_ComposeCustomBlendMode_DEFAULT
0x5365e0	35	STT_FUNC	STB_LOCAL	13	SDL_wcscmp_DEFAULT
0x536610	37	STT_FUNC	STB_LOCAL	13	SDL_LoadFile_RW_DEFAULT
0x536640	19	STT_FUNC	STB_LOCAL	13	SDL_utf8strlen_DEFAULT
0x536660	17	STT_FUNC	STB_LOCAL	13	SDL_JoystickGetDeviceInstanceID_DEFAULT
0x536680	19	STT_FUNC	STB_LOCAL	13	SDL_JoystickGetType_DEFAULT
0x5366a0	17	STT_FUNC	STB_LOCAL	13	SDL_JoystickGetDeviceType_DEFAULT
0x5366c0	35	STT_FUNC	STB_LOCAL	13	SDL_JoystickGetAxisInitialState_DEFAULT
0x5366f0	17	STT_FUNC	STB_LOCAL	13	SDL_GameControllerMappingForIndex_DEFAULT
0x536710	19	STT_FUNC	STB_LOCAL	13	SDL_HasNEON_DEFAULT
0x536730	19	STT_FUNC	STB_LOCAL	13	SDL_GameControllerGetProductVersion_DEFAULT
0x536750	19	STT_FUNC	STB_LOCAL	13	SDL_GameControllerGetProduct_DEFAULT
0x536770	19	STT_FUNC	STB_LOCAL	13	SDL_GameControllerGetVendor_DEFAULT
0x536790	19	STT_FUNC	STB_LOCAL	13	SDL_JoystickGetProductVersion_DEFAULT
0x5367b0	19	STT_FUNC	STB_LOCAL	13	SDL_JoystickGetProduct_DEFAULT
0x5367d0	19	STT_FUNC	STB_LOCAL	13	SDL_JoystickGetVendor_DEFAULT
0x5367f0	17	STT_FUNC	STB_LOCAL	13	SDL_JoystickGetDeviceProductVersion_DEFAULT
0x536810	17	STT_FUNC	STB_LOCAL	13	SDL_JoystickGetDeviceProduct_DEFAULT
0x536830	17	STT_FUNC	STB_LOCAL	13	SDL_JoystickGetDeviceVendor_DEFAULT
0x536850	33	STT_FUNC	STB_LOCAL	13	SDL_GetHintBoolean_DEFAULT
0x536880	73	STT_FUNC	STB_LOCAL	13	SDL_CreateRGBSurfaceWithFormatFrom_DEFAULT
0x5368d0	61	STT_FUNC	STB_LOCAL	13	SDL_CreateRGBSurfaceWithFormat_DEFAULT
0x536910	33	STT_FUNC	STB_LOCAL	13	SDL_SetWindowResizable_DEFAULT
0x536940	35	STT_FUNC	STB_LOCAL	13	SDL_DequeueAudio_DEFAULT
0x536970	19	STT_FUNC	STB_LOCAL	13	SDL_RenderGetIntegerScale_DEFAULT
0x536990	33	STT_FUNC	STB_LOCAL	13	SDL_RenderSetIntegerScale_DEFAULT
0x5369c0	35	STT_FUNC	STB_LOCAL	13	SDL_SetWindowModalFor_DEFAULT
0x5369f0	19	STT_FUNC	STB_LOCAL	13	SDL_SetWindowInputFocus_DEFAULT
0x536a10	35	STT_FUNC	STB_LOCAL	13	SDL_GetWindowOpacity_DEFAULT
0x536a40	39	STT_FUNC	STB_LOCAL	13	SDL_SetWindowOpacity_DEFAULT
0x536a70	65	STT_FUNC	STB_LOCAL	13	SDL_GetWindowBordersSize_DEFAULT
0x536ac0	33	STT_FUNC	STB_LOCAL	13	SDL_GetDisplayUsableBounds_DEFAULT
0x536af0	17	STT_FUNC	STB_LOCAL	13	SDL_JoystickFromInstanceID_DEFAULT
0x536b10	17	STT_FUNC	STB_LOCAL	13	SDL_GameControllerFromInstanceID_DEFAULT
0x536b30	19	STT_FUNC	STB_LOCAL	13	SDL_JoystickCurrentPowerLevel_DEFAULT
0x536b50	53	STT_FUNC	STB_LOCAL	13	SDL_GetDisplayDPI_DEFAULT
0x536b90	19	STT_FUNC	STB_LOCAL	13	SDL_GetGrabbedWindow_DEFAULT
0x536bb0	17	STT_FUNC	STB_LOCAL	13	SDL_ClearQueuedAudio_DEFAULT
0x536bd0	17	STT_FUNC	STB_LOCAL	13	SDL_GetQueuedAudioSize_DEFAULT
0x536bf0	35	STT_FUNC	STB_LOCAL	13	SDL_QueueAudio_DEFAULT
0x536c20	19	STT_FUNC	STB_LOCAL	13	SDL_HasAVX2_DEFAULT
0x536c40	35	STT_FUNC	STB_LOCAL	13	SDL_GetGlobalMouseState_DEFAULT
0x536c70	37	STT_FUNC	STB_LOCAL	13	SDL_SetWindowHitTest_DEFAULT
0x536ca0	17	STT_FUNC	STB_LOCAL	13	SDL_CaptureMouse_DEFAULT
0x536cc0	31	STT_FUNC	STB_LOCAL	13	SDL_tanf_DEFAULT
0x536ce0	31	STT_FUNC	STB_LOCAL	13	SDL_tan_DEFAULT
0x536d00	31	STT_FUNC	STB_LOCAL	13	SDL_sqrtf_DEFAULT
0x536d20	31	STT_FUNC	STB_LOCAL	13	SDL_WarpMouseGlobal_DEFAULT
0x536d40	19	STT_FUNC	STB_LOCAL	13	SDL_RenderIsClipEnabled_DEFAULT
0x536d60	19	STT_FUNC	STB_LOCAL	13	SDL_GetAssertionHandler_DEFAULT
0x536d80	19	STT_FUNC	STB_LOCAL	13	SDL_GetDefaultAssertionHandler_DEFAULT
0x536da0	33	STT_FUNC	STB_LOCAL	13	SDL_GameControllerAddMappingsFromRW_DEFAULT
0x536dd0	37	STT_FUNC	STB_LOCAL	13	SDL_vsscanf_DEFAULT
0x536e00	19	STT_FUNC	STB_LOCAL	13	SDL_GL_DeleteContext_DEFAULT
0x536e20	19	STT_FUNC	STB_LOCAL	13	SDL_GL_SwapWindow_DEFAULT
0x536e40	19	STT_FUNC	STB_LOCAL	13	SDL_GL_GetSwapInterval_DEFAULT
0x536e60	17	STT_FUNC	STB_LOCAL	13	SDL_GL_SetSwapInterval_DEFAULT
0x536e80	37	STT_FUNC	STB_LOCAL	13	SDL_GL_GetDrawableSize_DEFAULT
0x536eb0	19	STT_FUNC	STB_LOCAL	13	SDL_GL_GetCurrentWindow_DEFAULT
0x536ed0	35	STT_FUNC	STB_LOCAL	13	SDL_GL_MakeCurrent_DEFAULT
0x536f00	19	STT_FUNC	STB_LOCAL	13	SDL_GL_CreateContext_DEFAULT
0x536f20	33	STT_FUNC	STB_LOCAL	13	SDL_GL_GetAttribute_DEFAULT
0x536f50	31	STT_FUNC	STB_LOCAL	13	SDL_GL_SetAttribute_DEFAULT
0x536f70	19	STT_FUNC	STB_LOCAL	13	SDL_GL_ExtensionSupported_DEFAULT
0x536f90	19	STT_FUNC	STB_LOCAL	13	SDL_GL_GetProcAddress_DEFAULT
0x536fb0	19	STT_FUNC	STB_LOCAL	13	SDL_GL_LoadLibrary_DEFAULT
0x536fd0	19	STT_FUNC	STB_LOCAL	13	SDL_IsScreenSaverEnabled_DEFAULT
0x536ff0	55	STT_FUNC	STB_LOCAL	13	SDL_GetWindowGammaRamp_DEFAULT
0x537030	55	STT_FUNC	STB_LOCAL	13	SDL_SetWindowGammaRamp_DEFAULT
0x537070	19	STT_FUNC	STB_LOCAL	13	SDL_GetWindowBrightness_DEFAULT
0x537090	39	STT_FUNC	STB_LOCAL	13	SDL_SetWindowBrightness_DEFAULT
0x5370c0	19	STT_FUNC	STB_LOCAL	13	SDL_GetWindowGrab_DEFAULT
0x5370e0	33	STT_FUNC	STB_LOCAL	13	SDL_SetWindowGrab_DEFAULT
0x537110	37	STT_FUNC	STB_LOCAL	13	SDL_UpdateWindowSurfaceRects_DEFAULT
0x537140	19	STT_FUNC	STB_LOCAL	13	SDL_UpdateWindowSurface_DEFAULT
0x537160	19	STT_FUNC	STB_LOCAL	13	SDL_GetWindowSurface_DEFAULT
0x537180	33	STT_FUNC	STB_LOCAL	13	SDL_SetWindowFullscreen_DEFAULT
0x5371b0	19	STT_FUNC	STB_LOCAL	13	SDL_RestoreWindow_DEFAULT
0x5371d0	19	STT_FUNC	STB_LOCAL	13	SDL_MinimizeWindow_DEFAULT
0x5371f0	19	STT_FUNC	STB_LOCAL	13	SDL_MaximizeWindow_DEFAULT
0x537210	19	STT_FUNC	STB_LOCAL	13	SDL_RaiseWindow_DEFAULT
0x537230	19	STT_FUNC	STB_LOCAL	13	SDL_HideWindow_DEFAULT
0x537250	19	STT_FUNC	STB_LOCAL	13	SDL_ShowWindow_DEFAULT
0x537270	33	STT_FUNC	STB_LOCAL	13	SDL_SetWindowBordered_DEFAULT
0x5372a0	37	STT_FUNC	STB_LOCAL	13	SDL_GetWindowMaximumSize_DEFAULT
0x5372d0	35	STT_FUNC	STB_LOCAL	13	SDL_SetWindowMaximumSize_DEFAULT
0x537300	37	STT_FUNC	STB_LOCAL	13	SDL_GetWindowMinimumSize_DEFAULT
0x537330	35	STT_FUNC	STB_LOCAL	13	SDL_SetWindowMinimumSize_DEFAULT
0x537360	37	STT_FUNC	STB_LOCAL	13	SDL_GetWindowSize_DEFAULT
0x537390	35	STT_FUNC	STB_LOCAL	13	SDL_SetWindowSize_DEFAULT
0x5373c0	37	STT_FUNC	STB_LOCAL	13	SDL_GetWindowPosition_DEFAULT
0x5373f0	35	STT_FUNC	STB_LOCAL	13	SDL_SetWindowPosition_DEFAULT
0x537420	35	STT_FUNC	STB_LOCAL	13	SDL_GetWindowData_DEFAULT
0x537450	37	STT_FUNC	STB_LOCAL	13	SDL_SetWindowData_DEFAULT
0x537480	35	STT_FUNC	STB_LOCAL	13	SDL_SetWindowIcon_DEFAULT
0x5374b0	19	STT_FUNC	STB_LOCAL	13	SDL_GetWindowTitle_DEFAULT
0x5374d0	35	STT_FUNC	STB_LOCAL	13	SDL_SetWindowTitle_DEFAULT
0x537500	19	STT_FUNC	STB_LOCAL	13	SDL_GetWindowFlags_DEFAULT
0x537520	17	STT_FUNC	STB_LOCAL	13	SDL_GetWindowFromID_DEFAULT
0x537540	19	STT_FUNC	STB_LOCAL	13	SDL_GetWindowID_DEFAULT
0x537560	19	STT_FUNC	STB_LOCAL	13	SDL_CreateWindowFrom_DEFAULT
0x537580	73	STT_FUNC	STB_LOCAL	13	SDL_CreateWindow_DEFAULT
0x5375d0	19	STT_FUNC	STB_LOCAL	13	SDL_GetWindowPixelFormat_DEFAULT
0x5375f0	35	STT_FUNC	STB_LOCAL	13	SDL_GetWindowDisplayMode_DEFAULT
0x537620	35	STT_FUNC	STB_LOCAL	13	SDL_SetWindowDisplayMode_DEFAULT
0x537650	19	STT_FUNC	STB_LOCAL	13	SDL_GetWindowDisplayIndex_DEFAULT
0x537670	35	STT_FUNC	STB_LOCAL	13	SDL_GetClosestDisplayMode_DEFAULT
0x5376a0	33	STT_FUNC	STB_LOCAL	13	SDL_GetCurrentDisplayMode_DEFAULT
0x5376d0	33	STT_FUNC	STB_LOCAL	13	SDL_GetDesktopDisplayMode_DEFAULT
0x537700	33	STT_FUNC	STB_LOCAL	13	SDL_GetDisplayMode_DEFAULT
0x537730	17	STT_FUNC	STB_LOCAL	13	SDL_GetNumDisplayModes_DEFAULT
0x537750	33	STT_FUNC	STB_LOCAL	13	SDL_GetDisplayBounds_DEFAULT
0x537780	17	STT_FUNC	STB_LOCAL	13	SDL_GetDisplayName_DEFAULT
0x5377a0	19	STT_FUNC	STB_LOCAL	13	SDL_GetNumVideoDisplays_DEFAULT
0x5377c0	19	STT_FUNC	STB_LOCAL	13	SDL_GetCurrentVideoDriver_DEFAULT
0x5377e0	19	STT_FUNC	STB_LOCAL	13	SDL_VideoInit_DEFAULT
0x537800	17	STT_FUNC	STB_LOCAL	13	SDL_GetVideoDriver_DEFAULT
0x537820	19	STT_FUNC	STB_LOCAL	13	SDL_GetNumVideoDrivers_DEFAULT
0x537840	19	STT_FUNC	STB_LOCAL	13	SDL_GetVersion_DEFAULT
0x537860	33	STT_FUNC	STB_LOCAL	13	SDL_GetTouchFinger_DEFAULT
0x537890	19	STT_FUNC	STB_LOCAL	13	SDL_GetNumTouchFingers_DEFAULT
0x5378b0	17	STT_FUNC	STB_LOCAL	13	SDL_GetTouchDevice_DEFAULT
0x5378d0	19	STT_FUNC	STB_LOCAL	13	SDL_GetNumTouchDevices_DEFAULT
0x5378f0	17	STT_FUNC	STB_LOCAL	13	SDL_RemoveTimer_DEFAULT
0x537910	35	STT_FUNC	STB_LOCAL	13	SDL_AddTimer_DEFAULT
0x537940	17	STT_FUNC	STB_LOCAL	13	SDL_Delay_DEFAULT
0x537960	19	STT_FUNC	STB_LOCAL	13	SDL_GetPerformanceFrequency_DEFAULT
0x537980	19	STT_FUNC	STB_LOCAL	13	SDL_GetPerformanceCounter_DEFAULT
0x5379a0	35	STT_FUNC	STB_LOCAL	13	SDL_TLSSet_DEFAULT
0x5379d0	17	STT_FUNC	STB_LOCAL	13	SDL_TLSGet_DEFAULT
0x5379f0	19	STT_FUNC	STB_LOCAL	13	SDL_TLSCreate_DEFAULT
0x537a10	19	STT_FUNC	STB_LOCAL	13	SDL_DetachThread_DEFAULT
0x537a30	35	STT_FUNC	STB_LOCAL	13	SDL_WaitThread_DEFAULT
0x537a60	17	STT_FUNC	STB_LOCAL	13	SDL_SetThreadPriority_DEFAULT
0x537a80	19	STT_FUNC	STB_LOCAL	13	SDL_GetThreadID_DEFAULT
0x537aa0	19	STT_FUNC	STB_LOCAL	13	SDL_GetThreadName_DEFAULT
0x537ac0	35	STT_FUNC	STB_LOCAL	13	SDL_GetWindowWMInfo_DEFAULT
0x537af0	55	STT_FUNC	STB_LOCAL	13	SDL_LowerBlitScaled_DEFAULT
0x537b30	55	STT_FUNC	STB_LOCAL	13	SDL_UpperBlitScaled_DEFAULT
0x537b70	55	STT_FUNC	STB_LOCAL	13	SDL_SoftStretch_DEFAULT
0x537bb0	55	STT_FUNC	STB_LOCAL	13	SDL_LowerBlit_DEFAULT
0x537bf0	55	STT_FUNC	STB_LOCAL	13	SDL_UpperBlit_DEFAULT
0x537c30	55	STT_FUNC	STB_LOCAL	13	SDL_FillRects_DEFAULT
0x537c70	37	STT_FUNC	STB_LOCAL	13	SDL_FillRect_DEFAULT
0x537ca0	99	STT_FUNC	STB_LOCAL	13	SDL_ConvertPixels_DEFAULT
0x537d10	35	STT_FUNC	STB_LOCAL	13	SDL_ConvertSurfaceFormat_DEFAULT
0x537d40	37	STT_FUNC	STB_LOCAL	13	SDL_ConvertSurface_DEFAULT
0x537d70	35	STT_FUNC	STB_LOCAL	13	SDL_GetClipRect_DEFAULT
0x537da0	35	STT_FUNC	STB_LOCAL	13	SDL_SetClipRect_DEFAULT
0x537dd0	35	STT_FUNC	STB_LOCAL	13	SDL_GetSurfaceBlendMode_DEFAULT
0x537e00	33	STT_FUNC	STB_LOCAL	13	SDL_SetSurfaceBlendMode_DEFAULT
0x537e30	35	STT_FUNC	STB_LOCAL	13	SDL_GetSurfaceAlphaMod_DEFAULT
0x537e60	34	STT_FUNC	STB_LOCAL	13	SDL_SetSurfaceAlphaMod_DEFAULT
0x537e90	55	STT_FUNC	STB_LOCAL	13	SDL_GetSurfaceColorMod_DEFAULT
0x537ed0	55	STT_FUNC	STB_LOCAL	13	SDL_SetSurfaceColorMod_DEFAULT
0x537f10	35	STT_FUNC	STB_LOCAL	13	SDL_GetColorKey_DEFAULT
0x537f40	35	STT_FUNC	STB_LOCAL	13	SDL_SetColorKey_DEFAULT
0x537f70	33	STT_FUNC	STB_LOCAL	13	SDL_SetSurfaceRLE_DEFAULT
0x537fa0	37	STT_FUNC	STB_LOCAL	13	SDL_SaveBMP_RW_DEFAULT
0x537fd0	33	STT_FUNC	STB_LOCAL	13	SDL_LoadBMP_RW_DEFAULT
0x538000	19	STT_FUNC	STB_LOCAL	13	SDL_UnlockSurface_DEFAULT
0x538020	19	STT_FUNC	STB_LOCAL	13	SDL_LockSurface_DEFAULT
0x538040	35	STT_FUNC	STB_LOCAL	13	SDL_SetSurfacePalette_DEFAULT
0x538070	19	STT_FUNC	STB_LOCAL	13	SDL_FreeSurface_DEFAULT
0x538090	111	STT_FUNC	STB_LOCAL	13	SDL_CreateRGBSurfaceFrom_DEFAULT
0x538100	99	STT_FUNC	STB_LOCAL	13	SDL_CreateRGBSurface_DEFAULT
0x538170	55	STT_FUNC	STB_LOCAL	13	SDL_iconv_string_DEFAULT
0x5381b0	65	STT_FUNC	STB_LOCAL	13	SDL_iconv_DEFAULT
0x538200	19	STT_FUNC	STB_LOCAL	13	SDL_iconv_close_DEFAULT
0x538220	35	STT_FUNC	STB_LOCAL	13	SDL_iconv_open_DEFAULT
0x538250	31	STT_FUNC	STB_LOCAL	13	SDL_sqrt_DEFAULT
0x538270	31	STT_FUNC	STB_LOCAL	13	SDL_sinf_DEFAULT
0x538290	31	STT_FUNC	STB_LOCAL	13	SDL_sin_DEFAULT
0x5382b0	37	STT_FUNC	STB_LOCAL	13	SDL_scalbn_DEFAULT
0x5382e0	41	STT_FUNC	STB_LOCAL	13	SDL_pow_DEFAULT
0x538310	31	STT_FUNC	STB_LOCAL	13	SDL_log_DEFAULT
0x538330	31	STT_FUNC	STB_LOCAL	13	SDL_floor_DEFAULT
0x538350	31	STT_FUNC	STB_LOCAL	13	SDL_fabs_DEFAULT
0x538370	31	STT_FUNC	STB_LOCAL	13	SDL_cosf_DEFAULT
0x538390	31	STT_FUNC	STB_LOCAL	13	SDL_cos_DEFAULT
0x5383b0	41	STT_FUNC	STB_LOCAL	13	SDL_copysign_DEFAULT
0x5383e0	31	STT_FUNC	STB_LOCAL	13	SDL_ceil_DEFAULT
0x538400	41	STT_FUNC	STB_LOCAL	13	SDL_atan2_DEFAULT
0x538430	31	STT_FUNC	STB_LOCAL	13	SDL_atan_DEFAULT
0x538450	31	STT_FUNC	STB_LOCAL	13	SDL_asin_DEFAULT
0x538470	31	STT_FUNC	STB_LOCAL	13	SDL_acos_DEFAULT
0x538490	55	STT_FUNC	STB_LOCAL	13	SDL_vsnprintf_DEFAULT
0x5384d0	37	STT_FUNC	STB_LOCAL	13	SDL_strncasecmp_DEFAULT
0x538500	35	STT_FUNC	STB_LOCAL	13	SDL_strcasecmp_DEFAULT
0x538530	37	STT_FUNC	STB_LOCAL	13	SDL_strncmp_DEFAULT
0x538560	35	STT_FUNC	STB_LOCAL	13	SDL_strcmp_DEFAULT
0x538590	35	STT_FUNC	STB_LOCAL	13	SDL_strtod_DEFAULT
0x5385c0	37	STT_FUNC	STB_LOCAL	13	SDL_strtoull_DEFAULT
0x5385f0	37	STT_FUNC	STB_LOCAL	13	SDL_strtoll_DEFAULT
0x538620	37	STT_FUNC	STB_LOCAL	13	SDL_strtoul_DEFAULT
0x538650	37	STT_FUNC	STB_LOCAL	13	SDL_strtol_DEFAULT
0x538680	19	STT_FUNC	STB_LOCAL	13	SDL_atof_DEFAULT
0x5386a0	19	STT_FUNC	STB_LOCAL	13	SDL_atoi_DEFAULT
0x5386c0	37	STT_FUNC	STB_LOCAL	13	SDL_ulltoa_DEFAULT
0x5386f0	37	STT_FUNC	STB_LOCAL	13	SDL_lltoa_DEFAULT
0x538720	37	STT_FUNC	STB_LOCAL	13	SDL_ultoa_DEFAULT
0x538750	37	STT_FUNC	STB_LOCAL	13	SDL_ltoa_DEFAULT
0x538780	35	STT_FUNC	STB_LOCAL	13	SDL_uitoa_DEFAULT
0x5387b0	35	STT_FUNC	STB_LOCAL	13	SDL_itoa_DEFAULT
0x5387e0	35	STT_FUNC	STB_LOCAL	13	SDL_strstr_DEFAULT
0x538810	33	STT_FUNC	STB_LOCAL	13	SDL_strrchr_DEFAULT
0x538840	33	STT_FUNC	STB_LOCAL	13	SDL_strchr_DEFAULT
0x538870	19	STT_FUNC	STB_LOCAL	13	SDL_strlwr_DEFAULT
0x538890	19	STT_FUNC	STB_LOCAL	13	SDL_strupr_DEFAULT
0x5388b0	19	STT_FUNC	STB_LOCAL	13	SDL_strrev_DEFAULT
0x5388d0	19	STT_FUNC	STB_LOCAL	13	SDL_strdup_DEFAULT
0x5388f0	37	STT_FUNC	STB_LOCAL	13	SDL_strlcat_DEFAULT
0x538920	37	STT_FUNC	STB_LOCAL	13	SDL_utf8strlcpy_DEFAULT
0x538950	37	STT_FUNC	STB_LOCAL	13	SDL_strlcpy_DEFAULT
0x538980	19	STT_FUNC	STB_LOCAL	13	SDL_strlen_DEFAULT
0x5389a0	37	STT_FUNC	STB_LOCAL	13	SDL_wcslcat_DEFAULT
0x5389d0	37	STT_FUNC	STB_LOCAL	13	SDL_wcslcpy_DEFAULT
0x538a00	19	STT_FUNC	STB_LOCAL	13	SDL_wcslen_DEFAULT
0x538a20	37	STT_FUNC	STB_LOCAL	13	SDL_memcmp_DEFAULT
0x538a50	37	STT_FUNC	STB_LOCAL	13	SDL_memmove_DEFAULT
0x538a80	37	STT_FUNC	STB_LOCAL	13	SDL_memcpy_DEFAULT
0x538ab0	35	STT_FUNC	STB_LOCAL	13	SDL_memset_DEFAULT
0x538ae0	17	STT_FUNC	STB_LOCAL	13	SDL_tolower_DEFAULT
0x538b00	17	STT_FUNC	STB_LOCAL	13	SDL_toupper_DEFAULT
0x538b20	17	STT_FUNC	STB_LOCAL	13	SDL_isspace_DEFAULT
0x538b40	17	STT_FUNC	STB_LOCAL	13	SDL_isdigit_DEFAULT
0x538b60	17	STT_FUNC	STB_LOCAL	13	SDL_abs_DEFAULT
0x538b80	55	STT_FUNC	STB_LOCAL	13	SDL_qsort_DEFAULT
0x538bc0	37	STT_FUNC	STB_LOCAL	13	SDL_setenv_DEFAULT
0x538bf0	19	STT_FUNC	STB_LOCAL	13	SDL_getenv_DEFAULT
0x538c10	19	STT_FUNC	STB_LOCAL	13	SDL_free_DEFAULT
0x538c30	35	STT_FUNC	STB_LOCAL	13	SDL_realloc_DEFAULT
0x538c60	35	STT_FUNC	STB_LOCAL	13	SDL_calloc_DEFAULT
0x538c90	19	STT_FUNC	STB_LOCAL	13	SDL_malloc_DEFAULT
0x538cb0	35	STT_FUNC	STB_LOCAL	13	SDL_GetShapedWindowMode_DEFAULT
0x538ce0	37	STT_FUNC	STB_LOCAL	13	SDL_SetWindowShape_DEFAULT
0x538d10	19	STT_FUNC	STB_LOCAL	13	SDL_IsShapedWindow_DEFAULT
0x538d30	73	STT_FUNC	STB_LOCAL	13	SDL_CreateShapedWindow_DEFAULT
0x538d80	35	STT_FUNC	STB_LOCAL	13	SDL_WriteBE64_DEFAULT
0x538db0	35	STT_FUNC	STB_LOCAL	13	SDL_WriteLE64_DEFAULT
0x538de0	33	STT_FUNC	STB_LOCAL	13	SDL_WriteBE32_DEFAULT
0x538e10	33	STT_FUNC	STB_LOCAL	13	SDL_WriteLE32_DEFAULT
0x538e40	34	STT_FUNC	STB_LOCAL	13	SDL_WriteBE16_DEFAULT
0x538e70	34	STT_FUNC	STB_LOCAL	13	SDL_WriteLE16_DEFAULT
0x538ea0	34	STT_FUNC	STB_LOCAL	13	SDL_WriteU8_DEFAULT
0x538ed0	19	STT_FUNC	STB_LOCAL	13	SDL_ReadBE64_DEFAULT
0x538ef0	19	STT_FUNC	STB_LOCAL	13	SDL_ReadLE64_DEFAULT
0x538f10	19	STT_FUNC	STB_LOCAL	13	SDL_ReadBE32_DEFAULT
0x538f30	19	STT_FUNC	STB_LOCAL	13	SDL_ReadLE32_DEFAULT
0x538f50	19	STT_FUNC	STB_LOCAL	13	SDL_ReadBE16_DEFAULT
0x538f70	19	STT_FUNC	STB_LOCAL	13	SDL_ReadLE16_DEFAULT
0x538f90	19	STT_FUNC	STB_LOCAL	13	SDL_ReadU8_DEFAULT
0x538fb0	19	STT_FUNC	STB_LOCAL	13	SDL_FreeRW_DEFAULT
0x538fd0	19	STT_FUNC	STB_LOCAL	13	SDL_AllocRW_DEFAULT
0x538ff0	33	STT_FUNC	STB_LOCAL	13	SDL_RWFromConstMem_DEFAULT
0x539020	33	STT_FUNC	STB_LOCAL	13	SDL_RWFromMem_DEFAULT
0x539050	35	STT_FUNC	STB_LOCAL	13	SDL_RWFromFile_DEFAULT
0x539080	19	STT_FUNC	STB_LOCAL	13	SDL_GL_UnbindTexture_DEFAULT
0x5390a0	37	STT_FUNC	STB_LOCAL	13	SDL_GL_BindTexture_DEFAULT
0x5390d0	19	STT_FUNC	STB_LOCAL	13	SDL_DestroyRenderer_DEFAULT
0x5390f0	19	STT_FUNC	STB_LOCAL	13	SDL_DestroyTexture_DEFAULT
0x539110	19	STT_FUNC	STB_LOCAL	13	SDL_RenderPresent_DEFAULT
0x539130	65	STT_FUNC	STB_LOCAL	13	SDL_RenderReadPixels_DEFAULT
0x539180	87	STT_FUNC	STB_LOCAL	13	SDL_RenderCopyEx_DEFAULT
0x5391e0	55	STT_FUNC	STB_LOCAL	13	SDL_RenderCopy_DEFAULT
0x539220	37	STT_FUNC	STB_LOCAL	13	SDL_RenderFillRects_DEFAULT
0x539250	35	STT_FUNC	STB_LOCAL	13	SDL_RenderFillRect_DEFAULT
0x539280	37	STT_FUNC	STB_LOCAL	13	SDL_RenderDrawRects_DEFAULT
0x5392b0	35	STT_FUNC	STB_LOCAL	13	SDL_RenderDrawRect_DEFAULT
0x5392e0	37	STT_FUNC	STB_LOCAL	13	SDL_RenderDrawLines_DEFAULT
0x539310	63	STT_FUNC	STB_LOCAL	13	SDL_RenderDrawLine_DEFAULT
0x539350	37	STT_FUNC	STB_LOCAL	13	SDL_RenderDrawPoints_DEFAULT
0x539380	35	STT_FUNC	STB_LOCAL	13	SDL_RenderDrawPoint_DEFAULT
0x5393b0	19	STT_FUNC	STB_LOCAL	13	SDL_RenderClear_DEFAULT
0x5393d0	35	STT_FUNC	STB_LOCAL	13	SDL_GetRenderDrawBlendMode_DEFAULT
0x539400	33	STT_FUNC	STB_LOCAL	13	SDL_SetRenderDrawBlendMode_DEFAULT
0x539430	65	STT_FUNC	STB_LOCAL	13	SDL_GetRenderDrawColor_DEFAULT
0x539480	58	STT_FUNC	STB_LOCAL	13	SDL_SetRenderDrawColor_DEFAULT
0x5394c0	37	STT_FUNC	STB_LOCAL	13	SDL_RenderGetScale_DEFAULT
0x5394f0	51	STT_FUNC	STB_LOCAL	13	SDL_RenderSetScale_DEFAULT
0x539530	35	STT_FUNC	STB_LOCAL	13	SDL_RenderGetClipRect_DEFAULT
0x539560	35	STT_FUNC	STB_LOCAL	13	SDL_RenderSetClipRect_DEFAULT
0x539590	35	STT_FUNC	STB_LOCAL	13	SDL_RenderGetViewport_DEFAULT
0x5395c0	35	STT_FUNC	STB_LOCAL	13	SDL_RenderSetViewport_DEFAULT
0x5395f0	37	STT_FUNC	STB_LOCAL	13	SDL_RenderGetLogicalSize_DEFAULT
0x539620	35	STT_FUNC	STB_LOCAL	13	SDL_RenderSetLogicalSize_DEFAULT
0x539650	19	STT_FUNC	STB_LOCAL	13	SDL_GetRenderTarget_DEFAULT
0x539670	35	STT_FUNC	STB_LOCAL	13	SDL_SetRenderTarget_DEFAULT
0x5396a0	19	STT_FUNC	STB_LOCAL	13	SDL_RenderTargetSupported_DEFAULT
0x5396c0	19	STT_FUNC	STB_LOCAL	13	SDL_UnlockTexture_DEFAULT
0x5396e0	55	STT_FUNC	STB_LOCAL	13	SDL_LockTexture_DEFAULT
0x539720	103	STT_FUNC	STB_LOCAL	13	SDL_UpdateYUVTexture_DEFAULT
0x539790	55	STT_FUNC	STB_LOCAL	13	SDL_UpdateTexture_DEFAULT
0x5397d0	35	STT_FUNC	STB_LOCAL	13	SDL_GetTextureBlendMode_DEFAULT
0x539800	33	STT_FUNC	STB_LOCAL	13	SDL_SetTextureBlendMode_DEFAULT
0x539830	35	STT_FUNC	STB_LOCAL	13	SDL_GetTextureAlphaMod_DEFAULT
0x539860	34	STT_FUNC	STB_LOCAL	13	SDL_SetTextureAlphaMod_DEFAULT
0x539890	55	STT_FUNC	STB_LOCAL	13	SDL_GetTextureColorMod_DEFAULT
0x5398d0	55	STT_FUNC	STB_LOCAL	13	SDL_SetTextureColorMod_DEFAULT
0x539910	65	STT_FUNC	STB_LOCAL	13	SDL_QueryTexture_DEFAULT
0x539960	35	STT_FUNC	STB_LOCAL	13	SDL_CreateTextureFromSurface_DEFAULT
0x539990	63	STT_FUNC	STB_LOCAL	13	SDL_CreateTexture_DEFAULT
0x5399d0	37	STT_FUNC	STB_LOCAL	13	SDL_GetRendererOutputSize_DEFAULT
0x539a00	35	STT_FUNC	STB_LOCAL	13	SDL_GetRendererInfo_DEFAULT
0x539a30	19	STT_FUNC	STB_LOCAL	13	SDL_GetRenderer_DEFAULT
0x539a50	19	STT_FUNC	STB_LOCAL	13	SDL_CreateSoftwareRenderer_DEFAULT
0x539a70	35	STT_FUNC	STB_LOCAL	13	SDL_CreateRenderer_DEFAULT
0x539aa0	61	STT_FUNC	STB_LOCAL	13	SDL_CreateWindowAndRenderer_DEFAULT
0x539ae0	33	STT_FUNC	STB_LOCAL	13	SDL_GetRenderDriverInfo_DEFAULT
0x539b10	19	STT_FUNC	STB_LOCAL	13	SDL_GetNumRenderDrivers_DEFAULT
0x539b30	65	STT_FUNC	STB_LOCAL	13	SDL_IntersectRectAndLine_DEFAULT
0x539b80	53	STT_FUNC	STB_LOCAL	13	SDL_EnclosePoints_DEFAULT
0x539bc0	37	STT_FUNC	STB_LOCAL	13	SDL_UnionRect_DEFAULT
0x539bf0	37	STT_FUNC	STB_LOCAL	13	SDL_IntersectRect_DEFAULT
0x539c20	35	STT_FUNC	STB_LOCAL	13	SDL_HasIntersection_DEFAULT
0x539c50	35	STT_FUNC	STB_LOCAL	13	SDL_GetPowerInfo_DEFAULT
0x539c80	19	STT_FUNC	STB_LOCAL	13	SDL_GetPlatform_DEFAULT
0x539ca0	39	STT_FUNC	STB_LOCAL	13	SDL_CalculateGammaRamp_DEFAULT
0x539cd0	71	STT_FUNC	STB_LOCAL	13	SDL_GetRGBA_DEFAULT
0x539d20	63	STT_FUNC	STB_LOCAL	13	SDL_GetRGB_DEFAULT
0x539d60	58	STT_FUNC	STB_LOCAL	13	SDL_MapRGBA_DEFAULT
0x539da0	55	STT_FUNC	STB_LOCAL	13	SDL_MapRGB_DEFAULT
0x539de0	19	STT_FUNC	STB_LOCAL	13	SDL_FreePalette_DEFAULT
0x539e00	55	STT_FUNC	STB_LOCAL	13	SDL_SetPaletteColors_DEFAULT
0x539e40	35	STT_FUNC	STB_LOCAL	13	SDL_SetPixelFormatPalette_DEFAULT
0x539e70	17	STT_FUNC	STB_LOCAL	13	SDL_AllocPalette_DEFAULT
0x539e90	19	STT_FUNC	STB_LOCAL	13	SDL_FreeFormat_DEFAULT
0x539eb0	17	STT_FUNC	STB_LOCAL	13	SDL_AllocFormat_DEFAULT
0x539ed0	61	STT_FUNC	STB_LOCAL	13	SDL_MasksToPixelFormatEnum_DEFAULT
0x539f10	71	STT_FUNC	STB_LOCAL	13	SDL_PixelFormatEnumToMasks_DEFAULT
0x539f60	17	STT_FUNC	STB_LOCAL	13	SDL_GetPixelFormatName_DEFAULT
0x539f80	37	STT_FUNC	STB_LOCAL	13	SDL_CondWaitTimeout_DEFAULT
0x539fb0	35	STT_FUNC	STB_LOCAL	13	SDL_CondWait_DEFAULT
0x539fe0	19	STT_FUNC	STB_LOCAL	13	SDL_CondBroadcast_DEFAULT
0x53a000	19	STT_FUNC	STB_LOCAL	13	SDL_CondSignal_DEFAULT
0x53a020	19	STT_FUNC	STB_LOCAL	13	SDL_SemValue_DEFAULT
0x53a040	19	STT_FUNC	STB_LOCAL	13	SDL_SemPost_DEFAULT
0x53a060	33	STT_FUNC	STB_LOCAL	13	SDL_SemWaitTimeout_DEFAULT
0x53a090	19	STT_FUNC	STB_LOCAL	13	SDL_SemTryWait_DEFAULT
0x53a0b0	19	STT_FUNC	STB_LOCAL	13	SDL_SemWait_DEFAULT
0x53a0d0	19	STT_FUNC	STB_LOCAL	13	SDL_DestroySemaphore_DEFAULT
0x53a0f0	17	STT_FUNC	STB_LOCAL	13	SDL_CreateSemaphore_DEFAULT
0x53a110	19	STT_FUNC	STB_LOCAL	13	SDL_DestroyMutex_DEFAULT
0x53a130	19	STT_FUNC	STB_LOCAL	13	SDL_UnlockMutex_DEFAULT
0x53a150	19	STT_FUNC	STB_LOCAL	13	SDL_TryLockMutex_DEFAULT
0x53a170	19	STT_FUNC	STB_LOCAL	13	SDL_LockMutex_DEFAULT
0x53a190	19	STT_FUNC	STB_LOCAL	13	SDL_CreateMutex_DEFAULT
0x53a1b0	17	STT_FUNC	STB_LOCAL	13	SDL_ShowCursor_DEFAULT
0x53a1d0	19	STT_FUNC	STB_LOCAL	13	SDL_FreeCursor_DEFAULT
0x53a1f0	19	STT_FUNC	STB_LOCAL	13	SDL_GetDefaultCursor_DEFAULT
0x53a210	19	STT_FUNC	STB_LOCAL	13	SDL_GetCursor_DEFAULT
0x53a230	19	STT_FUNC	STB_LOCAL	13	SDL_SetCursor_DEFAULT
0x53a250	17	STT_FUNC	STB_LOCAL	13	SDL_CreateSystemCursor_DEFAULT
0x53a270	35	STT_FUNC	STB_LOCAL	13	SDL_CreateColorCursor_DEFAULT
0x53a2a0	75	STT_FUNC	STB_LOCAL	13	SDL_CreateCursor_DEFAULT
0x53a2f0	17	STT_FUNC	STB_LOCAL	13	SDL_SetRelativeMouseMode_DEFAULT
0x53a310	35	STT_FUNC	STB_LOCAL	13	SDL_WarpMouseInWindow_DEFAULT
0x53a340	35	STT_FUNC	STB_LOCAL	13	SDL_GetRelativeMouseState_DEFAULT
0x53a370	35	STT_FUNC	STB_LOCAL	13	SDL_GetMouseState_DEFAULT
0x53a3a0	19	STT_FUNC	STB_LOCAL	13	SDL_GetMouseFocus_DEFAULT
0x53a3c0	53	STT_FUNC	STB_LOCAL	13	SDL_ShowSimpleMessageBox_DEFAULT
0x53a400	35	STT_FUNC	STB_LOCAL	13	SDL_ShowMessageBox_DEFAULT
0x53a430	35	STT_FUNC	STB_LOCAL	13	SDL_LogSetOutputFunction_DEFAULT
0x53a460	35	STT_FUNC	STB_LOCAL	13	SDL_LogGetOutputFunction_DEFAULT
0x53a490	51	STT_FUNC	STB_LOCAL	13	SDL_LogMessageV_DEFAULT
0x53a4d0	17	STT_FUNC	STB_LOCAL	13	SDL_LogGetPriority_DEFAULT
0x53a4f0	31	STT_FUNC	STB_LOCAL	13	SDL_LogSetPriority_DEFAULT
0x53a510	17	STT_FUNC	STB_LOCAL	13	SDL_LogSetAllPriority_DEFAULT
0x53a530	35	STT_FUNC	STB_LOCAL	13	SDL_LoadFunction_DEFAULT
0x53a560	19	STT_FUNC	STB_LOCAL	13	SDL_LoadObject_DEFAULT
0x53a580	19	STT_FUNC	STB_LOCAL	13	SDL_IsScreenKeyboardShown_DEFAULT
0x53a5a0	19	STT_FUNC	STB_LOCAL	13	SDL_HasScreenKeyboardSupport_DEFAULT
0x53a5c0	19	STT_FUNC	STB_LOCAL	13	SDL_SetTextInputRect_DEFAULT
0x53a5e0	19	STT_FUNC	STB_LOCAL	13	SDL_IsTextInputActive_DEFAULT
0x53a600	19	STT_FUNC	STB_LOCAL	13	SDL_GetKeyFromName_DEFAULT
0x53a620	17	STT_FUNC	STB_LOCAL	13	SDL_GetKeyName_DEFAULT
0x53a640	19	STT_FUNC	STB_LOCAL	13	SDL_GetScancodeFromName_DEFAULT
0x53a660	17	STT_FUNC	STB_LOCAL	13	SDL_GetScancodeName_DEFAULT
0x53a680	17	STT_FUNC	STB_LOCAL	13	SDL_GetScancodeFromKey_DEFAULT
0x53a6a0	17	STT_FUNC	STB_LOCAL	13	SDL_GetKeyFromScancode_DEFAULT
0x53a6c0	17	STT_FUNC	STB_LOCAL	13	SDL_SetModState_DEFAULT
0x53a6e0	19	STT_FUNC	STB_LOCAL	13	SDL_GetModState_DEFAULT
0x53a700	19	STT_FUNC	STB_LOCAL	13	SDL_GetKeyboardState_DEFAULT
0x53a720	33	STT_FUNC	STB_LOCAL	13	SDL_JoystickGetButton_DEFAULT
0x53a750	53	STT_FUNC	STB_LOCAL	13	SDL_JoystickGetBall_DEFAULT
0x53a790	33	STT_FUNC	STB_LOCAL	13	SDL_JoystickGetHat_DEFAULT
0x53a7c0	33	STT_FUNC	STB_LOCAL	13	SDL_JoystickGetAxis_DEFAULT
0x53a7f0	17	STT_FUNC	STB_LOCAL	13	SDL_JoystickEventState_DEFAULT
0x53a810	19	STT_FUNC	STB_LOCAL	13	SDL_JoystickNumButtons_DEFAULT
0x53a830	19	STT_FUNC	STB_LOCAL	13	SDL_JoystickNumHats_DEFAULT
0x53a850	19	STT_FUNC	STB_LOCAL	13	SDL_JoystickNumBalls_DEFAULT
0x53a870	19	STT_FUNC	STB_LOCAL	13	SDL_JoystickNumAxes_DEFAULT
0x53a890	19	STT_FUNC	STB_LOCAL	13	SDL_JoystickInstanceID_DEFAULT
0x53a8b0	19	STT_FUNC	STB_LOCAL	13	SDL_JoystickGetAttached_DEFAULT
0x53a8d0	64	STT_FUNC	STB_LOCAL	13	SDL_JoystickGetGUIDFromString_DEFAULT
0x53a910	55	STT_FUNC	STB_LOCAL	13	SDL_JoystickGetGUIDString_DEFAULT
0x53a950	64	STT_FUNC	STB_LOCAL	13	SDL_JoystickGetGUID_DEFAULT
0x53a990	62	STT_FUNC	STB_LOCAL	13	SDL_JoystickGetDeviceGUID_DEFAULT
0x53a9d0	19	STT_FUNC	STB_LOCAL	13	SDL_JoystickName_DEFAULT
0x53a9f0	17	STT_FUNC	STB_LOCAL	13	SDL_JoystickOpen_DEFAULT
0x53aa10	17	STT_FUNC	STB_LOCAL	13	SDL_JoystickNameForIndex_DEFAULT
0x53aa30	19	STT_FUNC	STB_LOCAL	13	SDL_NumJoysticks_DEFAULT
0x53aa50	37	STT_FUNC	STB_LOCAL	13	SDL_DelHintCallback_DEFAULT
0x53aa80	37	STT_FUNC	STB_LOCAL	13	SDL_AddHintCallback_DEFAULT
0x53aab0	19	STT_FUNC	STB_LOCAL	13	SDL_GetHint_DEFAULT
0x53aad0	35	STT_FUNC	STB_LOCAL	13	SDL_SetHint_DEFAULT
0x53ab00	37	STT_FUNC	STB_LOCAL	13	SDL_SetHintWithPriority_DEFAULT
0x53ab30	19	STT_FUNC	STB_LOCAL	13	SDL_HapticRumbleStop_DEFAULT
0x53ab50	45	STT_FUNC	STB_LOCAL	13	SDL_HapticRumblePlay_DEFAULT
0x53ab80	19	STT_FUNC	STB_LOCAL	13	SDL_HapticRumbleInit_DEFAULT
0x53aba0	19	STT_FUNC	STB_LOCAL	13	SDL_HapticRumbleSupported_DEFAULT
0x53abc0	19	STT_FUNC	STB_LOCAL	13	SDL_HapticStopAll_DEFAULT
0x53abe0	19	STT_FUNC	STB_LOCAL	13	SDL_HapticUnpause_DEFAULT
0x53ac00	19	STT_FUNC	STB_LOCAL	13	SDL_HapticPause_DEFAULT
0x53ac20	33	STT_FUNC	STB_LOCAL	13	SDL_HapticSetAutocenter_DEFAULT
0x53ac50	33	STT_FUNC	STB_LOCAL	13	SDL_HapticSetGain_DEFAULT
0x53ac80	33	STT_FUNC	STB_LOCAL	13	SDL_HapticGetEffectStatus_DEFAULT
0x53acb0	33	STT_FUNC	STB_LOCAL	13	SDL_HapticDestroyEffect_DEFAULT
0x53ace0	33	STT_FUNC	STB_LOCAL	13	SDL_HapticStopEffect_DEFAULT
0x53ad10	35	STT_FUNC	STB_LOCAL	13	SDL_HapticRunEffect_DEFAULT
0x53ad40	35	STT_FUNC	STB_LOCAL	13	SDL_HapticUpdateEffect_DEFAULT
0x53ad70	35	STT_FUNC	STB_LOCAL	13	SDL_HapticNewEffect_DEFAULT
0x53ada0	35	STT_FUNC	STB_LOCAL	13	SDL_HapticEffectSupported_DEFAULT
0x53add0	19	STT_FUNC	STB_LOCAL	13	SDL_HapticNumAxes_DEFAULT
0x53adf0	19	STT_FUNC	STB_LOCAL	13	SDL_HapticQuery_DEFAULT
0x53ae10	19	STT_FUNC	STB_LOCAL	13	SDL_HapticNumEffectsPlaying_DEFAULT
0x53ae30	19	STT_FUNC	STB_LOCAL	13	SDL_HapticNumEffects_DEFAULT
0x53ae50	19	STT_FUNC	STB_LOCAL	13	SDL_HapticClose_DEFAULT
0x53ae70	19	STT_FUNC	STB_LOCAL	13	SDL_HapticOpenFromJoystick_DEFAULT
0x53ae90	19	STT_FUNC	STB_LOCAL	13	SDL_JoystickIsHaptic_DEFAULT
0x53aeb0	19	STT_FUNC	STB_LOCAL	13	SDL_HapticOpenFromMouse_DEFAULT
0x53aed0	19	STT_FUNC	STB_LOCAL	13	SDL_MouseIsHaptic_DEFAULT
0x53aef0	19	STT_FUNC	STB_LOCAL	13	SDL_HapticIndex_DEFAULT
0x53af10	17	STT_FUNC	STB_LOCAL	13	SDL_HapticOpened_DEFAULT
0x53af30	17	STT_FUNC	STB_LOCAL	13	SDL_HapticOpen_DEFAULT
0x53af50	17	STT_FUNC	STB_LOCAL	13	SDL_HapticName_DEFAULT
0x53af70	35	STT_FUNC	STB_LOCAL	13	SDL_LoadDollarTemplates_DEFAULT
0x53afa0	35	STT_FUNC	STB_LOCAL	13	SDL_SaveDollarTemplate_DEFAULT
0x53afd0	19	STT_FUNC	STB_LOCAL	13	SDL_SaveAllDollarTemplates_DEFAULT
0x53aff0	19	STT_FUNC	STB_LOCAL	13	SDL_RecordGesture_DEFAULT
0x53b010	33	STT_FUNC	STB_LOCAL	13	SDL_GameControllerGetButton_DEFAULT
0x53b040	33	STT_FUNC	STB_LOCAL	13	SDL_GameControllerGetBindForButton_DEFAULT
0x53b070	17	STT_FUNC	STB_LOCAL	13	SDL_GameControllerGetStringForButton_DEFAULT
0x53b090	19	STT_FUNC	STB_LOCAL	13	SDL_GameControllerGetButtonFromString_DEFAULT
0x53b0b0	33	STT_FUNC	STB_LOCAL	13	SDL_GameControllerGetAxis_DEFAULT
0x53b0e0	33	STT_FUNC	STB_LOCAL	13	SDL_GameControllerGetBindForAxis_DEFAULT
0x53b110	17	STT_FUNC	STB_LOCAL	13	SDL_GameControllerGetStringForAxis_DEFAULT
0x53b130	19	STT_FUNC	STB_LOCAL	13	SDL_GameControllerGetAxisFromString_DEFAULT
0x53b150	17	STT_FUNC	STB_LOCAL	13	SDL_GameControllerEventState_DEFAULT
0x53b170	19	STT_FUNC	STB_LOCAL	13	SDL_GameControllerGetJoystick_DEFAULT
0x53b190	19	STT_FUNC	STB_LOCAL	13	SDL_GameControllerGetAttached_DEFAULT
0x53b1b0	19	STT_FUNC	STB_LOCAL	13	SDL_GameControllerName_DEFAULT
0x53b1d0	17	STT_FUNC	STB_LOCAL	13	SDL_GameControllerOpen_DEFAULT
0x53b1f0	17	STT_FUNC	STB_LOCAL	13	SDL_GameControllerNameForIndex_DEFAULT
0x53b210	17	STT_FUNC	STB_LOCAL	13	SDL_IsGameController_DEFAULT
0x53b230	19	STT_FUNC	STB_LOCAL	13	SDL_GameControllerMapping_DEFAULT
0x53b250	35	STT_FUNC	STB_LOCAL	13	SDL_GameControllerMappingForGUID_DEFAULT
0x53b280	19	STT_FUNC	STB_LOCAL	13	SDL_GameControllerAddMapping_DEFAULT
0x53b2a0	35	STT_FUNC	STB_LOCAL	13	SDL_GetPrefPath_DEFAULT
0x53b2d0	17	STT_FUNC	STB_LOCAL	13	SDL_RegisterEvents_DEFAULT
0x53b2f0	31	STT_FUNC	STB_LOCAL	13	SDL_EventState_DEFAULT
0x53b310	35	STT_FUNC	STB_LOCAL	13	SDL_FilterEvents_DEFAULT
0x53b340	35	STT_FUNC	STB_LOCAL	13	SDL_DelEventWatch_DEFAULT
0x53b370	35	STT_FUNC	STB_LOCAL	13	SDL_AddEventWatch_DEFAULT
0x53b3a0	35	STT_FUNC	STB_LOCAL	13	SDL_GetEventFilter_DEFAULT
0x53b3d0	35	STT_FUNC	STB_LOCAL	13	SDL_SetEventFilter_DEFAULT
0x53b400	19	STT_FUNC	STB_LOCAL	13	SDL_PushEvent_DEFAULT
0x53b420	33	STT_FUNC	STB_LOCAL	13	SDL_WaitEventTimeout_DEFAULT
0x53b450	19	STT_FUNC	STB_LOCAL	13	SDL_WaitEvent_DEFAULT
0x53b470	19	STT_FUNC	STB_LOCAL	13	SDL_PollEvent_DEFAULT
0x53b490	31	STT_FUNC	STB_LOCAL	13	SDL_FlushEvents_DEFAULT
0x53b4b0	31	STT_FUNC	STB_LOCAL	13	SDL_HasEvents_DEFAULT
0x53b4d0	17	STT_FUNC	STB_LOCAL	13	SDL_HasEvent_DEFAULT
0x53b4f0	63	STT_FUNC	STB_LOCAL	13	SDL_PeepEvents_DEFAULT
0x53b530	17	STT_FUNC	STB_LOCAL	13	SDL_Error_DEFAULT
0x53b550	19	STT_FUNC	STB_LOCAL	13	SDL_GetSystemRAM_DEFAULT
0x53b570	19	STT_FUNC	STB_LOCAL	13	SDL_SetClipboardText_DEFAULT
0x53b590	17	STT_FUNC	STB_LOCAL	13	SDL_UnlockAudioDevice_DEFAULT
0x53b5b0	17	STT_FUNC	STB_LOCAL	13	SDL_LockAudioDevice_DEFAULT
0x53b5d0	64	STT_FUNC	STB_LOCAL	13	SDL_MixAudioFormat_DEFAULT
0x53b610	55	STT_FUNC	STB_LOCAL	13	SDL_MixAudio_DEFAULT
0x53b650	19	STT_FUNC	STB_LOCAL	13	SDL_ConvertAudio_DEFAULT
0x53b670	90	STT_FUNC	STB_LOCAL	13	SDL_BuildAudioCVT_DEFAULT
0x53b6d0	19	STT_FUNC	STB_LOCAL	13	SDL_FreeWAV_DEFAULT
0x53b6f0	63	STT_FUNC	STB_LOCAL	13	SDL_LoadWAV_RW_DEFAULT
0x53b730	31	STT_FUNC	STB_LOCAL	13	SDL_PauseAudioDevice_DEFAULT
0x53b750	17	STT_FUNC	STB_LOCAL	13	SDL_GetAudioDeviceStatus_DEFAULT
0x53b770	19	STT_FUNC	STB_LOCAL	13	SDL_GetAudioStatus_DEFAULT
0x53b790	63	STT_FUNC	STB_LOCAL	13	SDL_OpenAudioDevice_DEFAULT
0x53b7d0	31	STT_FUNC	STB_LOCAL	13	SDL_GetAudioDeviceName_DEFAULT
0x53b7f0	17	STT_FUNC	STB_LOCAL	13	SDL_GetNumAudioDevices_DEFAULT
0x53b810	35	STT_FUNC	STB_LOCAL	13	SDL_OpenAudio_DEFAULT
0x53b840	19	STT_FUNC	STB_LOCAL	13	SDL_GetCurrentAudioDriver_DEFAULT
0x53b860	19	STT_FUNC	STB_LOCAL	13	SDL_AudioInit_DEFAULT
0x53b880	17	STT_FUNC	STB_LOCAL	13	SDL_GetAudioDriver_DEFAULT
0x53b8a0	19	STT_FUNC	STB_LOCAL	13	SDL_GetNumAudioDrivers_DEFAULT
0x53b8c0	19	STT_FUNC	STB_LOCAL	13	SDL_AtomicGetPtr_DEFAULT
0x53b8e0	35	STT_FUNC	STB_LOCAL	13	SDL_AtomicSetPtr_DEFAULT
0x53b910	37	STT_FUNC	STB_LOCAL	13	SDL_AtomicCASPtr_DEFAULT
0x53b940	33	STT_FUNC	STB_LOCAL	13	SDL_AtomicAdd_DEFAULT
0x53b970	19	STT_FUNC	STB_LOCAL	13	SDL_AtomicGet_DEFAULT
0x53b990	33	STT_FUNC	STB_LOCAL	13	SDL_AtomicSet_DEFAULT
0x53b9c0	35	STT_FUNC	STB_LOCAL	13	SDL_AtomicCAS_DEFAULT
0x53b9f0	19	STT_FUNC	STB_LOCAL	13	SDL_AtomicUnlock_DEFAULT
0x53ba10	19	STT_FUNC	STB_LOCAL	13	SDL_AtomicLock_DEFAULT
0x53ba30	19	STT_FUNC	STB_LOCAL	13	SDL_AtomicTryLock_DEFAULT
0x53ba50	19	STT_FUNC	STB_LOCAL	13	SDL_GetAssertionReport_DEFAULT
0x53ba70	35	STT_FUNC	STB_LOCAL	13	SDL_SetAssertionHandler_DEFAULT
0x53baa0	55	STT_FUNC	STB_LOCAL	13	SDL_ReportAssertion_DEFAULT
0x53bae0	17	STT_FUNC	STB_LOCAL	13	SDL_WasInit_DEFAULT
0x53bb00	17	STT_FUNC	STB_LOCAL	13	SDL_QuitSubSystem_DEFAULT
0x53bb20	17	STT_FUNC	STB_LOCAL	13	SDL_InitSubSystem_DEFAULT
0x53bb40	17	STT_FUNC	STB_LOCAL	13	SDL_Init_DEFAULT
0x53bb60	33	STT_FUNC	STB_LOCAL	13	SDL_RWFromFP_DEFAULT
0x53bb90	37	STT_FUNC	STB_LOCAL	13	SDL_CreateThread_DEFAULT
0x53bbc0	204	STT_FUNC	STB_LOCAL	13	SDL_snprintf_DEFAULT
0x53bc90	199	STT_FUNC	STB_LOCAL	13	SDL_sscanf_DEFAULT
0x53bd60	200	STT_FUNC	STB_LOCAL	13	SDL_LogMessage_DEFAULT
0x53be30	202	STT_FUNC	STB_LOCAL	13	SDL_LogCritical_DEFAULT
0x53bf00	202	STT_FUNC	STB_LOCAL	13	SDL_LogError_DEFAULT
0x53bfd0	202	STT_FUNC	STB_LOCAL	13	SDL_LogWarn_DEFAULT
0x53c0a0	202	STT_FUNC	STB_LOCAL	13	SDL_LogInfo_DEFAULT
0x53c170	202	STT_FUNC	STB_LOCAL	13	SDL_LogDebug_DEFAULT
0x53c240	202	STT_FUNC	STB_LOCAL	13	SDL_LogVerbose_DEFAULT
0x53c310	203	STT_FUNC	STB_LOCAL	13	SDL_Log_DEFAULT
0x53c3e0	265	STT_FUNC	STB_LOCAL	13	SDL_SetError_DEFAULT
0x53c4f0	199	STT_FUNC	STB_LOCAL	13	SDL_UnlockJoysticks_DEFAULT
0x53c5c0	199	STT_FUNC	STB_LOCAL	13	SDL_Quit_DEFAULT
0x53c690	199	STT_FUNC	STB_LOCAL	13	SDL_ResetAssertionReport_DEFAULT
0x53c760	199	STT_FUNC	STB_LOCAL	13	SDL_LockAudio_DEFAULT
0x53c830	199	STT_FUNC	STB_LOCAL	13	SDL_UnlockAudio_DEFAULT
0x53c900	199	STT_FUNC	STB_LOCAL	13	SDL_AudioQuit_DEFAULT
0x53c9d0	199	STT_FUNC	STB_LOCAL	13	SDL_ClearError_DEFAULT
0x53caa0	199	STT_FUNC	STB_LOCAL	13	SDL_CloseAudio_DEFAULT
0x53cb70	199	STT_FUNC	STB_LOCAL	13	SDL_GameControllerUpdate_DEFAULT
0x53cc40	199	STT_FUNC	STB_LOCAL	13	SDL_PumpEvents_DEFAULT
0x53cd10	199	STT_FUNC	STB_LOCAL	13	SDL_EnableScreenSaver_DEFAULT
0x53cde0	199	STT_FUNC	STB_LOCAL	13	SDL_Vulkan_UnloadLibrary_DEFAULT
0x53ceb0	199	STT_FUNC	STB_LOCAL	13	SDL_VideoQuit_DEFAULT
0x53cf80	199	STT_FUNC	STB_LOCAL	13	SDL_GL_ResetAttributes_DEFAULT
0x53d050	199	STT_FUNC	STB_LOCAL	13	SDL_MemoryBarrierReleaseFunction_DEFAULT
0x53d120	199	STT_FUNC	STB_LOCAL	13	SDL_ClearHints_DEFAULT
0x53d1f0	199	STT_FUNC	STB_LOCAL	13	SDL_SetMainReady_DEFAULT
0x53d2c0	199	STT_FUNC	STB_LOCAL	13	SDL_StopTextInput_DEFAULT
0x53d390	199	STT_FUNC	STB_LOCAL	13	SDL_MemoryBarrierAcquireFunction_DEFAULT
0x53d460	199	STT_FUNC	STB_LOCAL	13	SDL_StartTextInput_DEFAULT
0x53d530	199	STT_FUNC	STB_LOCAL	13	SDL_JoystickUpdate_DEFAULT
0x53d600	199	STT_FUNC	STB_LOCAL	13	SDL_DisableScreenSaver_DEFAULT
0x53d6d0	199	STT_FUNC	STB_LOCAL	13	SDL_GL_UnloadLibrary_DEFAULT
0x53d7a0	199	STT_FUNC	STB_LOCAL	13	SDL_LockJoysticks_DEFAULT
0x53d870	199	STT_FUNC	STB_LOCAL	13	SDL_LogResetPriorities_DEFAULT
0x53d940	199	STT_FUNC	STB_LOCAL	13	SDL_GameControllerNumMappings_DEFAULT
0x53da10	199	STT_FUNC	STB_LOCAL	13	SDL_HasAVX_DEFAULT
0x53dae0	199	STT_FUNC	STB_LOCAL	13	SDL_GetRevisionNumber_DEFAULT
0x53dbb0	207	STT_FUNC	STB_LOCAL	13	SDL_DestroyWindow_DEFAULT
0x53dc80	199	STT_FUNC	STB_LOCAL	13	SDL_GetTicks_DEFAULT
0x53dd50	199	STT_FUNC	STB_LOCAL	13	SDL_HasMMX_DEFAULT
0x53de20	207	STT_FUNC	STB_LOCAL	13	SDL_GameControllerClose_DEFAULT
0x53def0	199	STT_FUNC	STB_LOCAL	13	SDL_NumHaptics_DEFAULT
0x53dfc0	199	STT_FUNC	STB_LOCAL	13	SDL_HasClipboardText_DEFAULT
0x53e090	199	STT_FUNC	STB_LOCAL	13	SDL_GetClipboardText_DEFAULT
0x53e160	199	STT_FUNC	STB_LOCAL	13	SDL_HasAltiVec_DEFAULT
0x53e230	199	STT_FUNC	STB_LOCAL	13	SDL_GetCPUCount_DEFAULT
0x53e300	199	STT_FUNC	STB_LOCAL	13	SDL_GetCPUCacheLineSize_DEFAULT
0x53e3d0	199	STT_FUNC	STB_LOCAL	13	SDL_HasRDTSC_DEFAULT
0x53e4a0	199	STT_FUNC	STB_LOCAL	13	SDL_HasSSE2_DEFAULT
0x53e570	199	STT_FUNC	STB_LOCAL	13	SDL_GetError_DEFAULT
0x53e640	199	STT_FUNC	STB_LOCAL	13	SDL_Has3DNow_DEFAULT
0x53e710	199	STT_FUNC	STB_LOCAL	13	SDL_HasSSE_DEFAULT
0x53e7e0	199	STT_FUNC	STB_LOCAL	13	SDL_HasSSE41_DEFAULT
0x53e8b0	199	STT_FUNC	STB_LOCAL	13	SDL_HasSSE3_DEFAULT
0x53e980	199	STT_FUNC	STB_LOCAL	13	SDL_HasSSE42_DEFAULT
0x53ea50	199	STT_FUNC	STB_LOCAL	13	SDL_GetBasePath_DEFAULT
0x53eb20	199	STT_FUNC	STB_LOCAL	13	SDL_CloseAudioDevice_DEFAULT
0x53ebf0	199	STT_FUNC	STB_LOCAL	13	SDL_FlushEvent_DEFAULT
0x53ecc0	199	STT_FUNC	STB_LOCAL	13	SDL_PauseAudio_DEFAULT
0x53ed90	199	STT_FUNC	STB_LOCAL	13	SDL_GetKeyboardFocus_DEFAULT
0x53ee60	207	STT_FUNC	STB_LOCAL	13	SDL_DestroyCond_DEFAULT
0x53ef30	199	STT_FUNC	STB_LOCAL	13	SDL_CreateCond_DEFAULT
0x53f000	207	STT_FUNC	STB_LOCAL	13	SDL_UnloadObject_DEFAULT
0x53f0d0	207	STT_FUNC	STB_LOCAL	13	SDL_FreeAudioStream_DEFAULT
0x53f1a0	199	STT_FUNC	STB_LOCAL	13	SDL_ThreadID_DEFAULT
0x53f270	199	STT_FUNC	STB_LOCAL	13	SDL_Vulkan_GetVkGetInstanceProcAddr_DEFAULT
0x53f340	199	STT_FUNC	STB_LOCAL	13	SDL_GL_GetCurrentContext_DEFAULT
0x53f410	199	STT_FUNC	STB_LOCAL	13	SDL_GetRevision_DEFAULT
0x53f4e0	199	STT_FUNC	STB_LOCAL	13	SDL_GetRelativeMouseMode_DEFAULT
0x53f5b0	207	STT_FUNC	STB_LOCAL	13	SDL_JoystickClose_DEFAULT
0x0	0	STT_FILE	STB_LOCAL	SHN_ABS	SDL_events.c
0x8cbbc0	64	STT_OBJECT	STB_LOCAL	24	SDL_EventQ
0x9aca80	2048	STT_OBJECT	STB_LOCAL	25	SDL_disabled_events
0x9ad2b8	8	STT_OBJECT	STB_LOCAL	25	SDL_event_watchers_lock
0x9ad290	8	STT_OBJECT	STB_LOCAL	25	SDL_event_watchers
0x9ad288	4	STT_OBJECT	STB_LOCAL	25	SDL_event_watchers_count
0x9ad2a0	24	STT_OBJECT	STB_LOCAL	25	SDL_EventOK
0x9ad284	4	STT_OBJECT	STB_LOCAL	25	SDL_event_watchers_dispatching
0x9ad280	4	STT_OBJECT	STB_LOCAL	25	SDL_event_watchers_removed
0x8cbc00	4	STT_OBJECT	STB_LOCAL	24	SDL_userevents
0x0	0	STT_FILE	STB_LOCAL	SHN_ABS	SDL_gesture.c
0x544940	1032	STT_FUNC	STB_LOCAL	13	dollarNormalize
0x544d50	782	STT_FUNC	STB_LOCAL	13	SDL_AddDollarGesture
0x9ad2c4	4	STT_OBJECT	STB_LOCAL	25	SDL_numGestureTouches
0x9ad2c8	8	STT_OBJECT	STB_LOCAL	25	SDL_gestureTouch
0x9ad2c0	4	STT_OBJECT	STB_LOCAL	25	recordAll
0x0	0	STT_FILE	STB_LOCAL	SHN_ABS	SDL_keyboard.c
0x6683a0	2048	STT_OBJECT	STB_LOCAL	15	SDL_default_keymap
0x9ad300	2576	STT_OBJECT	STB_LOCAL	25	SDL_keyboard
0x668340	68	STT_OBJECT	STB_LOCAL	15	CSWTCH.15
0x8cbc20	4096	STT_OBJECT	STB_LOCAL	24	SDL_scancode_names
0x9ad2e0	8	STT_OBJECT	STB_LOCAL	25	name.24553
0x0	0	STT_FILE	STB_LOCAL	SHN_ABS	SDL_mouse.c
0x546fb0	52	STT_FUNC	STB_LOCAL	13	SDL_TouchMouseEventsChanged
0x546ff0	54	STT_FUNC	STB_LOCAL	13	SDL_MouseRelativeSpeedScaleChanged
0x547030	54	STT_FUNC	STB_LOCAL	13	SDL_MouseNormalSpeedScaleChanged
0x547070	1354	STT_FUNC	STB_LOCAL	13	SDL_UpdateMouseFocus.isra.2
0x9add20	216	STT_OBJECT	STB_LOCAL	25	SDL_mouse
0x5475c0	1554	STT_FUNC	STB_LOCAL	13	SDL_PrivateSendMouseMotion
0x8ccc20	4	STT_OBJECT	STB_LOCAL	24	SDL_double_click_time
0x0	0	STT_FILE	STB_LOCAL	SHN_ABS	SDL_quit.c
0x549b90	31	STT_FUNC	STB_LOCAL	13	SDL_HandleSIG
0x9addf8	4	STT_OBJECT	STB_LOCAL	25	send_quit_pending
0x0	0	STT_FILE	STB_LOCAL	SHN_ABS	SDL_touch.c
0x9ade08	4	STT_OBJECT	STB_LOCAL	25	SDL_num_touch
0x9ade00	8	STT_OBJECT	STB_LOCAL	25	SDL_touchDevices
0x0	0	STT_FILE	STB_LOCAL	SHN_ABS	SDL_windowevents.c
0x54aa30	35	STT_FUNC	STB_LOCAL	13	RemovePendingResizedEvents
0x54aa60	35	STT_FUNC	STB_LOCAL	13	RemovePendingSizeChangedEvents
0x54aa90	35	STT_FUNC	STB_LOCAL	13	RemovePendingMoveEvents
0x54aac0	35	STT_FUNC	STB_LOCAL	13	RemovePendingExposedEvents
0x0	0	STT_FILE	STB_LOCAL	SHN_ABS	SDL_rwops.c
0x54ae80	69	STT_FUNC	STB_LOCAL	13	stdio_size
0x54aed0	9	STT_FUNC	STB_LOCAL	13	mem_size
0x54aee0	25	STT_FUNC	STB_LOCAL	13	mem_writeconst
0x54af00	75	STT_FUNC	STB_LOCAL	13	mem_write
0x54af50	107	STT_FUNC	STB_LOCAL	13	mem_read
0x54afc0	75	STT_FUNC	STB_LOCAL	13	stdio_close
0x54b010	27	STT_FUNC	STB_LOCAL	13	mem_close
0x54b030	129	STT_FUNC	STB_LOCAL	13	mem_seek
0x54b0c0	81	STT_FUNC	STB_LOCAL	13	stdio_write
0x54b120	81	STT_FUNC	STB_LOCAL	13	stdio_read
0x54b180	82	STT_FUNC	STB_LOCAL	13	stdio_seek
0x0	0	STT_FILE	STB_LOCAL	SHN_ABS	SDL_haptic.c
0x0	0	STT_FILE	STB_LOCAL	SHN_ABS	SDL_gamecontroller.c
0x54cfb0	339	STT_FUNC	STB_LOCAL	13	SDL_LoadVIDPIDListFromHint
0x54d110	15	STT_FUNC	STB_LOCAL	13	SDL_GameControllerIgnoreDevicesExceptChanged
0x9ade30	16	STT_OBJECT	STB_LOCAL	25	SDL_allowed_controllers
0x54d120	15	STT_FUNC	STB_LOCAL	13	SDL_GameControllerIgnoreDevicesChanged
0x9ade20	16	STT_OBJECT	STB_LOCAL	25	SDL_ignored_controllers
0x54d130	199	STT_FUNC	STB_LOCAL	13	UpdateEventsForDeviceRemoval
0x54d200	1003	STT_FUNC	STB_LOCAL	13	SDL_PrivateGameControllerParseElement.isra.6
0x8c5fc0	56	STT_OBJECT	STB_LOCAL	20	map_StringForControllerAxis
0x8c5f40	128	STT_OBJECT	STB_LOCAL	20	map_StringForControllerButton
0x54d5f0	502	STT_FUNC	STB_LOCAL	13	SDL_PrivateLoadButtonMapping
0x54d7f0	737	STT_FUNC	STB_LOCAL	13	SDL_PrivateAddMappingForGUID
0x9ade48	8	STT_OBJECT	STB_LOCAL	25	s_pSupportedControllers
0x9ade60	8	STT_OBJECT	STB_LOCAL	25	SDL_gamecontrollers
0x54dae0	334	STT_FUNC	STB_LOCAL	13	SDL_PrivateGameControllerAddMapping
0x9ade40	8	STT_OBJECT	STB_LOCAL	25	s_pXInputMapping
0x54dc30	276	STT_FUNC	STB_LOCAL	13	SDL_PrivateGetControllerMappingForNameAndGUID
0x54dd50	2142	STT_FUNC	STB_LOCAL	13	SDL_GameControllerEventWatcher
0x9ade50	16	STT_OBJECT	STB_LOCAL	25	s_zeroGUID
0x8c6000	672	STT_OBJECT	STB_LOCAL	20	s_ControllerMappings
0x0	0	STT_FILE	STB_LOCAL	SHN_ABS	SDL_joystick.c
0x54fe90	22	STT_FUNC	STB_LOCAL	13	SDL_JoystickAllowBackgroundEventsChanged
0x9ade80	4	STT_OBJECT	STB_LOCAL	25	SDL_joystick_allows_background_events
0x54feb0	199	STT_FUNC	STB_LOCAL	13	UpdateEventsForDeviceRemoval
0x9ade68	8	STT_OBJECT	STB_LOCAL	25	SDL_joystick_lock
0x9ade78	8	STT_OBJECT	STB_LOCAL	25	SDL_joysticks
0x9ade70	4	STT_OBJECT	STB_LOCAL	25	SDL_updating_joystick
0x66eae0	76	STT_OBJECT	STB_LOCAL	15	CSWTCH.83
0x66eb30	17	STT_OBJECT	STB_LOCAL	15	k_rgchHexToASCII.51151
0x0	0	STT_FILE	STB_LOCAL	SHN_ABS	SDL_power.c
0x8c69a0	32	STT_OBJECT	STB_LOCAL	20	implementations
0x0	0	STT_FILE	STB_LOCAL	SHN_ABS	SDL_render.c
0x5523d0	476	STT_FUNC	STB_LOCAL	13	RenderDrawPointsWithRects
0x5525b0	527	STT_FUNC	STB_LOCAL	13	RenderDrawLinesWithRects
0x5527c0	250	STT_FUNC	STB_LOCAL	13	SDL_RenderFillRects_REAL.constprop.9
0x9ade85	1	STT_OBJECT	STB_LOCAL	25	renderer_magic
0x5528c0	234	STT_FUNC	STB_LOCAL	13	SDL_RenderDrawLines_REAL.constprop.10
0x5529b0	266	STT_FUNC	STB_LOCAL	13	SDL_RenderDrawLines_REAL.constprop.11
0x552ac0	250	STT_FUNC	STB_LOCAL	13	SDL_RenderDrawPoints_REAL.constprop.12
0x8c69c0	24	STT_OBJECT	STB_LOCAL	20	render_drivers
0x9ade84	1	STT_OBJECT	STB_LOCAL	25	texture_magic
0x554d50	2618	STT_FUNC	STB_LOCAL	13	SDL_RendererEventWatch
0x554160	905	STT_FUNC	STB_LOCAL	13	SDL_UpdateTexture_REAL.part.6
0x0	0	STT_FILE	STB_LOCAL	SHN_ABS	SDL_yuv_sw.c
0x0	0	STT_FILE	STB_LOCAL	SHN_ABS	SDL_render_gl.c
0x559620	29	STT_FUNC	STB_LOCAL	13	GL_WindowEvent
0x9ade88	8	STT_OBJECT	STB_LOCAL	25	SDL_CurrentContext
0x559640	125	STT_FUNC	STB_LOCAL	13	GL_LockTexture
0x5596c0	306	STT_FUNC	STB_LOCAL	13	GL_HandleDebugMessage
0x559800	227	STT_FUNC	STB_LOCAL	13	GL_UpdateClipRect
0x5598f0	818	STT_FUNC	STB_LOCAL	13	GL_UpdateViewport
0x66f640	18	STT_OBJECT	STB_LOCAL	15	__func__.22941
0x559c30	23	STT_FUNC	STB_LOCAL	13	GL_GetOutputSize
0x559c50	234	STT_FUNC	STB_LOCAL	13	GL_SupportsBlendMode
0x66f580	40	STT_OBJECT	STB_LOCAL	15	CSWTCH.61
0x66f560	12	STT_OBJECT	STB_LOCAL	15	CSWTCH.63
0x559d40	304	STT_FUNC	STB_LOCAL	13	GL_SetBlendMode.part.1
0x559e70	977	STT_FUNC	STB_LOCAL	13	GL_SetupCopy.isra.3
0x55a250	447	STT_FUNC	STB_LOCAL	13	GL_SetDrawingState
0x55a410	646	STT_FUNC	STB_LOCAL	13	GL_RenderFillRects
0x66f680	19	STT_OBJECT	STB_LOCAL	15	__func__.23012
0x55a6a0	1078	STT_FUNC	STB_LOCAL	13	GL_RenderDrawLines
0x66f660	19	STT_OBJECT	STB_LOCAL	15	__func__.23000
0x55aae0	102	STT_FUNC	STB_LOCAL	13	GL_RenderDrawPoints
0x55ab50	351	STT_FUNC	STB_LOCAL	13	GL_DestroyTexture
0x55acb0	310	STT_FUNC	STB_LOCAL	13	GL_UnbindTexture
0x55adf0	407	STT_FUNC	STB_LOCAL	13	GL_RenderClear
0x55af90	358	STT_FUNC	STB_LOCAL	13	GL_SetRenderTarget
0x55b100	2045	STT_FUNC	STB_LOCAL	13	GL_RenderReadPixels
0x66f6c0	20	STT_OBJECT	STB_LOCAL	15	__func__.23085
0x55b900	1018	STT_FUNC	STB_LOCAL	13	GL_RenderPresent
0x55bd00	1003	STT_FUNC	STB_LOCAL	13	GL_ActivateRenderer
0x55c0f0	152	STT_FUNC	STB_LOCAL	13	GL_BindTexture
0x55c190	1198	STT_FUNC	STB_LOCAL	13	GL_RenderCopyEx
0x66f6b0	16	STT_OBJECT	STB_LOCAL	15	__func__.23062
0x55c640	1006	STT_FUNC	STB_LOCAL	13	GL_RenderCopy
0x66f698	14	STT_OBJECT	STB_LOCAL	15	__func__.23040
0x55ca30	926	STT_FUNC	STB_LOCAL	13	GL_UpdateTextureYUV
0x66f620	20	STT_OBJECT	STB_LOCAL	15	__func__.22912
0x55cdd0	1294	STT_FUNC	STB_LOCAL	13	GL_UpdateTexture
0x66f600	17	STT_OBJECT	STB_LOCAL	15	__func__.22898
0x55d2e0	142	STT_FUNC	STB_LOCAL	13	GL_UnlockTexture
0x55d370	3927	STT_FUNC	STB_LOCAL	13	GL_CreateTexture
0x66f5e0	17	STT_OBJECT	STB_LOCAL	15	__func__.22887
0x55e2d0	832	STT_FUNC	STB_LOCAL	13	GL_DestroyRenderer
0x66f5c0	19	STT_OBJECT	STB_LOCAL	15	__func__.23104
0x55e610	4979	STT_FUNC	STB_LOCAL	13	GL_CreateRenderer
0x66f5a8	14	STT_OBJECT	STB_LOCAL	15	__func__.22772
0x0	0	STT_FILE	STB_LOCAL	SHN_ABS	SDL_shaders_gl.c
0x55f990	236	STT_FUNC	STB_LOCAL	13	CompileShader
0x8c62a0	192	STT_OBJECT	STB_LOCAL	20	shader_source
0x0	0	STT_FILE	STB_LOCAL	SHN_ABS	SDL_render_gles2.c
0x55fec0	50	STT_FUNC	STB_LOCAL	13	GLES2_WindowEvent
0x9ade90	8	STT_OBJECT	STB_LOCAL	25	SDL_CurrentContext
0x55ff00	117	STT_FUNC	STB_LOCAL	13	GLES2_LockTexture
0x55ff80	134	STT_FUNC	STB_LOCAL	13	GLES2_SetRenderTarget
0x560010	374	STT_FUNC	STB_LOCAL	13	GLES2_SetOrthographicProjection
0x560190	220	STT_FUNC	STB_LOCAL	13	GLES2_SupportsBlendMode
0x671dc0	40	STT_OBJECT	STB_LOCAL	15	CSWTCH.60
0x671da0	12	STT_OBJECT	STB_LOCAL	15	CSWTCH.62
0x560270	246	STT_FUNC	STB_LOCAL	13	GLES2_UpdateClipRect
0x560370	403	STT_FUNC	STB_LOCAL	13	GLES2_UpdateViewport
0x671e90	21	STT_OBJECT	STB_LOCAL	15	__func__.40398
0x560510	23	STT_FUNC	STB_LOCAL	13	GLES2_GetOutputSize
0x560530	603	STT_FUNC	STB_LOCAL	13	GLES2_CacheShader.isra.6
0x560790	336	STT_FUNC	STB_LOCAL	13	GLES2_SetBlendMode.part.7
0x5608e0	125	STT_FUNC	STB_LOCAL	13	GLES2_UnbindTexture
0x560960	165	STT_FUNC	STB_LOCAL	13	GLES2_BindTexture
0x560a10	232	STT_FUNC	STB_LOCAL	13	GLES2_DestroyTexture
0x560b00	392	STT_FUNC	STB_LOCAL	13	GLES2_RenderClear
0x560c90	498	STT_FUNC	STB_LOCAL	13	GLES2_RenderPresent
0x560e90	2828	STT_FUNC	STB_LOCAL	13	GLES2_SetupCopy
0x5619a0	701	STT_FUNC	STB_LOCAL	13	GLES2_RenderCopy
0x671ef0	17	STT_OBJECT	STB_LOCAL	15	__func__.40839
0x561c60	1629	STT_FUNC	STB_LOCAL	13	GLES2_UpdateTextureYUV
0x671e70	23	STT_OBJECT	STB_LOCAL	15	__func__.40528
0x5622c0	938	STT_FUNC	STB_LOCAL	13	GLES2_RenderReadPixels
0x671f30	23	STT_OBJECT	STB_LOCAL	15	__func__.40875
0x562670	496	STT_FUNC	STB_LOCAL	13	GLES2_ActivateRenderer
0x562860	930	STT_FUNC	STB_LOCAL	13	GLES2_RenderCopyEx
0x671f10	19	STT_OBJECT	STB_LOCAL	15	__func__.40855
0x562c10	2198	STT_FUNC	STB_LOCAL	13	GLES2_UpdateTexture
0x671e50	20	STT_OBJECT	STB_LOCAL	15	__func__.40514
0x5634b0	3263	STT_FUNC	STB_LOCAL	13	GLES2_CreateTexture
0x671e30	20	STT_OBJECT	STB_LOCAL	15	__func__.40484
0x564170	442	STT_FUNC	STB_LOCAL	13	GLES2_DestroyRenderer
0x671e10	22	STT_OBJECT	STB_LOCAL	15	__func__.40421
0x564330	5099	STT_FUNC	STB_LOCAL	13	GLES2_CreateRenderer
0x566460	1880	STT_FUNC	STB_LOCAL	13	GLES2_UnlockTexture
0x566320	307	STT_FUNC	STB_LOCAL	13	GLES2_RenderDrawPoints
0x5660a0	636	STT_FUNC	STB_LOCAL	13	GLES2_RenderDrawLines
0x565ed0	463	STT_FUNC	STB_LOCAL	13	GLES2_RenderFillRects
0x671df0	17	STT_OBJECT	STB_LOCAL	15	__func__.40908
0x565720	1956	STT_FUNC	STB_LOCAL	13	GLES2_SetDrawingState
0x671ed0	22	STT_OBJECT	STB_LOCAL	15	__func__.40779
0x671eb0	22	STT_OBJECT	STB_LOCAL	15	__func__.40762
0x0	0	STT_FILE	STB_LOCAL	SHN_ABS	SDL_shaders_gles2.c
0x8cd0c0	40	STT_OBJECT	STB_LOCAL	24	GLES2_VertexShader_Default
0x8cd080	40	STT_OBJECT	STB_LOCAL	24	GLES2_FragmentShader_SolidSrc
0x8cd040	40	STT_OBJECT	STB_LOCAL	24	GLES2_FragmentShader_TextureABGRSrc
0x8cd000	40	STT_OBJECT	STB_LOCAL	24	GLES2_FragmentShader_TextureARGBSrc
0x8ccf80	40	STT_OBJECT	STB_LOCAL	24	GLES2_FragmentShader_TextureBGRSrc
0x8ccfc0	40	STT_OBJECT	STB_LOCAL	24	GLES2_FragmentShader_TextureRGBSrc
0x8ccf40	40	STT_OBJECT	STB_LOCAL	24	GLES2_FragmentShader_TextureYUVJPEGSrc
0x8ccf00	40	STT_OBJECT	STB_LOCAL	24	GLES2_FragmentShader_TextureYUVBT601Src
0x8ccec0	40	STT_OBJECT	STB_LOCAL	24	GLES2_FragmentShader_TextureYUVBT709Src
0x8cce80	40	STT_OBJECT	STB_LOCAL	24	GLES2_FragmentShader_TextureNV12JPEGSrc
0x8cce40	40	STT_OBJECT	STB_LOCAL	24	GLES2_FragmentShader_TextureNV12BT601Src
0x8cce00	40	STT_OBJECT	STB_LOCAL	24	GLES2_FragmentShader_TextureNV12BT709Src
0x8ccdc0	40	STT_OBJECT	STB_LOCAL	24	GLES2_FragmentShader_TextureNV21JPEGSrc
0x8ccd80	40	STT_OBJECT	STB_LOCAL	24	GLES2_FragmentShader_TextureNV21BT601Src
0x8ccd40	40	STT_OBJECT	STB_LOCAL	24	GLES2_FragmentShader_TextureNV21BT709Src
0x8ccd00	40	STT_OBJECT	STB_LOCAL	24	GLES2_FragmentShader_TextureExternalOESSrc
0x8c6360	24	STT_OBJECT	STB_LOCAL	20	GLES2_FragmentSrc_TextureExternalOESSrc
0x8c63e0	24	STT_OBJECT	STB_LOCAL	20	GLES2_FragmentSrc_TextureNV21BT709Src
0x8c63a0	24	STT_OBJECT	STB_LOCAL	20	GLES2_FragmentSrc_TextureNV21BT601Src
0x8c63c0	24	STT_OBJECT	STB_LOCAL	20	GLES2_FragmentSrc_TextureNV21JPEGSrc
0x8c6380	24	STT_OBJECT	STB_LOCAL	20	GLES2_FragmentSrc_TextureNV12BT709Src
0x8c6400	24	STT_OBJECT	STB_LOCAL	20	GLES2_FragmentSrc_TextureNV12BT601Src
0x8c6420	24	STT_OBJECT	STB_LOCAL	20	GLES2_FragmentSrc_TextureNV12JPEGSrc
0x8c6440	24	STT_OBJECT	STB_LOCAL	20	GLES2_FragmentSrc_TextureYUVBT709Src
0x8c6460	24	STT_OBJECT	STB_LOCAL	20	GLES2_FragmentSrc_TextureYUVBT601Src
0x8c6480	24	STT_OBJECT	STB_LOCAL	20	GLES2_FragmentSrc_TextureYUVJPEGSrc
0x8c64a0	24	STT_OBJECT	STB_LOCAL	20	GLES2_FragmentSrc_TextureBGRSrc
0x8c64c0	24	STT_OBJECT	STB_LOCAL	20	GLES2_FragmentSrc_TextureRGBSrc
0x8c64e0	24	STT_OBJECT	STB_LOCAL	20	GLES2_FragmentSrc_TextureARGBSrc
0x8c6500	24	STT_OBJECT	STB_LOCAL	20	GLES2_FragmentSrc_TextureABGRSrc
0x8c6520	24	STT_OBJECT	STB_LOCAL	20	GLES2_FragmentSrc_SolidSrc
0x8c6540	24	STT_OBJECT	STB_LOCAL	20	GLES2_VertexSrc_Default
0x671fa0	311	STT_OBJECT	STB_LOCAL	15	GLES2_FragmentSrc_TextureExternalOESSrc_
0x672a40	787	STT_OBJECT	STB_LOCAL	15	GLES2_FragmentSrc_TextureNV12BT709Src_
0x672400	787	STT_OBJECT	STB_LOCAL	15	GLES2_FragmentSrc_TextureNV21BT601Src_
0x672720	769	STT_OBJECT	STB_LOCAL	15	GLES2_FragmentSrc_TextureNV21JPEGSrc_
0x6720e0	787	STT_OBJECT	STB_LOCAL	15	GLES2_FragmentSrc_TextureNV21BT709Src_
0x672d60	787	STT_OBJECT	STB_LOCAL	15	GLES2_FragmentSrc_TextureNV12BT601Src_
0x673080	769	STT_OBJECT	STB_LOCAL	15	GLES2_FragmentSrc_TextureNV12JPEGSrc_
0x6733a0	835	STT_OBJECT	STB_LOCAL	15	GLES2_FragmentSrc_TextureYUVBT709Src_
0x673700	835	STT_OBJECT	STB_LOCAL	15	GLES2_FragmentSrc_TextureYUVBT601Src_
0x673a60	817	STT_OBJECT	STB_LOCAL	15	GLES2_FragmentSrc_TextureYUVJPEGSrc_
0x673da0	307	STT_OBJECT	STB_LOCAL	15	GLES2_FragmentSrc_TextureBGRSrc_
0x673ee0	373	STT_OBJECT	STB_LOCAL	15	GLES2_FragmentSrc_TextureRGBSrc_
0x674060	343	STT_OBJECT	STB_LOCAL	15	GLES2_FragmentSrc_TextureARGBSrc_
0x6741c0	251	STT_OBJECT	STB_LOCAL	15	GLES2_FragmentSrc_TextureABGRSrc_
0x6742c0	121	STT_OBJECT	STB_LOCAL	15	GLES2_FragmentSrc_SolidSrc_
0x674340	563	STT_OBJECT	STB_LOCAL	15	GLES2_VertexSrc_Default_
0x0	0	STT_FILE	STB_LOCAL	SHN_ABS	SDL_render_sw.c
0x566cf0	39	STT_FUNC	STB_LOCAL	13	SW_WindowEvent
0x566d20	47	STT_FUNC	STB_LOCAL	13	SW_LockTexture
0x566d50	2	STT_FUNC	STB_LOCAL	13	SW_UnlockTexture
0x566d60	42	STT_FUNC	STB_LOCAL	13	SW_SetRenderTarget
0x566d90	9	STT_FUNC	STB_LOCAL	13	SW_DestroyTexture
0x566da0	26	STT_FUNC	STB_LOCAL	13	SW_RenderPresent
0x566dc0	51	STT_FUNC	STB_LOCAL	13	SW_SetTextureBlendMode
0x566e00	67	STT_FUNC	STB_LOCAL	13	SW_SetTextureAlphaMod
0x566e50	76	STT_FUNC	STB_LOCAL	13	SW_SetTextureColorMod
0x566ea0	51	STT_FUNC	STB_LOCAL	13	SW_UpdateViewport
0x566ee0	162	STT_FUNC	STB_LOCAL	13	SW_UpdateClipRect
0x566f90	191	STT_FUNC	STB_LOCAL	13	SW_UpdateTexture
0x567050	243	STT_FUNC	STB_LOCAL	13	SW_CreateTexture
0x567150	25	STT_FUNC	STB_LOCAL	13	SW_DestroyRenderer
0x567170	272	STT_FUNC	STB_LOCAL	13	SW_ActivateRenderer
0x567280	2447	STT_FUNC	STB_LOCAL	13	SW_RenderCopyEx
0x567c10	1270	STT_FUNC	STB_LOCAL	13	SW_RenderFillRects
0x568110	325	STT_FUNC	STB_LOCAL	13	SW_GetOutputSize
0x568260	382	STT_FUNC	STB_LOCAL	13	SW_RenderClear
0x5683e0	519	STT_FUNC	STB_LOCAL	13	SW_CreateRenderer
0x568d10	764	STT_FUNC	STB_LOCAL	13	SW_RenderDrawPoints
0x568a10	764	STT_FUNC	STB_LOCAL	13	SW_RenderDrawLines
0x5687f0	541	STT_FUNC	STB_LOCAL	13	SW_RenderCopy
0x5685f0	503	STT_FUNC	STB_LOCAL	13	SW_RenderReadPixels
0x0	0	STT_FILE	STB_LOCAL	SHN_ABS	SDL_rotate.c
0x0	0	STT_FILE	STB_LOCAL	SHN_ABS	SDL_getenv.c
0x0	0	STT_FILE	STB_LOCAL	SHN_ABS	SDL_iconv.c
0x0	0	STT_FILE	STB_LOCAL	SHN_ABS	SDL_malloc.c
0x8cd160	40	STT_OBJECT	STB_LOCAL	24	s_mem
0x0	0	STT_FILE	STB_LOCAL	SHN_ABS	SDL_qsort.c
0x0	0	STT_FILE	STB_LOCAL	SHN_ABS	SDL_stdlib.c
0x0	0	STT_FILE	STB_LOCAL	SHN_ABS	SDL_string.c
0x6746a0	36	STT_OBJECT	STB_LOCAL	15	ntoa_table
0x0	0	STT_FILE	STB_LOCAL	SHN_ABS	SDL_thread.c
0x9ae1b8	4	STT_OBJECT	STB_LOCAL	25	SDL_tls_id.9162
0x9ae1c8	8	STT_OBJECT	STB_LOCAL	25	SDL_generic_TLS_mutex
0x9ae1c0	8	STT_OBJECT	STB_LOCAL	25	SDL_generic_TLS
0x9ae1b4	4	STT_OBJECT	STB_LOCAL	25	tls_lock.9200
0x9ae1b0	4	STT_OBJECT	STB_LOCAL	25	tls_errbuf.9219
0x9ae1ac	4	STT_OBJECT	STB_LOCAL	25	tls_being_created.9218
0x9adea0	776	STT_OBJECT	STB_LOCAL	25	SDL_global_errbuf.9220
0x9ae1a8	4	STT_OBJECT	STB_LOCAL	25	tls_lock.9217
0x0	0	STT_FILE	STB_LOCAL	SHN_ABS	SDL_timer.c
0x56ce90	585	STT_FUNC	STB_LOCAL	13	SDL_TimerThread
0x9ae1e0	208	STT_OBJECT	STB_LOCAL	25	SDL_timer_data
0x0	0	STT_FILE	STB_LOCAL	SHN_ABS	SDL_bmp.c
0x0	0	STT_FILE	STB_LOCAL	SHN_ABS	SDL_clipboard.c
0x0	0	STT_FILE	STB_LOCAL	SHN_ABS	SDL_fillrect.c
0x0	0	STT_FILE	STB_LOCAL	SHN_ABS	SDL_pixels.c
0x570390	330	STT_FUNC	STB_LOCAL	13	Map1to1
0x5704e0	957	STT_FUNC	STB_LOCAL	13	MapNto1.isra.2
0x9ae2b0	4	STT_OBJECT	STB_LOCAL	25	formats_lock
0x9ae2b8	8	STT_OBJECT	STB_LOCAL	25	formats
0x8cd2a0	256	STT_OBJECT	STB_LOCAL	24	lookup_0
0x8cd220	128	STT_OBJECT	STB_LOCAL	24	lookup_1
0x8cd1e0	64	STT_OBJECT	STB_LOCAL	24	lookup_2
0x8cd1c0	32	STT_OBJECT	STB_LOCAL	24	lookup_3
0x8cd1b0	16	STT_OBJECT	STB_LOCAL	24	lookup_4
0x8cd1a8	8	STT_OBJECT	STB_LOCAL	24	lookup_5
0x8cd1a3	4	STT_OBJECT	STB_LOCAL	24	lookup_6
0x8cd1a1	2	STT_OBJECT	STB_LOCAL	24	lookup_7
0x8cd1a0	1	STT_OBJECT	STB_LOCAL	24	lookup_8
0x0	0	STT_FILE	STB_LOCAL	SHN_ABS	SDL_rect.c
0x0	0	STT_FILE	STB_LOCAL	SHN_ABS	SDL_shape.c
0x573aa0	1041	STT_FUNC	STB_LOCAL	13	RecursivelyCalculateShapeTree
0x0	0	STT_FILE	STB_LOCAL	SHN_ABS	SDL_stretch.c
0x0	0	STT_FILE	STB_LOCAL	SHN_ABS	SDL_surface.c
0x0	0	STT_FILE	STB_LOCAL	SHN_ABS	SDL_video.c
0x577ad0	140	STT_FUNC	STB_LOCAL	13	cmpmodes
0x577b60	635	STT_FUNC	STB_LOCAL	13	SDL_GetClosestDisplayModeForDisplay
0x9ae2c0	8	STT_OBJECT	STB_LOCAL	25	_this
0x577de0	262	STT_FUNC	STB_LOCAL	13	SDL_DestroyWindowTexture
0x577ef0	372	STT_FUNC	STB_LOCAL	13	SDL_UpdateWindowTexture
0x578070	808	STT_FUNC	STB_LOCAL	13	SDL_SetDisplayModeForDisplay
0x5783a0	603	STT_FUNC	STB_LOCAL	13	SDL_GL_ExtensionSupported_REAL.part.13
0x8c69e0	24	STT_OBJECT	STB_LOCAL	20	bootstrap
0x5796c0	1428	STT_FUNC	STB_LOCAL	13	SDL_UpdateFullscreenMode.part.10
0x57a920	1120	STT_FUNC	STB_LOCAL	13	SDL_CreateWindowTexture
0x57cef0	892	STT_FUNC	STB_LOCAL	13	SDL_FinishWindowCreation
0x57f4e0	823	STT_FUNC	STB_LOCAL	13	SDL_DestroyWindow_REAL.part.18
0x57f870	592	STT_FUNC	STB_LOCAL	13	SDL_VideoQuit_REAL.part.19
0x0	0	STT_FILE	STB_LOCAL	SHN_ABS	SDL_yuv.c
0x5819e0	416	STT_FUNC	STB_LOCAL	13	SDL_ConvertPixels_SwapUVPlanes
0x581b80	1207	STT_FUNC	STB_LOCAL	13	SDL_ConvertPixels_PackUVPlanes_to_NV
0x582040	1339	STT_FUNC	STB_LOCAL	13	SDL_ConvertPixels_SplitNV_to_UVPlanes
0x582580	362	STT_FUNC	STB_LOCAL	13	SDL_ConvertPixels_SwapNV
0x5826f0	576	STT_FUNC	STB_LOCAL	13	GetYUVPlanes.isra.0
0x582930	23282	STT_FUNC	STB_LOCAL	13	SDL_ConvertPixels_ARGB8888_to_YUV
0x8cd3e8	4	STT_OBJECT	STB_LOCAL	24	SDL_YUV_ConversionMode
0x675c00	120	STT_OBJECT	STB_LOCAL	15	RGB2YUVFactorTables.35670
0x0	0	STT_FILE	STB_LOCAL	SHN_ABS	yuv_rgb.c
0x675f00	36	STT_OBJECT	STB_LOCAL	15	YUV2RGB
0x675cc0	512	STT_OBJECT	STB_LOCAL	15	lut.34521
0x675ec0	60	STT_OBJECT	STB_LOCAL	15	RGB2YUV
0x0	0	STT_FILE	STB_LOCAL	SHN_ABS	SDL_nullvideo.c
0x5a46a0	3	STT_FUNC	STB_LOCAL	13	DUMMY_SetDisplayMode
0x5a46b0	2	STT_FUNC	STB_LOCAL	13	DUMMY_VideoQuit
0x5a46c0	153	STT_FUNC	STB_LOCAL	13	DUMMY_CreateDevice
0x5a4770	140	STT_FUNC	STB_LOCAL	13	DUMMY_VideoInit
0x5a4760	5	STT_FUNC	STB_LOCAL	13	DUMMY_DeleteDevice
0x5a4800	52	STT_FUNC	STB_LOCAL	13	DUMMY_Available
0x0	0	STT_FILE	STB_LOCAL	SHN_ABS	SDL_sysloadso.c
0x0	0	STT_FILE	STB_LOCAL	SHN_ABS	SDL_x11messagebox.c
0x5a4970	31	STT_FUNC	STB_LOCAL	13	X11_MessageBoxEventTest
0x5a4990	6237	STT_FUNC	STB_LOCAL	13	X11_ShowMessageBoxImpl
0x6761a0	46	STT_OBJECT	STB_LOCAL	15	g_MessageBoxFontLatin1
0x676148	15	STT_OBJECT	STB_LOCAL	15	g_default_colors
0x676160	40	STT_OBJECT	STB_LOCAL	15	g_MessageBoxFont
0x0	0	STT_FILE	STB_LOCAL	SHN_ABS	SDL_x11video.c
0x5a6370	19	STT_FUNC	STB_LOCAL	13	X11_CheckWindowManagerErrorHandler
0x9ae2c8	8	STT_OBJECT	STB_LOCAL	25	handler
0x5a6390	1095	STT_FUNC	STB_LOCAL	13	X11_CreateDevice
0x9ae2d8	4	STT_OBJECT	STB_LOCAL	25	safety_net_triggered
0x5a69f0	249	STT_FUNC	STB_LOCAL	13	X11_SafetyNetErrHandler
0x9ae2d0	8	STT_OBJECT	STB_LOCAL	25	orig_x11_errhandler
0x5a6af0	1436	STT_FUNC	STB_LOCAL	13	X11_VideoInit
0x5a6880	102	STT_FUNC	STB_LOCAL	13	X11_VideoQuit
0x5a67e0	87	STT_FUNC	STB_LOCAL	13	X11_DeleteDevice
0x5a6840	50	STT_FUNC	STB_LOCAL	13	X11_Available
0x5a68f0	246	STT_FUNC	STB_LOCAL	13	get_classname
0x0	0	STT_FILE	STB_LOCAL	SHN_ABS	SDL_x11vulkan.c
0x8c6570	16	STT_OBJECT	STB_LOCAL	20	extensionsForXCB.45139
0x8c6560	16	STT_OBJECT	STB_LOCAL	20	extensionsForXlib.45140
0x0	0	STT_FILE	STB_LOCAL	SHN_ABS	SDL_x11window.c
0x5a7630	30	STT_FUNC	STB_LOCAL	13	isMapNotify
0x5a7650	30	STT_FUNC	STB_LOCAL	13	isUnmapNotify
0x5a7670	322	STT_FUNC	STB_LOCAL	13	SetWindowActive
0x5a77c0	926	STT_FUNC	STB_LOCAL	13	X11_BeginWindowFullscreenLegacy
0x5a7cb0	408	STT_FUNC	STB_LOCAL	13	SetWindowMaximized
0x5a7e50	752	STT_FUNC	STB_LOCAL	13	X11_SetWindowFullscreenViaWM.isra.4
0x0	0	STT_FILE	STB_LOCAL	SHN_ABS	SDL_x11xinput2.c
0x9ae2f8	4	STT_OBJECT	STB_LOCAL	25	xinput2_opcode
0x9ae300	4	STT_OBJECT	STB_LOCAL	25	xinput2_initialized
0x9ae2fc	4	STT_OBJECT	STB_LOCAL	25	xinput2_multitouch_supported
0x9ae2f0	8	STT_OBJECT	STB_LOCAL	25	prev_time.45353
0x9ae2e0	16	STT_OBJECT	STB_LOCAL	25	prev_rel_coords.45354
0x0	0	STT_FILE	STB_LOCAL	SHN_ABS	SDL_dbus.c
0x9ae320	288	STT_OBJECT	STB_LOCAL	25	dbus
0x9ae448	8	STT_OBJECT	STB_LOCAL	25	dbus_handle
0x9ae440	4	STT_OBJECT	STB_LOCAL	25	screensaver_cookie
0x0	0	STT_FILE	STB_LOCAL	SHN_ABS	SDL_systhread.c
0x5ac4b0	16	STT_FUNC	STB_LOCAL	13	RunThread
0x9ae458	4	STT_OBJECT	STB_LOCAL	25	checked_setname
0x9ae450	8	STT_OBJECT	STB_LOCAL	25	ppthread_setname_np
0x676ea0	44	STT_OBJECT	STB_LOCAL	15	sig_list
0x0	0	STT_FILE	STB_LOCAL	SHN_ABS	SDL_syssem.c
0x0	0	STT_FILE	STB_LOCAL	SHN_ABS	SDL_sysmutex.c
0x0	0	STT_FILE	STB_LOCAL	SHN_ABS	SDL_syscond.c
0x0	0	STT_FILE	STB_LOCAL	SHN_ABS	SDL_systls.c
0x8cd440	4	STT_OBJECT	STB_LOCAL	24	thread_local_storage
0x9ae460	4	STT_OBJECT	STB_LOCAL	25	generic_local_storage
0x9ae45c	4	STT_OBJECT	STB_LOCAL	25	lock.9098
0x0	0	STT_FILE	STB_LOCAL	SHN_ABS	SDL_sysjoystick.c
0x5acfb0	162	STT_FUNC	STB_LOCAL	13	SteamControllerDisconnectedCallback
0x9ae478	8	STT_OBJECT	STB_LOCAL	25	SDL_joylist
0x9ae470	8	STT_OBJECT	STB_LOCAL	25	SDL_joylist_tail
0x9ae46c	4	STT_OBJECT	STB_LOCAL	25	numjoysticks
0x5ad060	233	STT_FUNC	STB_LOCAL	13	SteamControllerConnectedCallback
0x9ae468	4	STT_OBJECT	STB_LOCAL	25	instance_counter
0x5ad150	725	STT_FUNC	STB_LOCAL	13	MaybeAddDevice
0x677160	188	STT_OBJECT	STB_LOCAL	15	joystick_blacklist.12787
0x5ad430	233	STT_FUNC	STB_LOCAL	13	joystick_udev_callback
0x5ad520	1205	STT_FUNC	STB_LOCAL	13	HandleInputEvents
0x0	0	STT_FILE	STB_LOCAL	SHN_ABS	SDL_steamcontroller.c
0x0	0	STT_FILE	STB_LOCAL	SHN_ABS	SDL_syshaptic.c
0x5ae310	92	STT_FUNC	STB_LOCAL	13	EV_IsMouse
0x5ae370	308	STT_FUNC	STB_LOCAL	13	EV_IsHaptic
0x5ae4b0	446	STT_FUNC	STB_LOCAL	13	haptic_udev_callback
0x9ae510	8	STT_OBJECT	STB_LOCAL	25	SDL_hapticlist
0x9ae508	8	STT_OBJECT	STB_LOCAL	25	SDL_hapticlist_tail
0x9ae500	4	STT_OBJECT	STB_LOCAL	25	numhaptics
0x5ae670	316	STT_FUNC	STB_LOCAL	13	SDL_SYS_ToDirection
0x9ae480	128	STT_OBJECT	STB_LOCAL	25	namebuf.12667
0x0	0	STT_FILE	STB_LOCAL	SHN_ABS	SDL_syspower.c
0x5b0000	104	STT_FUNC	STB_LOCAL	13	next_string
0x5b0070	97	STT_FUNC	STB_LOCAL	13	int_string
0x5b00e0	179	STT_FUNC	STB_LOCAL	13	open_power_file
0x5b01a0	364	STT_FUNC	STB_LOCAL	13	check_proc_acpi_ac_adapter
0x5b0310	1141	STT_FUNC	STB_LOCAL	13	check_proc_acpi_battery
0x0	0	STT_FILE	STB_LOCAL	SHN_ABS	SDL_sysfilesystem.c
0x0	0	STT_FILE	STB_LOCAL	SHN_ABS	SDL_systimer.c
0x9ae520	4	STT_OBJECT	STB_LOCAL	25	ticks_started
0x9ae550	16	STT_OBJECT	STB_LOCAL	25	start_ts
0x9ae540	4	STT_OBJECT	STB_LOCAL	25	has_monotonic_time
0x9ae530	16	STT_OBJECT	STB_LOCAL	25	start_tv
0x0	0	STT_FILE	STB_LOCAL	SHN_ABS	SDL_udev.c
0x5b1c80	991	STT_FUNC	STB_LOCAL	13	SDL_UDEV_load_syms
0x9ae560	8	STT_OBJECT	STB_LOCAL	25	_this
0x5b2060	229	STT_FUNC	STB_LOCAL	13	get_caps.isra.0
0x5b2150	1237	STT_FUNC	STB_LOCAL	13	device_event
0x8c6580	16	STT_OBJECT	STB_LOCAL	20	SDL_UDEV_LIBS
0x0	0	STT_FILE	STB_LOCAL	SHN_ABS	SDL_poll.c
0x0	0	STT_FILE	STB_LOCAL	SHN_ABS	SDL.c
0x8cd444	4	STT_OBJECT	STB_LOCAL	24	SDL_MainIsReady
0x9ae580	32	STT_OBJECT	STB_LOCAL	25	SDL_SubsystemRefCount
0x9ae5a0	4	STT_OBJECT	STB_LOCAL	25	SDL_bInMainQuit
0x0	0	STT_FILE	STB_LOCAL	SHN_ABS	SDL_assert.c
0x5b3590	195	STT_FUNC	STB_LOCAL	13	debug_print
0x5b3660	924	STT_FUNC	STB_LOCAL	13	SDL_PromptAssertion
0x9ae5ac	4	STT_OBJECT	STB_LOCAL	25	spinlock.51499
0x9ae5b8	8	STT_OBJECT	STB_LOCAL	25	assertion_mutex
0x9ae5c0	8	STT_OBJECT	STB_LOCAL	25	triggered_assertions
0x9ae5a8	4	STT_OBJECT	STB_LOCAL	25	assertion_running.51498
0x9ae5b0	8	STT_OBJECT	STB_LOCAL	25	assertion_userdata
0x8cd448	8	STT_OBJECT	STB_LOCAL	24	assertion_handler
0x0	0	STT_FILE	STB_LOCAL	SHN_ABS	SDL_error.c
0x9ae5e0	1024	STT_OBJECT	STB_LOCAL	25	errmsg.8422
0x0	0	STT_FILE	STB_LOCAL	SHN_ABS	SDL_hints.c
0x9ae9e0	8	STT_OBJECT	STB_LOCAL	25	SDL_hints
0x0	0	STT_FILE	STB_LOCAL	SHN_ABS	SDL_log.c
0x5b4d20	42	STT_FUNC	STB_LOCAL	13	SDL_LogOutput
0x8c65a0	56	STT_OBJECT	STB_LOCAL	20	SDL_priority_prefixes
0x9ae9f0	8	STT_OBJECT	STB_LOCAL	25	SDL_loglevels
0x8cd45c	4	STT_OBJECT	STB_LOCAL	24	SDL_default_priority
0x8cd458	4	STT_OBJECT	STB_LOCAL	24	SDL_assert_priority
0x8cd454	4	STT_OBJECT	STB_LOCAL	24	SDL_application_priority
0x8cd450	4	STT_OBJECT	STB_LOCAL	24	SDL_test_priority
0x8cd460	8	STT_OBJECT	STB_LOCAL	24	SDL_log_function
0x9ae9e8	8	STT_OBJECT	STB_LOCAL	25	SDL_log_userdata
0x0	0	STT_FILE	STB_LOCAL	SHN_ABS	SDL_atomic.c
0x0	0	STT_FILE	STB_LOCAL	SHN_ABS	SDL_spinlock.c
0x0	0	STT_FILE	STB_LOCAL	SHN_ABS	SDL_audio.c
0x5b56e0	2	STT_FUNC	STB_LOCAL	13	SDL_AudioThreadInit_Default
0x5b56f0	3	STT_FUNC	STB_LOCAL	13	SDL_AudioGetPendingBytes_Default
0x5b5700	3	STT_FUNC	STB_LOCAL	13	SDL_AudioGetDeviceBuf_Default
0x5b5710	6	STT_FUNC	STB_LOCAL	13	SDL_AudioCaptureFromDevice_Default
0x5b5720	2	STT_FUNC	STB_LOCAL	13	SDL_AudioDeinitialize_Default
0x5b5730	15	STT_FUNC	STB_LOCAL	13	SDL_BufferQueueFillCallback
0x5b5740	69	STT_FUNC	STB_LOCAL	13	SDL_BufferQueueDrainCallback
0x5b5790	10	STT_FUNC	STB_LOCAL	13	SDL_AudioOpenDevice_Default
0x5b57a0	562	STT_FUNC	STB_LOCAL	13	SDL_RunAudio
0x9aeac0	216	STT_OBJECT	STB_LOCAL	25	current_audio
0x5b59e0	181	STT_FUNC	STB_LOCAL	13	close_audio_device
0x9aea40	128	STT_OBJECT	STB_LOCAL	25	open_devices
0x5b5aa0	42	STT_FUNC	STB_LOCAL	13	SDL_AudioUnlockDevice_Default
0x5b5ad0	2	STT_FUNC	STB_LOCAL	13	SDL_AudioFreeDeviceHandle_Default
0x5b5ae0	2	STT_FUNC	STB_LOCAL	13	SDL_AudioLockOrUnlockDeviceWithNoMixerLock
0x5b5af0	2	STT_FUNC	STB_LOCAL	13	SDL_AudioThreadDeinit_Default
0x5b5b00	2	STT_FUNC	STB_LOCAL	13	SDL_AudioBeginLoopIteration_Default
0x5b5b10	2	STT_FUNC	STB_LOCAL	13	SDL_AudioWaitDevice_Default
0x5b5b20	2	STT_FUNC	STB_LOCAL	13	SDL_AudioPlayDevice_Default
0x5b5b30	2	STT_FUNC	STB_LOCAL	13	SDL_AudioFlushCapture_Default
0x5b5b40	2	STT_FUNC	STB_LOCAL	13	SDL_AudioPrepareToClose_Default
0x5b5b50	2	STT_FUNC	STB_LOCAL	13	SDL_AudioCloseDevice_Default
0x5b5b60	42	STT_FUNC	STB_LOCAL	13	SDL_AudioLockDevice_Default
0x5b5b90	460	STT_FUNC	STB_LOCAL	13	SDL_AudioDetectDevices_Default
0x5b5d60	582	STT_FUNC	STB_LOCAL	13	SDL_AudioQuit_REAL.part.4
0x9aea38	8	STT_OBJECT	STB_LOCAL	25	SRC_lib
0x5b5fb0	735	STT_FUNC	STB_LOCAL	13	SDL_CaptureAudio
0x8c6a00	48	STT_OBJECT	STB_LOCAL	20	bootstrap
0x9aea34	4	STT_OBJECT	STB_LOCAL	25	format_idx
0x9aea30	4	STT_OBJECT	STB_LOCAL	25	format_idx_sub
0x6785c0	200	STT_OBJECT	STB_LOCAL	15	format_list
0x0	0	STT_FILE	STB_LOCAL	SHN_ABS	SDL_audiocvt.c
0x5b9f10	370	STT_FUNC	STB_LOCAL	13	SDL_ConvertStereoToMono
0x5ba090	434	STT_FUNC	STB_LOCAL	13	SDL_Convert51ToStereo
0x5ba250	338	STT_FUNC	STB_LOCAL	13	SDL_ConvertQuadToStereo
0x5ba3b0	237	STT_FUNC	STB_LOCAL	13	SDL_Convert71To51
0x5ba4a0	205	STT_FUNC	STB_LOCAL	13	SDL_Convert51ToQuad
0x5ba570	98	STT_FUNC	STB_LOCAL	13	SDL_ConvertMonoToStereo
0x5ba5e0	166	STT_FUNC	STB_LOCAL	13	SDL_ConvertStereoTo51
0x5ba690	192	STT_FUNC	STB_LOCAL	13	SDL_ConvertQuadTo51
0x5ba750	113	STT_FUNC	STB_LOCAL	13	SDL_ConvertStereoToQuad
0x5ba7d0	310	STT_FUNC	STB_LOCAL	13	SDL_Convert51To71
0x5ba910	261	STT_FUNC	STB_LOCAL	13	SDL_Convert_Byteswap
0x5baa20	13	STT_FUNC	STB_LOCAL	13	SDL_ResetAudioStreamResampler_SRC
0x5baa30	68	STT_FUNC	STB_LOCAL	13	SDL_CleanupAudioStreamResampler_SRC
0x5baa80	12	STT_FUNC	STB_LOCAL	13	SDL_CleanupAudioStreamResampler
0x5baa90	232	STT_FUNC	STB_LOCAL	13	SDL_ResampleAudioStream_SRC
0x5bab80	25	STT_FUNC	STB_LOCAL	13	SDL_ResetAudioStreamResampler
0x5baba0	507	STT_FUNC	STB_LOCAL	13	SDL_ConvertStereoToMono_SSE3
0x5bada0	86	STT_FUNC	STB_LOCAL	13	SDL_AddAudioCVTFilter
0x5bae00	1174	STT_FUNC	STB_LOCAL	13	SDL_ResampleAudioStream
0x9aeba0	8	STT_OBJECT	STB_LOCAL	25	ResamplerFilter
0x9aeb98	8	STT_OBJECT	STB_LOCAL	25	ResamplerFilterDifference
0x5bb2a0	906	STT_FUNC	STB_LOCAL	13	SDL_AudioStreamPutInternal
0x5bb630	1366	STT_FUNC	STB_LOCAL	13	SDL_ResampleCVT_c4
0x5bbb90	1348	STT_FUNC	STB_LOCAL	13	SDL_ResampleCVT_c1
0x5bc0e0	1455	STT_FUNC	STB_LOCAL	13	SDL_ResampleCVT_c6
0x5bc690	1399	STT_FUNC	STB_LOCAL	13	SDL_ResampleCVT_c8
0x5bcc10	1350	STT_FUNC	STB_LOCAL	13	SDL_ResampleCVT_c2
0x9aeba8	4	STT_OBJECT	STB_LOCAL	25	ResampleFilterSpinlock
0x0	0	STT_FILE	STB_LOCAL	SHN_ABS	SDL_audiotypecvt.c
0x5bf120	338	STT_FUNC	STB_LOCAL	13	SDL_Convert_F32_to_S32_SSE2
0x5bf280	820	STT_FUNC	STB_LOCAL	13	SDL_Convert_F32_to_S16_SSE2
0x5bf5c0	952	STT_FUNC	STB_LOCAL	13	SDL_Convert_F32_to_U16_SSE2
0x5bf980	901	STT_FUNC	STB_LOCAL	13	SDL_Convert_F32_to_U8_SSE2
0x5bfd10	817	STT_FUNC	STB_LOCAL	13	SDL_Convert_F32_to_S8_SSE2
0x5c0050	370	STT_FUNC	STB_LOCAL	13	SDL_Convert_S32_to_F32_SSE2
0x5c01d0	429	STT_FUNC	STB_LOCAL	13	SDL_Convert_U16_to_F32_SSE2
0x5c0380	393	STT_FUNC	STB_LOCAL	13	SDL_Convert_S16_to_F32_SSE2
0x5c0510	476	STT_FUNC	STB_LOCAL	13	SDL_Convert_U8_to_F32_SSE2
0x5c06f0	480	STT_FUNC	STB_LOCAL	13	SDL_Convert_S8_to_F32_SSE2
0x9aec00	4	STT_OBJECT	STB_LOCAL	25	converters_chosen.34649
0x0	0	STT_FILE	STB_LOCAL	SHN_ABS	SDL_mixer.c
0x678a60	512	STT_OBJECT	STB_LOCAL	15	mix8
0x0	0	STT_FILE	STB_LOCAL	SHN_ABS	SDL_wave.c
0x5c2250	286	STT_FUNC	STB_LOCAL	13	IMA_ADPCM_nibble
0x9aec60	64	STT_OBJECT	STB_LOCAL	25	MS_ADPCM_state
0x678eb0	16	STT_OBJECT	STB_LOCAL	15	extensible_pcm_guid
0x678ea0	16	STT_OBJECT	STB_LOCAL	15	extensible_ieee_guid
0x9aec20	36	STT_OBJECT	STB_LOCAL	25	IMA_ADPCM_state
0x0	0	STT_FILE	STB_LOCAL	SHN_ABS	SDL_cpuinfo.c
0x9aecbc	4	STT_OBJECT	STB_LOCAL	25	SDL_CPUCount
0x9aeca8	13	STT_OBJECT	STB_LOCAL	25	SDL_CPUType.34825
0x9aeca0	4	STT_OBJECT	STB_LOCAL	25	checked.34792
0x9aecc4	4	STT_OBJECT	STB_LOCAL	25	CPU_CPUIDMaxFunction
0x9aecd0	16	STT_OBJECT	STB_LOCAL	25	CPU_CPUIDFeatures
0x9aecc0	4	STT_OBJECT	STB_LOCAL	25	CPU_OSSavesYMM
0x8cd468	4	STT_OBJECT	STB_LOCAL	24	SDL_CPUFeatures
0x9aecb8	4	STT_OBJECT	STB_LOCAL	25	SDL_SystemRAM
0x0	0	STT_FILE	STB_LOCAL	SHN_ABS	SDL_blendfillrect.c
0x5c54f0	1947	STT_FUNC	STB_LOCAL	13	SDL_BlendFillRect_RGB555
0x5c5c90	1997	STT_FUNC	STB_LOCAL	13	SDL_BlendFillRect_RGB565
0x5c6460	1536	STT_FUNC	STB_LOCAL	13	SDL_BlendFillRect_RGB888
0x5c6a60	1755	STT_FUNC	STB_LOCAL	13	SDL_BlendFillRect_ARGB8888
0x5c7140	6517	STT_FUNC	STB_LOCAL	13	SDL_BlendFillRect_RGB
0x5c8ac0	4293	STT_FUNC	STB_LOCAL	13	SDL_BlendFillRect_RGBA
0x0	0	STT_FILE	STB_LOCAL	SHN_ABS	SDL_blendline.c
0x5ca020	7014	STT_FUNC	STB_LOCAL	13	SDL_BlendLine_RGB2
0x5cbb90	5221	STT_FUNC	STB_LOCAL	13	SDL_BlendLine_RGB555
0x5cd000	5365	STT_FUNC	STB_LOCAL	13	SDL_BlendLine_RGB565
0x5ce500	6315	STT_FUNC	STB_LOCAL	13	SDL_BlendLine_RGB4
0x5cfdb0	7162	STT_FUNC	STB_LOCAL	13	SDL_BlendLine_RGBA4
0x5d19b0	7835	STT_FUNC	STB_LOCAL	13	SDL_BlendLine_RGB888
0x5d3850	8883	STT_FUNC	STB_LOCAL	13	SDL_BlendLine_ARGB8888
0x0	0	STT_FILE	STB_LOCAL	SHN_ABS	SDL_blendpoint.c
0x5d5f40	475	STT_FUNC	STB_LOCAL	13	SDL_BlendPoint_RGB555
0x5d6120	509	STT_FUNC	STB_LOCAL	13	SDL_BlendPoint_RGB565
0x5d6320	338	STT_FUNC	STB_LOCAL	13	SDL_BlendPoint_RGB888
0x5d6480	413	STT_FUNC	STB_LOCAL	13	SDL_BlendPoint_ARGB8888
0x5d6620	1611	STT_FUNC	STB_LOCAL	13	SDL_BlendPoint_RGB
0x5d6c70	1000	STT_FUNC	STB_LOCAL	13	SDL_BlendPoint_RGBA
0x0	0	STT_FILE	STB_LOCAL	SHN_ABS	SDL_drawline.c
0x5d7460	1596	STT_FUNC	STB_LOCAL	13	SDL_DrawLine4
0x5d7aa0	1804	STT_FUNC	STB_LOCAL	13	SDL_DrawLine2
0x5d81b0	822	STT_FUNC	STB_LOCAL	13	SDL_DrawLine1
0x0	0	STT_FILE	STB_LOCAL	SHN_ABS	SDL_drawpoint.c
0x0	0	STT_FILE	STB_LOCAL	SHN_ABS	SDL_RLEaccel.c
0x5d89d0	302	STT_FUNC	STB_LOCAL	13	copy_opaque_16
0x5d8b00	256	STT_FUNC	STB_LOCAL	13	uncopy_opaque_16
0x5d8c00	224	STT_FUNC	STB_LOCAL	13	copy_transl_565
0x5d8ce0	224	STT_FUNC	STB_LOCAL	13	copy_transl_555
0x5d8dc0	288	STT_FUNC	STB_LOCAL	13	uncopy_transl_16
0x5d8ee0	192	STT_FUNC	STB_LOCAL	13	copy_32
0x5d8fa0	256	STT_FUNC	STB_LOCAL	13	uncopy_32
0x5d90a0	4	STT_FUNC	STB_LOCAL	13	getpix_8
0x5d90b0	4	STT_FUNC	STB_LOCAL	13	getpix_16
0x5d90c0	22	STT_FUNC	STB_LOCAL	13	getpix_24
0x5d90e0	3	STT_FUNC	STB_LOCAL	13	getpix_32
0x8c65e0	32	STT_OBJECT	STB_LOCAL	20	getpixes
0x0	0	STT_FILE	STB_LOCAL	SHN_ABS	SDL_blit.c
0x5e54d0	399	STT_FUNC	STB_LOCAL	13	SDL_SoftBlit
0x8cd46c	4	STT_OBJECT	STB_LOCAL	24	features.48671
0x0	0	STT_FILE	STB_LOCAL	SHN_ABS	SDL_blit_0.c
0x5e5a00	359	STT_FUNC	STB_LOCAL	13	BlitBto1
0x5e5b70	223	STT_FUNC	STB_LOCAL	13	BlitBto2
0x5e5c50	195	STT_FUNC	STB_LOCAL	13	BlitBto3
0x5e5d20	213	STT_FUNC	STB_LOCAL	13	BlitBto4
0x5e5e00	276	STT_FUNC	STB_LOCAL	13	BlitBto1Key
0x5e5f20	172	STT_FUNC	STB_LOCAL	13	BlitBto2Key
0x5e5fd0	170	STT_FUNC	STB_LOCAL	13	BlitBto4Key
0x5e6080	1137	STT_FUNC	STB_LOCAL	13	BlitBtoNAlpha
0x5e6500	1147	STT_FUNC	STB_LOCAL	13	BlitBtoNAlphaKey
0x5e6980	257	STT_FUNC	STB_LOCAL	13	BlitBto3Key
0x8c6640	40	STT_OBJECT	STB_LOCAL	20	bitmap_blit
0x8c6600	40	STT_OBJECT	STB_LOCAL	20	colorkey_blit
0x0	0	STT_FILE	STB_LOCAL	SHN_ABS	SDL_blit_1.c
0x5e6b30	341	STT_FUNC	STB_LOCAL	13	Blit1to1
0x5e6c90	389	STT_FUNC	STB_LOCAL	13	Blit1to2
0x5e6e20	581	STT_FUNC	STB_LOCAL	13	Blit1to3
0x5e7070	410	STT_FUNC	STB_LOCAL	13	Blit1to4
0x5e7210	784	STT_FUNC	STB_LOCAL	13	Blit1to1Key
0x5e7520	453	STT_FUNC	STB_LOCAL	13	Blit1to2Key
0x5e76f0	623	STT_FUNC	STB_LOCAL	13	Blit1to3Key
0x5e7960	437	STT_FUNC	STB_LOCAL	13	Blit1to4Key
0x5e7b20	3407	STT_FUNC	STB_LOCAL	13	Blit1toNAlpha
0x5e8870	6953	STT_FUNC	STB_LOCAL	13	Blit1toNAlphaKey
0x8c66c0	40	STT_OBJECT	STB_LOCAL	20	one_blit
0x8c6680	40	STT_OBJECT	STB_LOCAL	20	one_blitkey
0x0	0	STT_FILE	STB_LOCAL	SHN_ABS	SDL_blit_A.c
0x5ea430	2057	STT_FUNC	STB_LOCAL	13	BlitNto1SurfaceAlpha
0x5eac40	2238	STT_FUNC	STB_LOCAL	13	BlitNto1PixelAlpha
0x5eb500	4242	STT_FUNC	STB_LOCAL	13	BlitNto1SurfaceAlphaKey
0x5ec5a0	904	STT_FUNC	STB_LOCAL	13	BlitRGBtoRGBSurfaceAlpha
0x5ec930	818	STT_FUNC	STB_LOCAL	13	BlitRGBtoRGBPixelAlpha
0x5ecc70	1431	STT_FUNC	STB_LOCAL	13	Blit16to16SurfaceAlpha128
0x5ed210	850	STT_FUNC	STB_LOCAL	13	BlitARGBto565PixelAlpha
0x5ed570	850	STT_FUNC	STB_LOCAL	13	BlitARGBto555PixelAlpha
0x5ed8d0	4332	STT_FUNC	STB_LOCAL	13	BlitNtoNSurfaceAlpha
0x5ee9c0	4356	STT_FUNC	STB_LOCAL	13	BlitNtoNSurfaceAlphaKey
0x5efad0	4536	STT_FUNC	STB_LOCAL	13	BlitNtoNPixelAlpha
0x5f0c90	681	STT_FUNC	STB_LOCAL	13	BlitRGBtoRGBSurfaceAlphaMMX
0x5f0f40	786	STT_FUNC	STB_LOCAL	13	Blit565to565SurfaceAlphaMMX
0x5f1260	810	STT_FUNC	STB_LOCAL	13	Blit555to555SurfaceAlphaMMX
0x5f1590	840	STT_FUNC	STB_LOCAL	13	BlitRGBtoRGBPixelAlphaMMX
0x5f18e0	808	STT_FUNC	STB_LOCAL	13	BlitRGBtoRGBPixelAlphaMMX3DNOW
0x5f1c10	1935	STT_FUNC	STB_LOCAL	13	Blit565to565SurfaceAlpha
0x5f23a0	1951	STT_FUNC	STB_LOCAL	13	Blit555to555SurfaceAlpha
0x0	0	STT_FILE	STB_LOCAL	SHN_ABS	SDL_blit_N.c
0x5f2de0	1141	STT_FUNC	STB_LOCAL	13	Blit_RGB888_index8
0x5f3260	1205	STT_FUNC	STB_LOCAL	13	Blit_RGB101010_index8
0x5f3720	554	STT_FUNC	STB_LOCAL	13	Blit_RGB888_RGB555
0x5f3950	554	STT_FUNC	STB_LOCAL	13	Blit_RGB888_RGB565
0x5f3b80	536	STT_FUNC	STB_LOCAL	13	Blit_RGB565_RGBA8888
0x67a120	2048	STT_OBJECT	STB_LOCAL	15	RGB565_RGBA8888_LUT
0x5f3da0	5605	STT_FUNC	STB_LOCAL	13	BlitNto1
0x5f5390	744	STT_FUNC	STB_LOCAL	13	Blit4to4MaskAlpha
0x5f5680	354	STT_FUNC	STB_LOCAL	13	Blit4to4CopyAlpha
0x5f57f0	4604	STT_FUNC	STB_LOCAL	13	BlitNtoN
0x5f69f0	761	STT_FUNC	STB_LOCAL	13	BlitNtoNCopyAlpha
0x5f6cf0	4711	STT_FUNC	STB_LOCAL	13	BlitNto1Key
0x5f7f60	406	STT_FUNC	STB_LOCAL	13	Blit2to2Key
0x5f8100	4917	STT_FUNC	STB_LOCAL	13	BlitNtoNKey
0x5f9440	5194	STT_FUNC	STB_LOCAL	13	BlitNtoNKeyCopyAlpha
0x5fa890	3122	STT_FUNC	STB_LOCAL	13	Blit2101010toN
0x5fb4d0	2807	STT_FUNC	STB_LOCAL	13	BlitNto2101010
0x5fbfd0	536	STT_FUNC	STB_LOCAL	13	Blit_RGB565_BGRA8888
0x679920	2048	STT_OBJECT	STB_LOCAL	15	RGB565_BGRA8888_LUT
0x5fc1f0	536	STT_FUNC	STB_LOCAL	13	Blit_RGB565_ARGB8888
0x67b120	2048	STT_OBJECT	STB_LOCAL	15	RGB565_ARGB8888_LUT
0x5fc410	536	STT_FUNC	STB_LOCAL	13	Blit_RGB565_ABGR8888
0x67a920	2048	STT_OBJECT	STB_LOCAL	15	RGB565_ABGR8888_LUT
0x8c6700	32	STT_OBJECT	STB_LOCAL	20	normal_blit
0x8c6900	48	STT_OBJECT	STB_LOCAL	20	normal_blit_1
0x8c6800	240	STT_OBJECT	STB_LOCAL	20	normal_blit_2
0x8c67c0	48	STT_OBJECT	STB_LOCAL	20	normal_blit_3
0x8c6720	144	STT_OBJECT	STB_LOCAL	20	normal_blit_4
0x0	0	STT_FILE	STB_LOCAL	SHN_ABS	SDL_blit_auto.c
0x5fc930	313	STT_FUNC	STB_LOCAL	13	SDL_Blit_RGB888_RGB888_Scale
0x5fca70	350	STT_FUNC	STB_LOCAL	13	SDL_Blit_RGB888_RGB888_Blend
0x5fcbd0	507	STT_FUNC	STB_LOCAL	13	SDL_Blit_RGB888_RGB888_Blend_Scale
0x5fcdd0	2155	STT_FUNC	STB_LOCAL	13	SDL_Blit_RGB888_RGB888_Modulate
0x5fd640	427	STT_FUNC	STB_LOCAL	13	SDL_Blit_RGB888_RGB888_Modulate_Scale
0x5fd7f0	612	STT_FUNC	STB_LOCAL	13	SDL_Blit_RGB888_RGB888_Modulate_Blend
0x5fda60	811	STT_FUNC	STB_LOCAL	13	SDL_Blit_RGB888_RGB888_Modulate_Blend_Scale
0x5fdd90	379	STT_FUNC	STB_LOCAL	13	SDL_Blit_RGB888_BGR888_Scale
0x5fdf10	350	STT_FUNC	STB_LOCAL	13	SDL_Blit_RGB888_BGR888_Blend
0x5fe070	507	STT_FUNC	STB_LOCAL	13	SDL_Blit_RGB888_BGR888_Blend_Scale
0x5fe270	2451	STT_FUNC	STB_LOCAL	13	SDL_Blit_RGB888_BGR888_Modulate
0x5fec10	427	STT_FUNC	STB_LOCAL	13	SDL_Blit_RGB888_BGR888_Modulate_Scale
0x5fedc0	628	STT_FUNC	STB_LOCAL	13	SDL_Blit_RGB888_BGR888_Modulate_Blend
0x5ff040	827	STT_FUNC	STB_LOCAL	13	SDL_Blit_RGB888_BGR888_Modulate_Blend_Scale
0x5ff380	329	STT_FUNC	STB_LOCAL	13	SDL_Blit_RGB888_ARGB8888_Scale
0x5ff4d0	356	STT_FUNC	STB_LOCAL	13	SDL_Blit_RGB888_ARGB8888_Blend
0x5ff640	571	STT_FUNC	STB_LOCAL	13	SDL_Blit_RGB888_ARGB8888_Blend_Scale
0x5ff880	4571	STT_FUNC	STB_LOCAL	13	SDL_Blit_RGB888_ARGB8888_Modulate
0x600a60	499	STT_FUNC	STB_LOCAL	13	SDL_Blit_RGB888_ARGB8888_Modulate_Scale
0x600c60	660	STT_FUNC	STB_LOCAL	13	SDL_Blit_RGB888_ARGB8888_Modulate_Blend
0x600f00	851	STT_FUNC	STB_LOCAL	13	SDL_Blit_RGB888_ARGB8888_Modulate_Blend_Scale
0x601260	5	STT_FUNC	STB_LOCAL	13	SDL_Blit_BGR888_RGB888_Scale
0x601270	350	STT_FUNC	STB_LOCAL	13	SDL_Blit_BGR888_RGB888_Blend
0x6013d0	507	STT_FUNC	STB_LOCAL	13	SDL_Blit_BGR888_RGB888_Blend_Scale
0x6015d0	2443	STT_FUNC	STB_LOCAL	13	SDL_Blit_BGR888_RGB888_Modulate
0x601f60	427	STT_FUNC	STB_LOCAL	13	SDL_Blit_BGR888_RGB888_Modulate_Scale
0x602110	612	STT_FUNC	STB_LOCAL	13	SDL_Blit_BGR888_RGB888_Modulate_Blend
0x602380	811	STT_FUNC	STB_LOCAL	13	SDL_Blit_BGR888_RGB888_Modulate_Blend_Scale
0x6026b0	334	STT_FUNC	STB_LOCAL	13	SDL_Blit_BGR888_BGR888_Blend
0x602800	499	STT_FUNC	STB_LOCAL	13	SDL_Blit_BGR888_BGR888_Blend_Scale
0x602a00	2155	STT_FUNC	STB_LOCAL	13	SDL_Blit_BGR888_BGR888_Modulate
0x603270	427	STT_FUNC	STB_LOCAL	13	SDL_Blit_BGR888_BGR888_Modulate_Scale
0x603420	628	STT_FUNC	STB_LOCAL	13	SDL_Blit_BGR888_BGR888_Modulate_Blend
0x6036a0	827	STT_FUNC	STB_LOCAL	13	SDL_Blit_BGR888_BGR888_Modulate_Blend_Scale
0x6039e0	411	STT_FUNC	STB_LOCAL	13	SDL_Blit_BGR888_ARGB8888_Scale
0x603b80	356	STT_FUNC	STB_LOCAL	13	SDL_Blit_BGR888_ARGB8888_Blend
0x603cf0	571	STT_FUNC	STB_LOCAL	13	SDL_Blit_BGR888_ARGB8888_Blend_Scale
0x603f30	5027	STT_FUNC	STB_LOCAL	13	SDL_Blit_BGR888_ARGB8888_Modulate
0x6052e0	499	STT_FUNC	STB_LOCAL	13	SDL_Blit_BGR888_ARGB8888_Modulate_Scale
0x6054e0	660	STT_FUNC	STB_LOCAL	13	SDL_Blit_BGR888_ARGB8888_Modulate_Blend
0x605780	851	STT_FUNC	STB_LOCAL	13	SDL_Blit_BGR888_ARGB8888_Modulate_Blend_Scale
0x605ae0	329	STT_FUNC	STB_LOCAL	13	SDL_Blit_ARGB8888_RGB888_Scale
0x605c30	470	STT_FUNC	STB_LOCAL	13	SDL_Blit_ARGB8888_RGB888_Blend
0x605e10	651	STT_FUNC	STB_LOCAL	13	SDL_Blit_ARGB8888_RGB888_Blend_Scale
0x6060a0	5	STT_FUNC	STB_LOCAL	13	SDL_Blit_ARGB8888_RGB888_Modulate_Scale
0x6060b0	612	STT_FUNC	STB_LOCAL	13	SDL_Blit_ARGB8888_RGB888_Modulate_Blend
0x606320	795	STT_FUNC	STB_LOCAL	13	SDL_Blit_ARGB8888_RGB888_Modulate_Blend_Scale
0x606640	5	STT_FUNC	STB_LOCAL	13	SDL_Blit_ARGB8888_BGR888_Scale
0x606650	470	STT_FUNC	STB_LOCAL	13	SDL_Blit_ARGB8888_BGR888_Blend
0x606830	651	STT_FUNC	STB_LOCAL	13	SDL_Blit_ARGB8888_BGR888_Blend_Scale
0x606ac0	5	STT_FUNC	STB_LOCAL	13	SDL_Blit_ARGB8888_BGR888_Modulate_Scale
0x606ad0	596	STT_FUNC	STB_LOCAL	13	SDL_Blit_ARGB8888_BGR888_Modulate_Blend
0x606d30	779	STT_FUNC	STB_LOCAL	13	SDL_Blit_ARGB8888_BGR888_Modulate_Blend_Scale
0x607040	502	STT_FUNC	STB_LOCAL	13	SDL_Blit_ARGB8888_ARGB8888_Blend
0x607240	723	STT_FUNC	STB_LOCAL	13	SDL_Blit_ARGB8888_ARGB8888_Blend_Scale
0x607520	4907	STT_FUNC	STB_LOCAL	13	SDL_Blit_ARGB8888_ARGB8888_Modulate
0x608850	539	STT_FUNC	STB_LOCAL	13	SDL_Blit_ARGB8888_ARGB8888_Modulate_Scale
0x608a70	660	STT_FUNC	STB_LOCAL	13	SDL_Blit_ARGB8888_ARGB8888_Modulate_Blend
0x608d10	843	STT_FUNC	STB_LOCAL	13	SDL_Blit_ARGB8888_ARGB8888_Modulate_Blend_Scale
0x609060	379	STT_FUNC	STB_LOCAL	13	SDL_Blit_RGBA8888_RGB888_Scale
0x6091e0	470	STT_FUNC	STB_LOCAL	13	SDL_Blit_RGBA8888_RGB888_Blend
0x6093c0	667	STT_FUNC	STB_LOCAL	13	SDL_Blit_RGBA8888_RGB888_Blend_Scale
0x609660	2315	STT_FUNC	STB_LOCAL	13	SDL_Blit_RGBA8888_RGB888_Modulate
0x609f70	427	STT_FUNC	STB_LOCAL	13	SDL_Blit_RGBA8888_RGB888_Modulate_Scale
0x60a120	628	STT_FUNC	STB_LOCAL	13	SDL_Blit_RGBA8888_RGB888_Modulate_Blend
0x60a3a0	811	STT_FUNC	STB_LOCAL	13	SDL_Blit_RGBA8888_RGB888_Modulate_Blend_Scale
0x60a6d0	379	STT_FUNC	STB_LOCAL	13	SDL_Blit_RGBA8888_BGR888_Scale
0x60a850	470	STT_FUNC	STB_LOCAL	13	SDL_Blit_RGBA8888_BGR888_Blend
0x60aa30	667	STT_FUNC	STB_LOCAL	13	SDL_Blit_RGBA8888_BGR888_Blend_Scale
0x60acd0	2411	STT_FUNC	STB_LOCAL	13	SDL_Blit_RGBA8888_BGR888_Modulate
0x60b640	427	STT_FUNC	STB_LOCAL	13	SDL_Blit_RGBA8888_BGR888_Modulate_Scale
0x60b7f0	628	STT_FUNC	STB_LOCAL	13	SDL_Blit_RGBA8888_BGR888_Modulate_Blend
0x60ba70	779	STT_FUNC	STB_LOCAL	13	SDL_Blit_RGBA8888_BGR888_Modulate_Blend_Scale
0x60bd80	323	STT_FUNC	STB_LOCAL	13	SDL_Blit_RGBA8888_ARGB8888_Scale
0x60bed0	502	STT_FUNC	STB_LOCAL	13	SDL_Blit_RGBA8888_ARGB8888_Blend
0x60c0d0	715	STT_FUNC	STB_LOCAL	13	SDL_Blit_RGBA8888_ARGB8888_Blend_Scale
0x60c3a0	5635	STT_FUNC	STB_LOCAL	13	SDL_Blit_RGBA8888_ARGB8888_Modulate
0x60d9b0	539	STT_FUNC	STB_LOCAL	13	SDL_Blit_RGBA8888_ARGB8888_Modulate_Scale
0x60dbd0	628	STT_FUNC	STB_LOCAL	13	SDL_Blit_RGBA8888_ARGB8888_Modulate_Blend
0x60de50	827	STT_FUNC	STB_LOCAL	13	SDL_Blit_RGBA8888_ARGB8888_Modulate_Blend_Scale
0x60e190	5	STT_FUNC	STB_LOCAL	13	SDL_Blit_ABGR8888_RGB888_Scale
0x60e1a0	470	STT_FUNC	STB_LOCAL	13	SDL_Blit_ABGR8888_RGB888_Blend
0x60e380	651	STT_FUNC	STB_LOCAL	13	SDL_Blit_ABGR8888_RGB888_Blend_Scale
0x60e610	5	STT_FUNC	STB_LOCAL	13	SDL_Blit_ABGR8888_RGB888_Modulate_Scale
0x60e620	612	STT_FUNC	STB_LOCAL	13	SDL_Blit_ABGR8888_RGB888_Modulate_Blend
0x60e890	795	STT_FUNC	STB_LOCAL	13	SDL_Blit_ABGR8888_RGB888_Modulate_Blend_Scale
0x60ebb0	470	STT_FUNC	STB_LOCAL	13	SDL_Blit_ABGR8888_BGR888_Blend
0x60ed90	651	STT_FUNC	STB_LOCAL	13	SDL_Blit_ABGR8888_BGR888_Blend_Scale
0x60f020	5	STT_FUNC	STB_LOCAL	13	SDL_Blit_ABGR8888_BGR888_Modulate_Scale
0x60f030	596	STT_FUNC	STB_LOCAL	13	SDL_Blit_ABGR8888_BGR888_Modulate_Blend
0x60f290	779	STT_FUNC	STB_LOCAL	13	SDL_Blit_ABGR8888_BGR888_Modulate_Blend_Scale
0x60f5a0	379	STT_FUNC	STB_LOCAL	13	SDL_Blit_ABGR8888_ARGB8888_Scale
0x60f720	502	STT_FUNC	STB_LOCAL	13	SDL_Blit_ABGR8888_ARGB8888_Blend
0x60f920	723	STT_FUNC	STB_LOCAL	13	SDL_Blit_ABGR8888_ARGB8888_Blend_Scale
0x60fc00	5803	STT_FUNC	STB_LOCAL	13	SDL_Blit_ABGR8888_ARGB8888_Modulate
0x6112b0	539	STT_FUNC	STB_LOCAL	13	SDL_Blit_ABGR8888_ARGB8888_Modulate_Scale
0x6114d0	628	STT_FUNC	STB_LOCAL	13	SDL_Blit_ABGR8888_ARGB8888_Modulate_Blend
0x611750	827	STT_FUNC	STB_LOCAL	13	SDL_Blit_ABGR8888_ARGB8888_Modulate_Blend_Scale
0x611a90	5	STT_FUNC	STB_LOCAL	13	SDL_Blit_BGRA8888_RGB888_Scale
0x611aa0	470	STT_FUNC	STB_LOCAL	13	SDL_Blit_BGRA8888_RGB888_Blend
0x611c80	651	STT_FUNC	STB_LOCAL	13	SDL_Blit_BGRA8888_RGB888_Blend_Scale
0x611f10	2411	STT_FUNC	STB_LOCAL	13	SDL_Blit_BGRA8888_RGB888_Modulate
0x612880	427	STT_FUNC	STB_LOCAL	13	SDL_Blit_BGRA8888_RGB888_Modulate_Scale
0x612a30	612	STT_FUNC	STB_LOCAL	13	SDL_Blit_BGRA8888_RGB888_Modulate_Blend
0x612ca0	811	STT_FUNC	STB_LOCAL	13	SDL_Blit_BGRA8888_RGB888_Modulate_Blend_Scale
0x612fd0	5	STT_FUNC	STB_LOCAL	13	SDL_Blit_BGRA8888_BGR888_Scale
0x612fe0	470	STT_FUNC	STB_LOCAL	13	SDL_Blit_BGRA8888_BGR888_Blend
0x6131c0	651	STT_FUNC	STB_LOCAL	13	SDL_Blit_BGRA8888_BGR888_Blend_Scale
0x613450	2315	STT_FUNC	STB_LOCAL	13	SDL_Blit_BGRA8888_BGR888_Modulate
0x613d60	427	STT_FUNC	STB_LOCAL	13	SDL_Blit_BGRA8888_BGR888_Modulate_Scale
0x613f10	596	STT_FUNC	STB_LOCAL	13	SDL_Blit_BGRA8888_BGR888_Modulate_Blend
0x614170	795	STT_FUNC	STB_LOCAL	13	SDL_Blit_BGRA8888_BGR888_Modulate_Blend_Scale
0x614490	313	STT_FUNC	STB_LOCAL	13	SDL_Blit_BGRA8888_ARGB8888_Scale
0x6145d0	502	STT_FUNC	STB_LOCAL	13	SDL_Blit_BGRA8888_ARGB8888_Blend
0x6147d0	723	STT_FUNC	STB_LOCAL	13	SDL_Blit_BGRA8888_ARGB8888_Blend_Scale
0x614ab0	5811	STT_FUNC	STB_LOCAL	13	SDL_Blit_BGRA8888_ARGB8888_Modulate
0x616170	531	STT_FUNC	STB_LOCAL	13	SDL_Blit_BGRA8888_ARGB8888_Modulate_Scale
0x616390	660	STT_FUNC	STB_LOCAL	13	SDL_Blit_BGRA8888_ARGB8888_Modulate_Blend
0x616630	859	STT_FUNC	STB_LOCAL	13	SDL_Blit_BGRA8888_ARGB8888_Modulate_Blend_Scale
0x616990	329	STT_FUNC	STB_LOCAL	13	SDL_Blit_ABGR8888_BGR888_Scale
0x616ae0	2155	STT_FUNC	STB_LOCAL	13	SDL_Blit_ABGR8888_BGR888_Modulate
0x617350	2155	STT_FUNC	STB_LOCAL	13	SDL_Blit_ARGB8888_RGB888_Modulate
0x617bc0	2451	STT_FUNC	STB_LOCAL	13	SDL_Blit_ARGB8888_BGR888_Modulate
0x618560	2443	STT_FUNC	STB_LOCAL	13	SDL_Blit_ABGR8888_RGB888_Modulate
0x618ef0	313	STT_FUNC	STB_LOCAL	13	SDL_Blit_BGR888_BGR888_Scale
0x619030	313	STT_FUNC	STB_LOCAL	13	SDL_Blit_ARGB8888_ARGB8888_Scale
0x0	0	STT_FILE	STB_LOCAL	SHN_ABS	SDL_blit_copy.c
0x0	0	STT_FILE	STB_LOCAL	SHN_ABS	SDL_blit_slow.c
0x0	0	STT_FILE	STB_LOCAL	SHN_ABS	SDL_egl.c
0x619f70	302	STT_FUNC	STB_LOCAL	13	SDL_EGL_HasExtension.isra.0
0x9aece0	1024	STT_OBJECT	STB_LOCAL	25	procname.24315
0x0	0	STT_FILE	STB_LOCAL	SHN_ABS	SDL_vulkan_utils.c
0x0	0	STT_FILE	STB_LOCAL	SHN_ABS	SDL_nullevents.c
0x0	0	STT_FILE	STB_LOCAL	SHN_ABS	SDL_nullframebuffer.c
0x9af0e0	4	STT_OBJECT	STB_LOCAL	25	frame_number.22993
0x0	0	STT_FILE	STB_LOCAL	SHN_ABS	SDL_diskaudio.c
0x61c4d0	12	STT_FUNC	STB_LOCAL	13	DISKAUDIO_GetDeviceBuf
0x61c4e0	2	STT_FUNC	STB_LOCAL	13	DISKAUDIO_FlushCapture
0x61c4f0	113	STT_FUNC	STB_LOCAL	13	DISKAUDIO_Init
0x61c6c0	473	STT_FUNC	STB_LOCAL	13	DISKAUDIO_OpenDevice
0x61c5f0	15	STT_FUNC	STB_LOCAL	13	DISKAUDIO_WaitDevice
0x61c680	58	STT_FUNC	STB_LOCAL	13	DISKAUDIO_PlayDevice
0x61c600	121	STT_FUNC	STB_LOCAL	13	DISKAUDIO_CaptureFromDevice
0x61c5b0	54	STT_FUNC	STB_LOCAL	13	DISKAUDIO_CloseDevice
0x61c570	49	STT_FUNC	STB_LOCAL	13	DISKAUDIO_DetectDevices
0x0	0	STT_FILE	STB_LOCAL	SHN_ABS	SDL_dummyaudio.c
0x61c8a0	3	STT_FUNC	STB_LOCAL	13	DUMMYAUDIO_OpenDevice
0x61c8b0	55	STT_FUNC	STB_LOCAL	13	DUMMYAUDIO_Init
0x61c8f0	55	STT_FUNC	STB_LOCAL	13	DUMMYAUDIO_CaptureFromDevice
0x0	0	STT_FILE	STB_LOCAL	SHN_ABS	SDL_dspaudio.c
0x61c930	12	STT_FUNC	STB_LOCAL	13	DSP_GetDeviceBuf
0x61c940	102	STT_FUNC	STB_LOCAL	13	DSP_Init
0x61cef0	9	STT_FUNC	STB_LOCAL	13	DSP_DetectDevices
0x61cac0	1067	STT_FUNC	STB_LOCAL	13	DSP_OpenDevice
0x61cf00	61	STT_FUNC	STB_LOCAL	13	DSP_PlayDevice
0x61ca80	51	STT_FUNC	STB_LOCAL	13	DSP_CloseDevice
0x61c9b0	26	STT_FUNC	STB_LOCAL	13	DSP_CaptureFromDevice
0x61c9d0	163	STT_FUNC	STB_LOCAL	13	DSP_FlushCapture
0x0	0	STT_FILE	STB_LOCAL	SHN_ABS	SDL_pulseaudio.c
0x61e9f0	12	STT_FUNC	STB_LOCAL	13	PULSEAUDIO_GetDeviceBuf
0x61ea00	236	STT_FUNC	STB_LOCAL	13	PULSEAUDIO_FlushCapture
0x9af240	8	STT_OBJECT	STB_LOCAL	25	PULSEAUDIO_pa_stream_drop
0x9af268	8	STT_OBJECT	STB_LOCAL	25	PULSEAUDIO_pa_stream_get_state
0x9af308	8	STT_OBJECT	STB_LOCAL	25	PULSEAUDIO_pa_mainloop_iterate
0x9af258	8	STT_OBJECT	STB_LOCAL	25	PULSEAUDIO_pa_stream_readable_size
0x9af248	8	STT_OBJECT	STB_LOCAL	25	PULSEAUDIO_pa_stream_peek
0x9af2a8	8	STT_OBJECT	STB_LOCAL	25	PULSEAUDIO_pa_context_get_state
0x61eaf0	380	STT_FUNC	STB_LOCAL	13	PULSEAUDIO_CaptureFromDevice
0x61ec70	124	STT_FUNC	STB_LOCAL	13	PULSEAUDIO_WaitDevice
0x9af260	8	STT_OBJECT	STB_LOCAL	25	PULSEAUDIO_pa_stream_writable_size
0x61ecf0	78	STT_FUNC	STB_LOCAL	13	PULSEAUDIO_PlayDevice
0x9af250	8	STT_OBJECT	STB_LOCAL	25	PULSEAUDIO_pa_stream_write
0x61ed40	86	STT_FUNC	STB_LOCAL	13	HotplugThread
0x61efc0	128	STT_FUNC	STB_LOCAL	13	HotplugCallback
0x9af218	8	STT_OBJECT	STB_LOCAL	25	hotplug_context
0x9af298	8	STT_OBJECT	STB_LOCAL	25	PULSEAUDIO_pa_context_set_subscribe_callback
0x9af2a0	8	STT_OBJECT	STB_LOCAL	25	PULSEAUDIO_pa_context_subscribe
0x9af2e0	8	STT_OBJECT	STB_LOCAL	25	PULSEAUDIO_pa_operation_unref
0x9af220	8	STT_OBJECT	STB_LOCAL	25	hotplug_mainloop
0x9af300	8	STT_OBJECT	STB_LOCAL	25	PULSEAUDIO_pa_mainloop_run
0x61eda0	446	STT_FUNC	STB_LOCAL	13	ConnectToPulseServer_Internal
0x9af318	8	STT_OBJECT	STB_LOCAL	25	PULSEAUDIO_pa_mainloop_new
0x9af310	8	STT_OBJECT	STB_LOCAL	25	PULSEAUDIO_pa_mainloop_get_api
0x9af2d8	8	STT_OBJECT	STB_LOCAL	25	PULSEAUDIO_pa_context_new
0x9af328	8	STT_OBJECT	STB_LOCAL	25	PULSEAUDIO_pa_get_library_version
0x9af2d0	8	STT_OBJECT	STB_LOCAL	25	PULSEAUDIO_pa_context_connect
0x61ef60	34	STT_FUNC	STB_LOCAL	13	SinkDeviceNameCallback
0x61ef90	34	STT_FUNC	STB_LOCAL	13	SourceDeviceNameCallback
0x61f070	34	STT_FUNC	STB_LOCAL	13	SinkInfoCallback
0x9af2b8	8	STT_OBJECT	STB_LOCAL	25	PULSEAUDIO_pa_context_get_sink_info_by_index
0x61f040	37	STT_FUNC	STB_LOCAL	13	SourceInfoCallback
0x9af2b0	8	STT_OBJECT	STB_LOCAL	25	PULSEAUDIO_pa_context_get_source_info_by_index
0x61f0a0	167	STT_FUNC	STB_LOCAL	13	PULSEAUDIO_Deinitialize
0x9af210	8	STT_OBJECT	STB_LOCAL	25	hotplug_thread
0x9af2f8	8	STT_OBJECT	STB_LOCAL	25	PULSEAUDIO_pa_mainloop_quit
0x9af290	8	STT_OBJECT	STB_LOCAL	25	PULSEAUDIO_pa_context_disconnect
0x9af288	8	STT_OBJECT	STB_LOCAL	25	PULSEAUDIO_pa_context_unref
0x9af2f0	8	STT_OBJECT	STB_LOCAL	25	PULSEAUDIO_pa_mainloop_free
0x9af228	8	STT_OBJECT	STB_LOCAL	25	pulseaudio_handle
0x61f150	169	STT_FUNC	STB_LOCAL	13	PULSEAUDIO_CloseDevice
0x9af238	8	STT_OBJECT	STB_LOCAL	25	PULSEAUDIO_pa_stream_disconnect
0x9af230	8	STT_OBJECT	STB_LOCAL	25	PULSEAUDIO_pa_stream_unref
0x61f200	1517	STT_FUNC	STB_LOCAL	13	PULSEAUDIO_Init
0x61f7f0	231	STT_FUNC	STB_LOCAL	13	PULSEAUDIO_DetectDevices
0x61f8e0	1088	STT_FUNC	STB_LOCAL	13	PULSEAUDIO_OpenDevice
0x9af2e8	8	STT_OBJECT	STB_LOCAL	25	PULSEAUDIO_pa_operation_get_state
0x9af2c8	8	STT_OBJECT	STB_LOCAL	25	PULSEAUDIO_pa_context_get_sink_info_list
0x9af2c0	8	STT_OBJECT	STB_LOCAL	25	PULSEAUDIO_pa_context_get_source_info_list
0x9af280	8	STT_OBJECT	STB_LOCAL	25	PULSEAUDIO_pa_stream_new
0x9af278	8	STT_OBJECT	STB_LOCAL	25	PULSEAUDIO_pa_stream_connect_playback
0x9af270	8	STT_OBJECT	STB_LOCAL	25	PULSEAUDIO_pa_stream_connect_record
0x9af320	8	STT_OBJECT	STB_LOCAL	25	PULSEAUDIO_pa_channel_map_init_auto
0x0	0	STT_FILE	STB_LOCAL	SHN_ABS	SDL_x11clipboard.c
0x0	0	STT_FILE	STB_LOCAL	SHN_ABS	SDL_x11dyn.c
0x620510	83	STT_FUNC	STB_LOCAL	13	X11_GetSym
0x8ce120	128	STT_OBJECT	STB_LOCAL	24	x11libs
0x620570	2532	STT_FUNC	STB_LOCAL	13	SDL_X11_UnloadSymbols.part.0
0x9afa10	4	STT_OBJECT	STB_LOCAL	25	x11_load_refcount
0x0	0	STT_FILE	STB_LOCAL	SHN_ABS	SDL_x11framebuffer.c
0x625af0	29	STT_FUNC	STB_LOCAL	13	shm_errhandler
0x9afa18	8	STT_OBJECT	STB_LOCAL	25	X_handler
0x9afa20	4	STT_OBJECT	STB_LOCAL	25	shm_error
0x0	0	STT_FILE	STB_LOCAL	SHN_ABS	SDL_x11keyboard.c
0x67e8a0	1696	STT_OBJECT	STB_LOCAL	15	KeySymToSDLScancode
0x8c6960	64	STT_OBJECT	STB_LOCAL	20	scancode_set
0x67f6c0	512	STT_OBJECT	STB_LOCAL	15	darwin_scancode_table
0x67f460	588	STT_OBJECT	STB_LOCAL	15	xfree86_scancode_table
0x67ef40	324	STT_OBJECT	STB_LOCAL	15	xvnc_scancode_table
0x67f0a0	956	STT_OBJECT	STB_LOCAL	15	xfree86_scancode_table2
0x0	0	STT_FILE	STB_LOCAL	SHN_ABS	SDL_x11modes.c
0x627260	80	STT_FUNC	STB_LOCAL	13	X11_XineramaFailed
0x9afa24	4	STT_OBJECT	STB_LOCAL	25	xinerama_triggered_error
0x6272b0	375	STT_FUNC	STB_LOCAL	13	get_visualinfo
0x0	0	STT_FILE	STB_LOCAL	SHN_ABS	SDL_x11mouse.c
0x629230	150	STT_FUNC	STB_LOCAL	13	X11_WarpMouseGlobal
0x6292d0	436	STT_FUNC	STB_LOCAL	13	X11_GetGlobalMouseState
0x629490	24	STT_FUNC	STB_LOCAL	13	X11_SetRelativeMouseMode
0x6294b0	56	STT_FUNC	STB_LOCAL	13	X11_FreeCursor
0x6294f0	387	STT_FUNC	STB_LOCAL	13	X11_ShowCursor
0x9afa28	8	STT_OBJECT	STB_LOCAL	25	x11_empty_cursor
0x629680	257	STT_FUNC	STB_LOCAL	13	X11_CreateSystemCursor
0x629790	1060	STT_FUNC	STB_LOCAL	13	X11_CreateCursor
0x629bc0	149	STT_FUNC	STB_LOCAL	13	X11_CaptureMouse
0x629c60	106	STT_FUNC	STB_LOCAL	13	X11_WarpMouse
0x0	0	STT_FILE	STB_LOCAL	SHN_ABS	SDL_x11opengl.c
0x629db0	207	STT_FUNC	STB_LOCAL	13	X11_GL_ErrorHandler
0x9afa34	4	STT_OBJECT	STB_LOCAL	25	errorCode
0x9afa38	4	STT_OBJECT	STB_LOCAL	25	errorBase
0x9afa40	8	STT_OBJECT	STB_LOCAL	25	errorHandlerOperation
0x9afa48	8	STT_OBJECT	STB_LOCAL	25	handler
0x9afa30	4	STT_OBJECT	STB_LOCAL	25	swapinterval
0x0	0	STT_FILE	STB_LOCAL	SHN_ABS	SDL_x11opengles.c
0x0	0	STT_FILE	STB_LOCAL	SHN_ABS	SDL_x11shape.c
0x0	0	STT_FILE	STB_LOCAL	SHN_ABS	SDL_x11touch.c
0x0	0	STT_FILE	STB_LOCAL	SHN_ABS	edid-parse.c
0x6808a0	32	STT_OBJECT	STB_LOCAL	15	bit_depth.8424
0x680880	24	STT_OBJECT	STB_LOCAL	15	interfaces.8425
0x680700	288	STT_OBJECT	STB_LOCAL	15	established.8447
0x680820	96	STT_OBJECT	STB_LOCAL	15	levels.8427
0x0	0	STT_FILE	STB_LOCAL	SHN_ABS	imKStoUCS.c
0x680900	26	STT_OBJECT	STB_LOCAL	15	keysym_to_unicode_20a0_20ac
0x681420	188	STT_OBJECT	STB_LOCAL	15	keysym_to_unicode_2a1_2fe
0x6814e0	190	STT_OBJECT	STB_LOCAL	15	keysym_to_unicode_1a1_1ff
0x681360	186	STT_OBJECT	STB_LOCAL	15	keysym_to_unicode_3a2_3fe
0x6812e0	126	STT_OBJECT	STB_LOCAL	15	keysym_to_unicode_4a1_4df
0x681200	222	STT_OBJECT	STB_LOCAL	15	keysym_to_unicode_590_5fe
0x681100	256	STT_OBJECT	STB_LOCAL	15	keysym_to_unicode_680_6ff
0x681040	178	STT_OBJECT	STB_LOCAL	15	keysym_to_unicode_7a1_7f9
0x680f80	182	STT_OBJECT	STB_LOCAL	15	keysym_to_unicode_8a4_8fe
0x680f40	52	STT_OBJECT	STB_LOCAL	15	keysym_to_unicode_9df_9f8
0x680e80	188	STT_OBJECT	STB_LOCAL	15	keysym_to_unicode_aa1_afe
0x680e40	56	STT_OBJECT	STB_LOCAL	15	keysym_to_unicode_cdf_cfa
0x680d80	178	STT_OBJECT	STB_LOCAL	15	keysym_to_unicode_da1_df9
0x680c00	188	STT_OBJECT	STB_LOCAL	15	keysym_to_unicode_12a1_12fe
0x680cc0	192	STT_OBJECT	STB_LOCAL	15	keysym_to_unicode_ea0_eff
0x680920	194	STT_OBJECT	STB_LOCAL	15	keysym_to_unicode_1e9f_1eff
0x680a00	174	STT_OBJECT	STB_LOCAL	15	keysym_to_unicode_16a0_16f6
0x680ac0	78	STT_OBJECT	STB_LOCAL	15	keysym_to_unicode_15d0_15f6
0x680b20	190	STT_OBJECT	STB_LOCAL	15	keysym_to_unicode_14a1_14ff
0x680bde	6	STT_OBJECT	STB_LOCAL	15	keysym_to_unicode_13bc_13be
0x0	0	STT_FILE	STB_LOCAL	SHN_ABS	SDL_ime.c
0x9afa50	4	STT_OBJECT	STB_LOCAL	25	inited.33700
0x9afa88	8	STT_OBJECT	STB_LOCAL	25	SDL_IME_Init_Real
0x9afa80	8	STT_OBJECT	STB_LOCAL	25	SDL_IME_Quit_Real
0x9afa78	8	STT_OBJECT	STB_LOCAL	25	SDL_IME_SetFocus_Real
0x9afa70	8	STT_OBJECT	STB_LOCAL	25	SDL_IME_Reset_Real
0x9afa68	8	STT_OBJECT	STB_LOCAL	25	SDL_IME_ProcessKeyEvent_Real
0x9afa60	8	STT_OBJECT	STB_LOCAL	25	SDL_IME_UpdateTextRect_Real
0x9afa58	8	STT_OBJECT	STB_LOCAL	25	SDL_IME_PumpEvents_Real
0x0	0	STT_FILE	STB_LOCAL	SHN_ABS	SDL_ibus.c
0x62ec90	570	STT_FUNC	STB_LOCAL	13	IBus_GetDBusAddressFilename
0x9afa90	8	STT_OBJECT	STB_LOCAL	25	ibus_addr_file
0x62eed0	225	STT_FUNC	STB_LOCAL	13	IBus_ReadAddressFromFile
0x62efc0	281	STT_FUNC	STB_LOCAL	13	IBus_GetVariantText.isra.0
0x9afab0	8	STT_OBJECT	STB_LOCAL	25	input_ctx_path
0x9afa98	8	STT_OBJECT	STB_LOCAL	25	ibus_conn
0x8ce1a4	4	STT_OBJECT	STB_LOCAL	24	inotify_fd
0x8ce1a0	4	STT_OBJECT	STB_LOCAL	24	inotify_wd
0x62f860	188	STT_FUNC	STB_LOCAL	13	IBus_SetCapabilities
0x9afaa0	16	STT_OBJECT	STB_LOCAL	25	ibus_cursor_rect
0x62f640	434	STT_FUNC	STB_LOCAL	13	IBus_CheckConnection.part.1
0x681700	34	STT_OBJECT	STB_LOCAL	15	IBUS_INPUT_INTERFACE
0x681770	21	STT_OBJECT	STB_LOCAL	15	IBUS_SERVICE
0x62f330	540	STT_FUNC	STB_LOCAL	13	IBus_SetupConnection
0x62fc40	478	STT_FUNC	STB_LOCAL	13	IBus_MessageHandler
0x681730	21	STT_OBJECT	STB_LOCAL	15	IBUS_INTERFACE
0x681750	22	STT_OBJECT	STB_LOCAL	15	IBUS_PATH
0x0	0	STT_FILE	STB_LOCAL	SHN_ABS	SDL_fcitx.c
0x62fe80	120	STT_FUNC	STB_LOCAL	13	Fcitx_SetCapabilities
0x62ff00	191	STT_FUNC	STB_LOCAL	13	GetAppName
0x9afac0	160	STT_OBJECT	STB_LOCAL	25	fcitx_client
0x630470	370	STT_FUNC	STB_LOCAL	13	DBus_MessageFilter
0x0	0	STT_FILE	STB_LOCAL	SHN_ABS	SDL_dataqueue.c
0x0	0	STT_FILE	STB_LOCAL	SHN_ABS	SDL_audiodev.c
0x630dc0	6	STT_FUNC	STB_LOCAL	13	test_stub
0x630dd0	636	STT_FUNC	STB_LOCAL	13	SDL_EnumUnixAudioDevices_Internal
0x9afb60	8	STT_OBJECT	STB_LOCAL	25	dummyhandle.38510
0x0	0	STT_FILE	STB_LOCAL	SHN_ABS	SDL_clipboardevents.c
0x0	0	STT_FILE	STB_LOCAL	SHN_ABS	SDL_dropevents.c
0x9afb68	4	STT_OBJECT	STB_LOCAL	25	app_is_dropping.24361
0x0	0	STT_FILE	STB_LOCAL	SHN_ABS	crtstuff.c
0x6c4bec	0	STT_OBJECT	STB_LOCAL	17	__FRAME_END__
0x0	0	STT_FILE	STB_LOCAL	SHN_ABS	
0x6818ec	0	STT_NOTYPE	STB_LOCAL	16	__GNU_EH_FRAME_HDR
0x8c8000	0	STT_OBJECT	STB_LOCAL	23	_GLOBAL_OFFSET_TABLE_
0x8c4e98	0	STT_NOTYPE	STB_LOCAL	18	__init_array_end
0x8c4e90	0	STT_NOTYPE	STB_LOCAL	18	__init_array_start
0x8c6a30	0	STT_OBJECT	STB_LOCAL	21	_DYNAMIC
0xb13220	544	STT_OBJECT	STB_GLOBAL	25	cart_menu_item
0x422930	51	STT_FUNC	STB_GLOBAL	13	luaK_checkstack
0x5c3b90	639	STT_FUNC	STB_GLOBAL	13	SDL_HasMMX_REAL
0x57e610	50	STT_FUNC	STB_GLOBAL	13	SDL_EnableScreenSaver_REAL
0x541400	6	STT_FUNC	STB_GLOBAL	13	SDL_CreateWindowFrom
0x9af5e8	8	STT_OBJECT	STB_GLOBAL	25	X11_XkbGetState
0x595430	1983	STT_FUNC	STB_GLOBAL	13	yuv420_rgba_sseu
0x54b2d0	127	STT_FUNC	STB_GLOBAL	13	SDL_RWFromFP_REAL
0x8c86e0	0	STT_NOTYPE	STB_WEAK	24	data_start
0x511ce0	43	STT_FUNC	STB_GLOBAL	13	codo_file_exists
0x540850	6	STT_FUNC	STB_GLOBAL	13	SDL_RenderSetClipRect
0x0	0	STT_FUNC	STB_GLOBAL	SHN_UNDEF	log10@@GLIBC_2.2.5
0x5b5630	7	STT_FUNC	STB_GLOBAL	13	SDL_AtomicSetPtr_REAL
0x470160	821	STT_FUNC	STB_GLOBAL	13	fill_ellipse_1
0x556310	298	STT_FUNC	STB_GLOBAL	13	SDL_RenderSetClipRect_REAL
0x549d90	7	STT_FUNC	STB_GLOBAL	13	SDL_GetNumTouchDevices_REAL
0x597a30	1943	STT_FUNC	STB_GLOBAL	13	yuv420_abgr_sse
0x4b57e0	27	STT_FUNC	STB_GLOBAL	13	boot_read_hex
0x4ce2b0	140	STT_FUNC	STB_GLOBAL	13	codo_apply_matrix
0x53ff70	6	STT_FUNC	STB_GLOBAL	13	SDL_ClearHints
0x5410a0	6	STT_FUNC	STB_GLOBAL	13	SDL_GetSurfaceBlendMode
0x5a0350	1974	STT_FUNC	STB_GLOBAL	13	yuvnv12_bgra_sse
0x8ce0a0	32	STT_OBJECT	STB_GLOBAL	24	DUMMYAUDIO_bootstrap
0x4a3d70	378	STT_FUNC	STB_GLOBAL	13	update_list_favourites
0x579010	125	STT_FUNC	STB_GLOBAL	13	SDL_GetDesktopDisplayMode_REAL
0x510cb0	1985	STT_FUNC	STB_GLOBAL	13	codo_set_screen_plat
0x477a40	296	STT_FUNC	STB_GLOBAL	13	update_punycode_encoding
0x9af354	4	STT_OBJECT	STB_GLOBAL	25	SDL_X11_HAVE_SHM
0x52f250	12	STT_FUNC	STB_GLOBAL	13	mz_zip_reader_get_num_files
0x457cc0	3496	STT_FUNC	STB_GLOBAL	13	vhand_ctextfield_pico8
0x540fc0	6	STT_FUNC	STB_GLOBAL	13	SDL_FreeSurface
0x418ec0	137	STT_FUNC	STB_GLOBAL	13	lua_setuservalue
0x5404f0	6	STT_FUNC	STB_GLOBAL	13	SDL_CondSignal
0x426260	172	STT_FUNC	STB_GLOBAL	13	luaH_setint
0x4b8e10	291	STT_FUNC	STB_GLOBAL	13	codo_clip
0x541230	6	STT_FUNC	STB_GLOBAL	13	SDL_GetPerformanceFrequency
0x4efa90	84	STT_FUNC	STB_GLOBAL	13	codo_malloc
0x54e6f0	27	STT_FUNC	STB_GLOBAL	13	SDL_GameControllerGetStringForButton_REAL
0x5406e0	6	STT_FUNC	STB_GLOBAL	13	SDL_GetRenderer
0x0	0	STT_FUNC	STB_GLOBAL	SHN_UNDEF	chmod@@GLIBC_2.2.5
0x4a7fd0	93	STT_FUNC	STB_GLOBAL	13	reload_favourites
0x47d560	5962	STT_FUNC	STB_GLOBAL	13	pico8_peek_4
0x9af4d0	8	STT_OBJECT	STB_GLOBAL	25	X11_XdbeGetVisualInfo
0x54f8e0	19	STT_FUNC	STB_GLOBAL	13	SDL_GameControllerName_REAL
0x418260	89	STT_FUNC	STB_GLOBAL	13	lua_getmetatable
0x5b2630	186	STT_FUNC	STB_GLOBAL	13	SDL_UDEV_Quit
0x5a9c60	304	STT_FUNC	STB_GLOBAL	13	X11_SetWindowResizable
0x4cfc80	1020	STT_FUNC	STB_GLOBAL	13	cactor_evaluate
0x5417e0	6	STT_FUNC	STB_GLOBAL	13	SDL_tan
0x53fd80	6	STT_FUNC	STB_GLOBAL	13	SDL_HapticIndex
0x53fc10	6	STT_FUNC	STB_GLOBAL	13	SDL_GameControllerOpen
0x52e930	978	STT_FUNC	STB_GLOBAL	13	mz_zip_add_mem_to_archive_file_in_place_v2
0x540f00	6	STT_FUNC	STB_GLOBAL	13	SDL_log
0x49de20	146	STT_FUNC	STB_GLOBAL	13	GifDrawBox
0x9af478	8	STT_OBJECT	STB_GLOBAL	25	X11_XIGetSelectedEvents
0x53fb50	6	STT_FUNC	STB_GLOBAL	13	SDL_AddEventWatch
0x414ca0	744	STT_FUNC	STB_GLOBAL	13	detect_external_changes
0x62bef0	41	STT_FUNC	STB_GLOBAL	13	X11_GLES_MakeCurrent
0x5adad0	18	STT_FUNC	STB_GLOBAL	13	SDL_SYS_JoystickDetect
0x53fa70	6	STT_FUNC	STB_GLOBAL	13	SDL_ClearError
0x4b8f40	193	STT_FUNC	STB_GLOBAL	13	codo_vline
0x49c170	1917	STT_FUNC	STB_GLOBAL	13	EGifSpew
0x57e5a0	66	STT_FUNC	STB_GLOBAL	13	SDL_GetFocusWindow
0x4eafa0	38	STT_FUNC	STB_GLOBAL	13	LodePNG_InfoRaw_init
0x53f8e0	6	STT_FUNC	STB_GLOBAL	13	SDL_ConvertAudio
0x6310e0	435	STT_FUNC	STB_GLOBAL	13	SDL_SendDropFile
0x4e5e60	5	STT_FUNC	STB_GLOBAL	13	LodePNG_chunk_length
0x496d50	566	STT_FUNC	STB_GLOBAL	13	decompress_mini
0x4be5d0	129	STT_FUNC	STB_GLOBAL	13	codo_gui_message
0x422c30	169	STT_FUNC	STB_GLOBAL	13	luaK_nil
0x53ffa0	6	STT_FUNC	STB_GLOBAL	13	SDL_JoystickOpen
0x946b44	4	STT_OBJECT	STB_GLOBAL	25	draw_code_frame
0x8c9220	80	STT_OBJECT	STB_GLOBAL	24	acceptable_log_file_extensions
0x5a9920	149	STT_FUNC	STB_GLOBAL	13	X11_SetWindowOpacity
0x52af20	448	STT_FUNC	STB_GLOBAL	13	mz_zip_writer_init_file
0x53fa10	6	STT_FUNC	STB_GLOBAL	13	SDL_HasSSE2
0x8ce674	4	STT_OBJECT	STB_GLOBAL	25	cpu_cycles_slice
0x541460	6	STT_FUNC	STB_GLOBAL	13	SDL_SetWindowIcon
0x5225a0	5	STT_FUNC	STB_GLOBAL	13	mz_free
0x56bf20	21	STT_FUNC	STB_GLOBAL	13	SDL_atoi_REAL
0x524840	10	STT_FUNC	STB_GLOBAL	13	tdefl_compressor_alloc
0x540a80	6	STT_FUNC	STB_GLOBAL	13	SDL_ReadBE32
0x52e5f0	10	STT_FUNC	STB_GLOBAL	13	mz_zip_writer_end
0x9af5a0	8	STT_OBJECT	STB_GLOBAL	25	X11_XDestroyIC
0x491eb0	380	STT_FUNC	STB_GLOBAL	13	restore_sfx
0x4248b0	313	STT_FUNC	STB_GLOBAL	13	luaV_arith
0x0	0	STT_FUNC	STB_GLOBAL	SHN_UNDEF	exp@@GLIBC_2.2.5
0x5afd20	87	STT_FUNC	STB_GLOBAL	13	SDL_SYS_HapticDestroyEffect
0x428d00	907	STT_FUNC	STB_GLOBAL	13	luaK_prefix
0x4ab410	3140	STT_FUNC	STB_GLOBAL	13	splore_keypress
0x4292f0	693	STT_FUNC	STB_GLOBAL	13	luaK_posfix
0x5151a0	65	STT_FUNC	STB_GLOBAL	13	codo_gui_add_ctext_field
0x56e7b0	102	STT_FUNC	STB_GLOBAL	13	SDL_GetClipboardText_REAL
0x5ae7b0	480	STT_FUNC	STB_GLOBAL	13	SDL_SYS_HapticInit
0x53fe30	6	STT_FUNC	STB_GLOBAL	13	SDL_HapticNewEffect
0x578680	348	STT_FUNC	STB_GLOBAL	13	SDL_AddBasicVideoDisplay
0x422850	12	STT_FUNC	STB_GLOBAL	13	luaX_syntaxerror
0x0	0	STT_FUNC	STB_GLOBAL	SHN_UNDEF	sem_wait@@GLIBC_2.2.5
0x5291c0	298	STT_FUNC	STB_GLOBAL	13	mz_zip_reader_extract_to_heap
0x53fd00	6	STT_FUNC	STB_GLOBAL	13	SDL_RecordGesture
0x473ea0	672	STT_FUNC	STB_GLOBAL	13	pico8_print_text
0x90eb00	4	STT_OBJECT	STB_GLOBAL	25	init_keyword_hash_table_inited
0x541b30	6	STT_FUNC	STB_GLOBAL	13	SDL_Vulkan_GetInstanceExtensions
0x5402a0	6	STT_FUNC	STB_GLOBAL	13	SDL_LogSetPriority
0x509d80	8	STT_FUNC	STB_GLOBAL	13	codo_get_fps
0x550030	5	STT_FUNC	STB_GLOBAL	13	SDL_NumJoysticks_REAL
0x6301f0	35	STT_FUNC	STB_GLOBAL	13	SDL_Fcitx_Quit
0x5402b0	6	STT_FUNC	STB_GLOBAL	13	SDL_LogGetPriority
0x9470a8	8	STT_OBJECT	STB_GLOBAL	25	test_bmp2
0x0	0	STT_FUNC	STB_GLOBAL	SHN_UNDEF	pthread_getspecific@@GLIBC_2.2.5
0x573090	237	STT_FUNC	STB_GLOBAL	13	SDL_UnionRect_REAL
0x417f20	119	STT_FUNC	STB_GLOBAL	13	lua_tointegerx
0x571d10	158	STT_FUNC	STB_GLOBAL	13	SDL_SetPixelFormatPalette_REAL
0x53faa0	6	STT_FUNC	STB_GLOBAL	13	SDL_PeepEvents
0x43d7f0	161	STT_FUNC	STB_GLOBAL	13	luaZ_read
0x551660	167	STT_FUNC	STB_GLOBAL	13	SDL_JoystickGetDeviceProduct_REAL
0x44be50	5	STT_FUNC	STB_GLOBAL	13	do_fill
0x4ceab0	52	STT_FUNC	STB_GLOBAL	13	codo_srand
0x56b4d0	5	STT_FUNC	STB_GLOBAL	13	SDL_sinf_REAL
0x551a00	101	STT_FUNC	STB_GLOBAL	13	SDL_JoystickGetGUID_REAL
0x469320	6301	STT_FUNC	STB_GLOBAL	13	add_c_functions
0x9aab44	4	STT_OBJECT	STB_GLOBAL	25	codo_sound_inited
0x5514a0	129	STT_FUNC	STB_GLOBAL	13	SDL_GetJoystickGUIDInfo
0x4efe70	47	STT_FUNC	STB_GLOBAL	13	cbuffer_add_data
0x5410c0	6	STT_FUNC	STB_GLOBAL	13	SDL_GetClipRect
0x0	0	STT_FUNC	STB_GLOBAL	SHN_UNDEF	pthread_cond_destroy@@GLIBC_2.3.2
0x432300	36	STT_FUNC	STB_GLOBAL	13	luaopen_table
0x541cd0	6	STT_FUNC	STB_GLOBAL	13	SDL_scalbnf
0x4cae30	2111	STT_FUNC	STB_GLOBAL	13	codo_config_save
0x0	0	STT_FUNC	STB_GLOBAL	SHN_UNDEF	__stpcpy_chk@@GLIBC_2.3.4
0x5586b0	60	STT_FUNC	STB_GLOBAL	13	SDL_RenderGetMetalCommandEncoder_REAL
0x4a1700	1078	STT_FUNC	STB_GLOBAL	13	do_import
0x540470	6	STT_FUNC	STB_GLOBAL	13	SDL_DestroySemaphore
0x540df0	6	STT_FUNC	STB_GLOBAL	13	SDL_strtoull
0x4bde50	31	STT_FUNC	STB_GLOBAL	13	codo_gui_init
0x4aece0	354	STT_FUNC	STB_GLOBAL	13	install_demo_carts
0x41caf0	95	STT_FUNC	STB_GLOBAL	13	luaG_aritherror
0x4253c0	105	STT_FUNC	STB_GLOBAL	13	lua_getfield
0x4c0a80	157	STT_FUNC	STB_GLOBAL	13	codo_fwrite_int8
0x4460f0	433	STT_FUNC	STB_GLOBAL	13	vhand_tool_button
0x49ed30	460	STT_FUNC	STB_GLOBAL	13	save_cdata
0x57fae0	320	STT_FUNC	STB_GLOBAL	13	SDL_CreateWindowFrom_REAL
0x408e10	1286	STT_FUNC	STB_GLOBAL	13	draw_tv_frame
0x4a3780	355	STT_FUNC	STB_GLOBAL	13	add_splore_item
0x417fa0	119	STT_FUNC	STB_GLOBAL	13	lua_tounsignedx
0x5410e0	6	STT_FUNC	STB_GLOBAL	13	SDL_ConvertSurfaceFormat
0x458c00	1916	STT_FUNC	STB_GLOBAL	13	set_code_tab
0x4c2290	28	STT_FUNC	STB_GLOBAL	13	codo_unroll_filename
0x4e2c40	7488	STT_FUNC	STB_GLOBAL	13	LodeFlate_inflate
0x9af5b8	8	STT_OBJECT	STB_GLOBAL	25	X11_XKeycodeToKeysym
0x540980	6	STT_FUNC	STB_GLOBAL	13	SDL_RenderCopyEx
0x541bd0	6	STT_FUNC	STB_GLOBAL	13	SDL_AudioStreamPut
0x4cddb0	369	STT_FUNC	STB_GLOBAL	13	cmodel_decorate
0x43db40	54	STT_FUNC	STB_GLOBAL	13	run_chain_confirm_pending
0x9af830	8	STT_OBJECT	STB_GLOBAL	25	X11_XLoadQueryFont
0x411310	50	STT_FUNC	STB_GLOBAL	13	hash_cart
0x0	0	STT_FUNC	STB_GLOBAL	SHN_UNDEF	atan2@@GLIBC_2.2.5
0x631080	93	STT_FUNC	STB_GLOBAL	13	SDL_SendClipboardUpdate
0x569c30	4138	STT_FUNC	STB_GLOBAL	13	SDLgfx_rotateSurface
0x418e40	72	STT_FUNC	STB_GLOBAL	13	luaF_getlocalname
0x9af7d8	8	STT_OBJECT	STB_GLOBAL	25	X11_XPending
0x4e76e0	187	STT_FUNC	STB_GLOBAL	13	LodePNG_IText_clear
0x9af35c	4	STT_OBJECT	STB_GLOBAL	25	SDL_X11_HAVE_BASEXLIB
0x4b8c60	272	STT_FUNC	STB_GLOBAL	13	codo_create_bitmap
0x5444d0	210	STT_FUNC	STB_GLOBAL	13	SDL_DelEventWatch_REAL
0x0	0	STT_FUNC	STB_GLOBAL	SHN_UNDEF	frexp@@GLIBC_2.2.5
0x522970	227	STT_FUNC	STB_GLOBAL	13	mz_inflateInit2
0x551bb0	148	STT_FUNC	STB_GLOBAL	13	SDL_JoystickGetProductVersion_REAL
0x4d1140	691	STT_FUNC	STB_GLOBAL	13	codo_blit
0x54b880	69	STT_FUNC	STB_GLOBAL	13	SDL_WriteLE16_REAL
0x546640	521	STT_FUNC	STB_GLOBAL	13	SDL_SendKeyboardKey
0x574ba0	2664	STT_FUNC	STB_GLOBAL	13	SDL_SoftStretch_REAL
0x630950	421	STT_FUNC	STB_GLOBAL	13	SDL_WriteToDataQueue
0x56b120	76	STT_FUNC	STB_GLOBAL	13	SDL_realloc_REAL
0x42f9e0	175	STT_FUNC	STB_GLOBAL	13	luaB_rawset
0x5ae9a0	139	STT_FUNC	STB_GLOBAL	13	SDL_SYS_HapticName
0xada440	4	STT_OBJECT	STB_GLOBAL	25	num_blocks_large
0x9af918	8	STT_OBJECT	STB_GLOBAL	25	X11_XFree
0x4b91c0	1322	STT_FUNC	STB_GLOBAL	13	codo_rect
0x417df0	39	STT_FUNC	STB_GLOBAL	13	lua_isstring
0x4bc300	2	STT_FUNC	STB_GLOBAL	13	codo_draw_texture
0x41f440	285	STT_FUNC	STB_GLOBAL	13	lua_setmetatable
0x41ffb0	118	STT_FUNC	STB_GLOBAL	13	lua_pushstring
0x0	0	STT_FUNC	STB_GLOBAL	SHN_UNDEF	tanh@@GLIBC_2.2.5
0x0	0	STT_FUNC	STB_GLOBAL	SHN_UNDEF	strcoll@@GLIBC_2.2.5
0x4cf200	173	STT_FUNC	STB_GLOBAL	13	canim_delete_actor
0x52ab30	352	STT_FUNC	STB_GLOBAL	13	mz_zip_writer_init
0x47a800	18	STT_FUNC	STB_GLOBAL	13	pico8_memcpy_segment
0x540b80	6	STT_FUNC	STB_GLOBAL	13	SDL_realloc
0x4ec9f0	287	STT_FUNC	STB_GLOBAL	13	LodePNG_decode_file
0x9af380	8	STT_OBJECT	STB_GLOBAL	25	X11_XF86VidModeQueryVersion
0x4c0930	156	STT_FUNC	STB_GLOBAL	13	codo_fwrite_uint32
0x4bfc80	19	STT_FUNC	STB_GLOBAL	13	codo_get_keyboard_string_ex
0x9af708	8	STT_OBJECT	STB_GLOBAL	25	X11_XTranslateCoordinates
0x54c900	154	STT_FUNC	STB_GLOBAL	13	SDL_HapticSetAutocenter_REAL
0x62c210	5	STT_FUNC	STB_GLOBAL	13	X11_QuitTouch
0x8c9a24	4	STT_OBJECT	STB_GLOBAL	24	last_callback_t
0x9aebe8	8	STT_OBJECT	STB_GLOBAL	25	SDL_Convert_S16_to_F32
0x4cea90	32	STT_FUNC	STB_GLOBAL	13	codo_rand
0x596370	1919	STT_FUNC	STB_GLOBAL	13	yuv420_bgra_sseu
0x41cac0	39	STT_FUNC	STB_GLOBAL	13	luaG_concaterror
0x41a340	11	STT_FUNC	STB_GLOBAL	13	lua_cpu_prepare_for_resume
0x8c9914	4	STT_OBJECT	STB_GLOBAL	24	codo_font_spacing
0x540b70	6	STT_FUNC	STB_GLOBAL	13	SDL_calloc
0x49e340	15	STT_FUNC	STB_GLOBAL	13	_ClearHashTable
0x0	0	STT_FUNC	STB_GLOBAL	SHN_UNDEF	fseeko64@@GLIBC_2.2.5
0x4249f0	119	STT_FUNC	STB_GLOBAL	13	lua_arith
0x540830	6	STT_FUNC	STB_GLOBAL	13	SDL_RenderSetViewport
0x5725f0	49	STT_FUNC	STB_GLOBAL	13	SDL_AllocBlitMap
0x0	0	STT_FUNC	STB_GLOBAL	SHN_UNDEF	mktime@@GLIBC_2.2.5
0x4aea40	242	STT_FUNC	STB_GLOBAL	13	set_running_item_from_nfo
0x0	0	STT_FUNC	STB_GLOBAL	SHN_UNDEF	memset@@GLIBC_2.2.5
0x4c1c30	56	STT_FUNC	STB_GLOBAL	13	codo_fix_backslashes
0x9aab38	4	STT_OBJECT	STB_GLOBAL	25	fade0
0x0	0	STT_FUNC	STB_GLOBAL	SHN_UNDEF	ftell@@GLIBC_2.2.5
0x57e690	210	STT_FUNC	STB_GLOBAL	13	SDL_GL_LoadLibrary_REAL
0x4e5f10	11	STT_FUNC	STB_GLOBAL	13	LodePNG_chunk_safetocopy
0x421190	106	STT_FUNC	STB_GLOBAL	13	lua_rawgetp
0x541430	6	STT_FUNC	STB_GLOBAL	13	SDL_GetWindowFlags
0x540f20	6	STT_FUNC	STB_GLOBAL	13	SDL_scalbn
0x5411d0	6	STT_FUNC	STB_GLOBAL	13	SDL_DetachThread
0x56b760	80	STT_FUNC	STB_GLOBAL	13	SDL_strlcpy_REAL
0x541150	6	STT_FUNC	STB_GLOBAL	13	SDL_UpperBlitScaled
0x9afa00	8	STT_OBJECT	STB_GLOBAL	25	X11_XAllocWMHints
0x542f10	265	STT_FUNC	STB_GLOBAL	13	SDL_FlushEvent_REAL
0x4a2280	3118	STT_FUNC	STB_GLOBAL	13	draw_paused_controls_menu
0x631660	2	STT_FUNC	STB_GLOBAL	13	__libc_csu_fini
0x518660	8536	STT_FUNC	STB_GLOBAL	13	vhand_ctextfield
0x5a7b60	329	STT_FUNC	STB_GLOBAL	13	X11_SetNetWMState
0x4188e0	5	STT_FUNC	STB_GLOBAL	13	lua_gethookmask
0x4bdba0	11	STT_FUNC	STB_GLOBAL	13	codo_show_mouse
0x540d20	6	STT_FUNC	STB_GLOBAL	13	SDL_strrchr
0x947524	4	STT_OBJECT	STB_GLOBAL	25	print_max_x
0x9fcd60	1024	STT_OBJECT	STB_GLOBAL	25	gscf_buffer
0x59d320	2318	STT_FUNC	STB_GLOBAL	13	yuvnv12_rgb565_sseu
0x4c1ee0	195	STT_FUNC	STB_GLOBAL	13	codo_get_path_without_filename
0x8ce6c0	8	STT_OBJECT	STB_GLOBAL	25	L0
0x4e6be0	9	STT_FUNC	STB_GLOBAL	13	LodePNG_InfoColor_isAlphaType
0x47ecb0	2898	STT_FUNC	STB_GLOBAL	13	pico8_peek_2
0x540d40	6	STT_FUNC	STB_GLOBAL	13	SDL_itoa
0x9aac48	4	STT_OBJECT	STB_GLOBAL	25	button_validated_error_shown
0x573f40	22	STT_FUNC	STB_GLOBAL	13	SDL_IsShapedWindow_REAL
0x4efc80	228	STT_FUNC	STB_GLOBAL	13	codo_create_buffer
0x4a1ba0	71	STT_FUNC	STB_GLOBAL	13	keyconfig_close
0x61b700	478	STT_FUNC	STB_GLOBAL	13	SDL_EGL_SetSwapInterval
0x4eea70	172	STT_FUNC	STB_GLOBAL	13	LodePNG_encode_file
0x56e080	1711	STT_FUNC	STB_GLOBAL	13	SDL_SaveBMP_RW_REAL
0x528180	356	STT_FUNC	STB_GLOBAL	13	tinfl_decompress_mem_to_callback
0x5d90f0	32844	STT_FUNC	STB_GLOBAL	13	SDL_RLEBlit
0x50cb80	132	STT_FUNC	STB_GLOBAL	13	debug_metacon_state
0x9af940	8	STT_OBJECT	STB_GLOBAL	25	X11_XDrawString
0x53fbc0	6	STT_FUNC	STB_GLOBAL	13	SDL_GameControllerAddMapping
0x45a330	3420	STT_FUNC	STB_GLOBAL	13	save_gif
0x8c9900	4	STT_OBJECT	STB_GLOBAL	24	codo_system_active
0x540e00	6	STT_FUNC	STB_GLOBAL	13	SDL_strtod
0x53fc80	6	STT_FUNC	STB_GLOBAL	13	SDL_GameControllerGetStringForAxis
0x510130	495	STT_FUNC	STB_GLOBAL	13	codo_get_mouse_deltas
0x5b53a0	185	STT_FUNC	STB_GLOBAL	13	SDL_LogError_REAL
0x9aab28	8	STT_OBJECT	STB_GLOBAL	25	codo_current_music
0x4baa20	1325	STT_FUNC	STB_GLOBAL	13	codo_line
0x5d87e0	202	STT_FUNC	STB_GLOBAL	13	SDL_DrawPoint
0x477b70	1838	STT_FUNC	STB_GLOBAL	13	pico8_poke
0x56c320	193	STT_FUNC	STB_GLOBAL	13	SDL_Generic_GetTLSData
0x4339b0	177	STT_FUNC	STB_GLOBAL	13	luaL_requiref
0x5ac760	34	STT_FUNC	STB_GLOBAL	13	SDL_DestroySemaphore_REAL
0x5ad9e0	218	STT_FUNC	STB_GLOBAL	13	SDL_SYS_JoystickInit
0x54bd50	19	STT_FUNC	STB_GLOBAL	13	SDL_MouseIsHaptic_REAL
0x54b7c0	74	STT_FUNC	STB_GLOBAL	13	SDL_ReadLE64_REAL
0x540ba0	6	STT_FUNC	STB_GLOBAL	13	SDL_getenv
0x49d740	21	STT_FUNC	STB_GLOBAL	13	GifFreeExtensions
0x541370	6	STT_FUNC	STB_GLOBAL	13	SDL_GetDisplayMode
0x626100	160	STT_FUNC	STB_GLOBAL	13	X11_KeyCodeToSym
0x5bf0c0	82	STT_FUNC	STB_GLOBAL	13	SDL_FreeAudioStream_REAL
0x4bcc40	267	STT_FUNC	STB_GLOBAL	13	cpod_get_free_item
0x41e2d0	395	STT_FUNC	STB_GLOBAL	13	luaC_freeallobjects
0x509d90	23	STT_FUNC	STB_GLOBAL	13	codo_set_window_size
0x4a2150	304	STT_FUNC	STB_GLOBAL	13	draw_controls_button
0x53f8f0	6	STT_FUNC	STB_GLOBAL	13	SDL_MixAudio
0x5b33b0	411	STT_FUNC	STB_GLOBAL	13	SDL_Quit_REAL
0x471f10	505	STT_FUNC	STB_GLOBAL	13	pico8_convert_bitmap
0x54e650	27	STT_FUNC	STB_GLOBAL	13	SDL_GameControllerGetStringForAxis_REAL
0x5515b0	172	STT_FUNC	STB_GLOBAL	13	SDL_JoystickGetDeviceVendor_REAL
0x53f8b0	6	STT_FUNC	STB_GLOBAL	13	SDL_FreeWAV
0x53fb00	6	STT_FUNC	STB_GLOBAL	13	SDL_WaitEvent
0x9af33c	4	STT_OBJECT	STB_GLOBAL	25	SDL_X11_HAVE_XRANDR
0x57b4f0	238	STT_FUNC	STB_GLOBAL	13	SDL_GetWindowBordersSize_REAL
0x4c0500	3	STT_FUNC	STB_GLOBAL	13	codo_fix_int32
0x47fe80	1582	STT_FUNC	STB_GLOBAL	13	vhand_sfx_chooser_tiny
0x4192c0	3	STT_FUNC	STB_GLOBAL	13	luaopen_io
0x5405f0	6	STT_FUNC	STB_GLOBAL	13	SDL_GetRGB
0x4b7120	7	STT_FUNC	STB_GLOBAL	13	codo_set_paused
0x417ca0	76	STT_FUNC	STB_GLOBAL	13	lua_insert
0x0	0	STT_FUNC	STB_GLOBAL	SHN_UNDEF	vsscanf@@GLIBC_2.2.5
0x405230	43	STT_FUNC	STB_GLOBAL	13	_start
0x56b650	5	STT_FUNC	STB_GLOBAL	13	SDL_memcmp_REAL
0x4c6970	10819	STT_FUNC	STB_GLOBAL	13	codo_load_pod_file
0x4e5e30	21	STT_FUNC	STB_GLOBAL	13	LodeZlib_CompressSettings_init
0x51ae70	50	STT_FUNC	STB_GLOBAL	13	codo_clear_undo_stack
0x0	0	STT_FUNC	STB_GLOBAL	SHN_UNDEF	scalbn@@GLIBC_2.2.5
0x54b530	254	STT_FUNC	STB_GLOBAL	13	SDL_LoadFile_RW_REAL
0x408680	894	STT_FUNC	STB_GLOBAL	13	blit_pico8_back_page_to_pico8_screen
0x5a2250	1966	STT_FUNC	STB_GLOBAL	13	yuvnv12_abgr_sse
0x56d1f0	195	STT_FUNC	STB_GLOBAL	13	SDL_TimerInit
0x5147d0	2105	STT_FUNC	STB_GLOBAL	13	codo_save_pico8_cart_to_file
0x52f420	61	STT_FUNC	STB_GLOBAL	13	codo_lowercase
0x0	0	STT_FUNC	STB_GLOBAL	SHN_UNDEF	wcslen@@GLIBC_2.2.5
0x53fe60	6	STT_FUNC	STB_GLOBAL	13	SDL_HapticStopEffect
0x541540	6	STT_FUNC	STB_GLOBAL	13	SDL_RaiseWindow
0x56d690	2529	STT_FUNC	STB_GLOBAL	13	SDL_LoadBMP_RW_REAL
0x575610	115	STT_FUNC	STB_GLOBAL	13	SDL_CalculatePitch
0x62c1f0	25	STT_FUNC	STB_GLOBAL	13	X11_InitTouch
0x9af678	8	STT_OBJECT	STB_GLOBAL	25	X11_XGetErrorText
0x510a60	590	STT_FUNC	STB_GLOBAL	13	codo_system_init
0x5409d0	6	STT_FUNC	STB_GLOBAL	13	SDL_GL_BindTexture
0x5289f0	90	STT_FUNC	STB_GLOBAL	13	mz_zip_reader_is_file_a_directory
0x9a9f50	16	STT_OBJECT	STB_GLOBAL	25	codo_clipdat
0x4525f0	231	STT_FUNC	STB_GLOBAL	13	snap_to_field
0x48e210	1733	STT_FUNC	STB_GLOBAL	13	player_key
0x0	0	STT_FUNC	STB_GLOBAL	SHN_UNDEF	__strncpy_chk@@GLIBC_2.3.4
0x5ae1f0	119	STT_FUNC	STB_GLOBAL	13	SDL_SYS_JoystickGetDeviceGUID
0x417b70	19	STT_FUNC	STB_GLOBAL	13	lua_atpanic
0x540930	6	STT_FUNC	STB_GLOBAL	13	SDL_RenderDrawRect
0x540ae0	6	STT_FUNC	STB_GLOBAL	13	SDL_WriteLE32
0x524040	2001	STT_FUNC	STB_GLOBAL	13	tdefl_write_image_to_png_file_in_memory_ex
0x59f350	2046	STT_FUNC	STB_GLOBAL	13	yuvnv12_rgba_sse
0x9afb80	1152	STT_OBJECT	STB_GLOBAL	25	paused_menu_item
0x490e20	2	STT_FUNC	STB_GLOBAL	13	backup_sfx
0x0	0	STT_FUNC	STB_GLOBAL	SHN_UNDEF	close@@GLIBC_2.2.5
0x62e740	664	STT_FUNC	STB_GLOBAL	13	X11_KeySymToUcs4
0x540f60	6	STT_FUNC	STB_GLOBAL	13	SDL_iconv_open
0x40db20	312	STT_FUNC	STB_GLOBAL	13	process_command
0x516dd0	133	STT_FUNC	STB_GLOBAL	13	get_line_cpos
0x554b20	8	STT_FUNC	STB_GLOBAL	13	SDL_GetRenderTarget_REAL
0x0	0	STT_FUNC	STB_GLOBAL	SHN_UNDEF	__longjmp_chk@@GLIBC_2.11
0x8ce200	4	STT_OBJECT	STB_GLOBAL	25	pause_button_held_frames
0x5408d0	6	STT_FUNC	STB_GLOBAL	13	SDL_GetRenderDrawBlendMode
0x57e310	2	STT_FUNC	STB_GLOBAL	13	SDL_OnWindowLeave
0x52efa0	22	STT_FUNC	STB_GLOBAL	13	mz_zip_clear_last_error
0x9af928	8	STT_OBJECT	STB_GLOBAL	25	X11_XFilterEvent
0x559380	2	STT_FUNC	STB_GLOBAL	13	SDL_SW_UnlockYUVTexture
0x558ae0	16	STT_FUNC	STB_GLOBAL	13	SDL_SW_QueryYUVTexturePixels
0x4b1f70	652	STT_FUNC	STB_GLOBAL	13	create_undo_bmp_state
0x4eebd0	33	STT_FUNC	STB_GLOBAL	13	LodePNG_EncodeSettings_init
0x5173a0	18	STT_FUNC	STB_GLOBAL	13	ctext_search_for_string
0x517960	771	STT_FUNC	STB_GLOBAL	13	start_of_block
0x506a40	18	STT_FUNC	STB_GLOBAL	13	codo_set_sound_volume
0x56b1d0	5	STT_FUNC	STB_GLOBAL	13	SDL_atan2_REAL
0x4c41a0	1902	STT_FUNC	STB_GLOBAL	13	codo_save_tga
0x572630	79	STT_FUNC	STB_GLOBAL	13	SDL_InvalidateMap
0x53fa80	6	STT_FUNC	STB_GLOBAL	13	SDL_Error
0x575a20	71	STT_FUNC	STB_GLOBAL	13	SDL_GetSurfaceBlendMode_REAL
0x5b2ac0	234	STT_FUNC	STB_GLOBAL	13	SDL_UDEV_Poll
0x9af4d8	8	STT_OBJECT	STB_GLOBAL	25	X11_XdbeEndIdiom
0x510060	174	STT_FUNC	STB_GLOBAL	13	codo_prefix_with_current_path
0x5bd470	67	STT_FUNC	STB_GLOBAL	13	SDL_ConvertAudio_REAL
0x541170	6	STT_FUNC	STB_GLOBAL	13	SDL_GetWindowWMInfo
0x4192f0	55	STT_FUNC	STB_GLOBAL	13	luaO_int2fb
0x541330	6	STT_FUNC	STB_GLOBAL	13	SDL_GetNumVideoDisplays
0x5b2f10	511	STT_FUNC	STB_GLOBAL	13	SDL_Init_REAL
0x423e50	220	STT_FUNC	STB_GLOBAL	13	lua_pushfstring
0x53fc40	6	STT_FUNC	STB_GLOBAL	13	SDL_GameControllerGetJoystick
0x8cd480	3048	STT_OBJECT	STB_GLOBAL	24	SDL_GeneratedBlitFuncTable
0x424b60	282	STT_FUNC	STB_GLOBAL	13	luaH_next
0x422d00	204	STT_FUNC	STB_GLOBAL	13	luaK_dischargevars
0x4e5f00	11	STT_FUNC	STB_GLOBAL	13	LodePNG_chunk_private
0x422dd0	15	STT_FUNC	STB_GLOBAL	13	luaK_codeABx
0x9af760	8	STT_OBJECT	STB_GLOBAL	25	X11_XSetTransientForHint
0x4536c0	139	STT_FUNC	STB_GLOBAL	13	show_text_entry_status
0x517d10	263	STT_FUNC	STB_GLOBAL	13	codo_backup_ctext_if_editing_newline
0x4e7ac0	141	STT_FUNC	STB_GLOBAL	13	LodePNG_InfoPng_init
0x53fcb0	6	STT_FUNC	STB_GLOBAL	13	SDL_GameControllerGetButtonFromString
0x541880	6	STT_FUNC	STB_GLOBAL	13	SDL_GetDisplayDPI
0x429f20	208	STT_FUNC	STB_GLOBAL	13	luaL_addvalue
0x52e600	807	STT_FUNC	STB_GLOBAL	13	mz_zip_add_mem_to_archive_file_in_place
0x528350	10	STT_FUNC	STB_GLOBAL	13	mz_zip_reader_end
0x554900	543	STT_FUNC	STB_GLOBAL	13	SDL_SetRenderTarget_REAL
0x540dc0	6	STT_FUNC	STB_GLOBAL	13	SDL_strtol
0x5981d0	1943	STT_FUNC	STB_GLOBAL	13	yuv420_abgr_sseu
0x0	0	STT_FUNC	STB_GLOBAL	SHN_UNDEF	utime@@GLIBC_2.2.5
0x0	0	STT_FUNC	STB_GLOBAL	SHN_UNDEF	ioctl@@GLIBC_2.2.5
0x541320	6	STT_FUNC	STB_GLOBAL	13	SDL_GetCurrentVideoDriver
0x41fd10	245	STT_FUNC	STB_GLOBAL	13	luaD_pcall
0x53fe70	6	STT_FUNC	STB_GLOBAL	13	SDL_HapticDestroyEffect
0x541d60	6	STT_FUNC	STB_GLOBAL	13	SDL_log10f
0x4b7ee0	976	STT_FUNC	STB_GLOBAL	13	codo_boxfill
0x0	0	STT_FUNC	STB_GLOBAL	SHN_UNDEF	shmdt@@GLIBC_2.2.5
0x4ab1f0	50	STT_FUNC	STB_GLOBAL	13	splore_cancel_text_entry
0x0	0	STT_FUNC	STB_GLOBAL	SHN_UNDEF	abort@@GLIBC_2.2.5
0x418f50	236	STT_FUNC	STB_GLOBAL	13	lua_setupvalue
0x4bd790	386	STT_FUNC	STB_GLOBAL	13	codo_create_mouse_bmp
0x8cd420	32	STT_OBJECT	STB_GLOBAL	24	X11_bootstrap
0x4bdbb0	14	STT_FUNC	STB_GLOBAL	13	codo_keypressed
0x4c1b90	153	STT_FUNC	STB_GLOBAL	13	codo_trim
0x5446e0	202	STT_FUNC	STB_GLOBAL	13	SDL_EventState_REAL
0x4c0f90	163	STT_FUNC	STB_GLOBAL	13	codo_fwrite_int16s
0x64c120	4	STT_OBJECT	STB_GLOBAL	15	LZ4_minLength
0x579400	698	STT_FUNC	STB_GLOBAL	13	SDL_GetWindowDisplayIndex_REAL
0x57d6a0	116	STT_FUNC	STB_GLOBAL	13	SDL_SetWindowGrab_REAL
0x5aa010	588	STT_FUNC	STB_GLOBAL	13	X11_SetWindowFullscreen
0x54ca70	76	STT_FUNC	STB_GLOBAL	13	SDL_HapticStopAll_REAL
0x4bbfb0	100	STT_FUNC	STB_GLOBAL	13	codo_find_colour
0x53fbf0	6	STT_FUNC	STB_GLOBAL	13	SDL_IsGameController
0x9af880	8	STT_OBJECT	STB_GLOBAL	25	X11_XIfEvent
0x40e730	202	STT_FUNC	STB_GLOBAL	13	update_periodic_backups
0x419380	302	STT_FUNC	STB_GLOBAL	13	luaO_arith
0x531060	384	STT_FUNC	STB_GLOBAL	13	update_channel_row
0x4fb400	1603	STT_FUNC	STB_GLOBAL	13	mix_osc_tick_old
0x0	0	STT_FUNC	STB_GLOBAL	SHN_UNDEF	pthread_setspecific@@GLIBC_2.2.5
0x515960	580	STT_FUNC	STB_GLOBAL	13	convert_glyphs_to_escaped
0x4b7070	34	STT_FUNC	STB_GLOBAL	13	codo_init
0x45c6b0	34	STT_FUNC	STB_GLOBAL	13	flush_activity_log_buffer
0x0	0	STT_FUNC	STB_GLOBAL	SHN_UNDEF	memchr@@GLIBC_2.2.5
0x0	0	STT_FUNC	STB_GLOBAL	SHN_UNDEF	stpcpy@@GLIBC_2.2.5
0x9af6d8	8	STT_OBJECT	STB_GLOBAL	25	X11_XUnloadFont
0x6271b0	115	STT_FUNC	STB_GLOBAL	13	X11_StopTextInput
0x4bd780	13	STT_FUNC	STB_GLOBAL	13	codo_set_mouse_focus
0x575af0	20	STT_FUNC	STB_GLOBAL	13	SDL_GetClipRect_REAL
0x56b210	5	STT_FUNC	STB_GLOBAL	13	SDL_asin_REAL
0x541070	10	STT_FUNC	STB_GLOBAL	13	SDL_SetSurfaceAlphaMod
0x4efaf0	148	STT_FUNC	STB_GLOBAL	13	codo_realloc
0x4bfc50	17	STT_FUNC	STB_GLOBAL	13	codo_set_text_spacing
0x9af488	8	STT_OBJECT	STB_GLOBAL	25	X11_XISelectEvents
0x9af558	8	STT_OBJECT	STB_GLOBAL	25	X11_XShmAttach
0x4a1360	921	STT_FUNC	STB_GLOBAL	13	do_export
0x45d170	861	STT_FUNC	STB_GLOBAL	13	base64_decode_block
0x48ff00	1205	STT_FUNC	STB_GLOBAL	13	pico8_preprocess
0x419230	57	STT_FUNC	STB_GLOBAL	13	luaC_barrierproto_
0x541b00	6	STT_FUNC	STB_GLOBAL	13	SDL_Vulkan_LoadLibrary
0x4cc2a0	504	STT_FUNC	STB_GLOBAL	13	cpoly_set_num_vertices
0x5408f0	6	STT_FUNC	STB_GLOBAL	13	SDL_RenderDrawPoint
0x8c86fc	4	STT_OBJECT	STB_GLOBAL	24	cpu_cycles_slice_max
0x5407c0	6	STT_FUNC	STB_GLOBAL	13	SDL_LockTexture
0x4b1ea0	69	STT_FUNC	STB_GLOBAL	13	write_bitmap
0x553d30	1064	STT_FUNC	STB_GLOBAL	13	SDL_UpdateTexture_REAL
0x57b740	222	STT_FUNC	STB_GLOBAL	13	SDL_SetWindowMaximumSize_REAL
0x41df10	269	STT_FUNC	STB_GLOBAL	13	luaF_close
0x9afa08	8	STT_OBJECT	STB_GLOBAL	25	X11_XAllocSizeHints
0x9aebf0	8	STT_OBJECT	STB_GLOBAL	25	SDL_Convert_U8_to_F32
0x546990	2	STT_FUNC	STB_GLOBAL	13	SDL_KeyboardQuit
0x5225b0	8	STT_FUNC	STB_GLOBAL	13	mz_version
0x541560	6	STT_FUNC	STB_GLOBAL	13	SDL_MinimizeWindow
0x547cf0	179	STT_FUNC	STB_GLOBAL	13	SDL_SetMouseFocus
0x0	0	STT_FUNC	STB_GLOBAL	SHN_UNDEF	tanf@@GLIBC_2.2.5
0x459ee0	145	STT_FUNC	STB_GLOBAL	13	map_getpixel
0x5b52e0	185	STT_FUNC	STB_GLOBAL	13	SDL_LogWarn_REAL
0x556760	68	STT_FUNC	STB_GLOBAL	13	SDL_RenderClear_REAL
0x49aa90	283	STT_FUNC	STB_GLOBAL	13	DGifGetScreenDesc
0x44e630	120	STT_FUNC	STB_GLOBAL	13	set_map_zoom
0x9aea28	4	STT_OBJECT	STB_GLOBAL	25	SRC_converter
0x541b70	6	STT_FUNC	STB_GLOBAL	13	SDL_UnlockJoysticks
0x548dd0	767	STT_FUNC	STB_GLOBAL	13	SDL_SendMouseWheel
0x5a4890	178	STT_FUNC	STB_GLOBAL	13	SDL_LoadFunction_REAL
0x5b3110	556	STT_FUNC	STB_GLOBAL	13	SDL_QuitSubSystem_REAL
0x53fd20	6	STT_FUNC	STB_GLOBAL	13	SDL_SaveDollarTemplate
0x422de0	77	STT_FUNC	STB_GLOBAL	13	luaK_codek
0x540da0	6	STT_FUNC	STB_GLOBAL	13	SDL_atoi
0x545450	128	STT_FUNC	STB_GLOBAL	13	SDL_GestureAddTouch
0x0	0	STT_FUNC	STB_GLOBAL	SHN_UNDEF	tan@@GLIBC_2.2.5
0x421ce0	419	STT_FUNC	STB_GLOBAL	13	lua_resume
0x442520	703	STT_FUNC	STB_GLOBAL	13	print_traceback
0x436450	72	STT_FUNC	STB_GLOBAL	13	luaB_tostring
0x54fad0	206	STT_FUNC	STB_GLOBAL	13	SDL_GameControllerGetBindForButton_REAL
0x53fa30	6	STT_FUNC	STB_GLOBAL	13	SDL_HasSSE41
0x5406b0	6	STT_FUNC	STB_GLOBAL	13	SDL_CreateWindowAndRenderer
0x48e910	312	STT_FUNC	STB_GLOBAL	13	block_buttons
0x496d40	5	STT_FUNC	STB_GLOBAL	13	compress_mini
0x450b60	4119	STT_FUNC	STB_GLOBAL	13	draw_code
0x5405a0	6	STT_FUNC	STB_GLOBAL	13	SDL_SetPaletteColors
0x8ce6b8	8	STT_OBJECT	STB_GLOBAL	25	L0_cart
0x511d10	181	STT_FUNC	STB_GLOBAL	13	codo_get_date
0x54b420	201	STT_FUNC	STB_GLOBAL	13	SDL_RWFromConstMem_REAL
0x5418e0	6	STT_FUNC	STB_GLOBAL	13	SDL_SetWindowOpacity
0x5a8310	2634	STT_FUNC	STB_GLOBAL	13	X11_CreateWindow
0x523fa0	150	STT_FUNC	STB_GLOBAL	13	tdefl_create_comp_flags_from_zip_params
0x53f760	6	STT_FUNC	STB_GLOBAL	13	SDL_AtomicCAS
0x53fde0	6	STT_FUNC	STB_GLOBAL	13	SDL_HapticNumEffects
0x44bff0	156	STT_FUNC	STB_GLOBAL	13	vhand_map_bg_col
0x4d20f0	956	STT_FUNC	STB_GLOBAL	13	evaluate_all_p
0x57c1d0	1371	STT_FUNC	STB_GLOBAL	13	SDL_SetWindowGammaRamp_REAL
0x424810	159	STT_FUNC	STB_GLOBAL	13	lua_compare
0x4efa30	84	STT_FUNC	STB_GLOBAL	13	codo_calloc
0x495440	6300	STT_FUNC	STB_GLOBAL	13	pxa_decompress
0x5a9f40	64	STT_FUNC	STB_GLOBAL	13	X11_RaiseWindow
0x54ef40	201	STT_FUNC	STB_GLOBAL	13	SDL_GameControllerInit
0x52cfc0	61	STT_FUNC	STB_GLOBAL	13	mz_zip_writer_add_cfile
0x484d20	37358	STT_FUNC	STB_GLOBAL	13	print_help_topic
0x418180	25	STT_FUNC	STB_GLOBAL	13	lua_pushunsigned
0x540c90	6	STT_FUNC	STB_GLOBAL	13	SDL_strlen
0x0	0	STT_FUNC	STB_GLOBAL	SHN_UNDEF	ldexp@@GLIBC_2.2.5
0x53f990	6	STT_FUNC	STB_GLOBAL	13	SDL_HasClipboardText
0x541770	6	STT_FUNC	STB_GLOBAL	13	SDL_GL_ResetAttributes
0x5a9aa0	444	STT_FUNC	STB_GLOBAL	13	X11_SetWindowBordered
0x474140	199	STT_FUNC	STB_GLOBAL	13	draw_line_editor
0x4a0170	497	STT_FUNC	STB_GLOBAL	13	extract_parameters
0x9af4e0	8	STT_OBJECT	STB_GLOBAL	25	X11_XdbeBeginIdiom
0x52b560	11	STT_FUNC	STB_GLOBAL	13	mz_set_executable_bit_on_next_file
0x53ffb0	6	STT_FUNC	STB_GLOBAL	13	SDL_JoystickName
0x0	0	STT_FUNC	STB_GLOBAL	SHN_UNDEF	__fprintf_chk@@GLIBC_2.3.4
0x9af338	4	STT_OBJECT	STB_GLOBAL	25	SDL_X11_HAVE_XSS
0x53fb30	6	STT_FUNC	STB_GLOBAL	13	SDL_SetEventFilter
0x540780	6	STT_FUNC	STB_GLOBAL	13	SDL_SetTextureBlendMode
0x448070	398	STT_FUNC	STB_GLOBAL	13	vhand_sfx_pattern_mute
0x5d5b10	407	STT_FUNC	STB_GLOBAL	13	SDL_BlendLine
0x41d870	312	STT_FUNC	STB_GLOBAL	13	luaD_reallocstack
0x57c140	131	STT_FUNC	STB_GLOBAL	13	SDL_SetWindowInputFocus_REAL
0x56bf50	5	STT_FUNC	STB_GLOBAL	13	SDL_strtol_REAL
0x541a80	6	STT_FUNC	STB_GLOBAL	13	SDL_MemoryBarrierReleaseFunction
0x412570	1258	STT_FUNC	STB_GLOBAL	13	load_pico8_cart_lua
0x56ba40	5	STT_FUNC	STB_GLOBAL	13	SDL_strstr_REAL
0x4b9f90	730	STT_FUNC	STB_GLOBAL	13	codo_rectfill
0x8c9908	4	STT_OBJECT	STB_GLOBAL	24	mouse_visible
0x5abc90	413	STT_FUNC	STB_GLOBAL	13	SDL_DBus_CallMethod
0x5b2bb0	88	STT_FUNC	STB_GLOBAL	13	SDL_UDEV_AddCallback
0x4285b0	140	STT_FUNC	STB_GLOBAL	13	luaK_exp2nextreg
0x9af4f8	8	STT_OBJECT	STB_GLOBAL	25	X11_XdbeAllocateBackBufferName
0x511ab0	353	STT_FUNC	STB_GLOBAL	13	codo_find_next
0x56b570	12	STT_FUNC	STB_GLOBAL	13	SDL_abs_REAL
0x522cb0	972	STT_FUNC	STB_GLOBAL	13	tdefl_compress
0x43da10	21	STT_FUNC	STB_GLOBAL	13	reset_run_chain
0x550a90	99	STT_FUNC	STB_GLOBAL	13	SDL_PrivateJoystickAdded
0x45b170	480	STT_FUNC	STB_GLOBAL	13	record_stream
0x61c030	315	STT_FUNC	STB_GLOBAL	13	SDL_Vulkan_CreateInstanceExtensionsList
0x413a70	787	STT_FUNC	STB_GLOBAL	13	cstore_cart_partial
0x0	0	STT_FUNC	STB_GLOBAL	SHN_UNDEF	sem_destroy@@GLIBC_2.2.5
0x549fe0	236	STT_FUNC	STB_GLOBAL	13	SDL_AddTouch
0x506900	156	STT_FUNC	STB_GLOBAL	13	codo_stop_sound
0x5416f0	6	STT_FUNC	STB_GLOBAL	13	SDL_GL_GetCurrentContext
0x4ecd60	286	STT_FUNC	STB_GLOBAL	13	LodePNG_decode32_codo_file
0x41de70	151	STT_FUNC	STB_GLOBAL	13	luaF_freeproto
0x417bb0	35	STT_FUNC	STB_GLOBAL	13	lua_absindex
0x52efc0	22	STT_FUNC	STB_GLOBAL	13	mz_zip_get_last_error
0x5d7240	535	STT_FUNC	STB_GLOBAL	13	SDL_BlendPoints
0x553810	68	STT_FUNC	STB_GLOBAL	13	SDL_GetTextureAlphaMod_REAL
0x5401d0	6	STT_FUNC	STB_GLOBAL	13	SDL_GetScancodeFromName
0xb0ac80	34180	STT_OBJECT	STB_GLOBAL	25	param_list0
0x52d150	3765	STT_FUNC	STB_GLOBAL	13	mz_zip_writer_add_from_zip_reader
0x540350	6	STT_FUNC	STB_GLOBAL	13	SDL_GetRelativeMouseState
0x4bd2a0	1106	STT_FUNC	STB_GLOBAL	13	cpod_set_clear
0x41da80	40	STT_FUNC	STB_GLOBAL	13	luaE_extendCI
0x4538d0	13727	STT_FUNC	STB_GLOBAL	13	process_editor_keypresses
0x5c9dc0	605	STT_FUNC	STB_GLOBAL	13	SDL_BlendFillRects
0x56b230	82	STT_FUNC	STB_GLOBAL	13	SDL_ceil_REAL
0x8c93c0	64	STT_OBJECT	STB_GLOBAL	24	effect_name
0x4a3a40	221	STT_FUNC	STB_GLOBAL	13	get_bbs_cart_filename_ex
0x420ea0	293	STT_FUNC	STB_GLOBAL	13	luaV_equalobj_
0x4ba400	13	STT_FUNC	STB_GLOBAL	13	codo_restore_clip
0x41e020	140	STT_FUNC	STB_GLOBAL	13	luaE_freethread
0x4b0180	40	STT_FUNC	STB_GLOBAL	13	generate_zip_file
0x56c0a0	5	STT_FUNC	STB_GLOBAL	13	SDL_vsscanf_REAL
0x5ea3a0	140	STT_FUNC	STB_GLOBAL	13	SDL_CalculateBlit1
0x553340	203	STT_FUNC	STB_GLOBAL	13	SDL_CreateSoftwareRenderer_REAL
0x514690	309	STT_FUNC	STB_GLOBAL	13	codo_determine_cart_version
0x53ff90	6	STT_FUNC	STB_GLOBAL	13	SDL_JoystickNameForIndex
0x5585f0	122	STT_FUNC	STB_GLOBAL	13	SDL_GL_UnbindTexture_REAL
0x576560	58	STT_FUNC	STB_GLOBAL	13	SDL_LockSurface_REAL
0x9af650	8	STT_OBJECT	STB_GLOBAL	25	X11__XReadPad
0x418d10	130	STT_FUNC	STB_GLOBAL	13	luaD_poscall
0x511a80	33	STT_FUNC	STB_GLOBAL	13	codo_print_date
0x5405d0	20	STT_FUNC	STB_GLOBAL	13	SDL_MapRGBA
0x59a1d0	1291	STT_FUNC	STB_GLOBAL	13	yuv422_rgba_sse
0x0	0	STT_NOTYPE	STB_WEAK	SHN_UNDEF	__gmon_start__
0x571c70	156	STT_FUNC	STB_GLOBAL	13	SDL_AllocPalette_REAL
0x52f260	12	STT_FUNC	STB_GLOBAL	13	mz_zip_get_archive_size
0x56c1b0	29	STT_FUNC	STB_GLOBAL	13	SDL_TLSCreate_REAL
0x42e1c0	177	STT_FUNC	STB_GLOBAL	13	luaB_coresume
0x4c6280	324	STT_FUNC	STB_GLOBAL	13	codo_fprintf_1d
0x581590	106	STT_FUNC	STB_GLOBAL	13	SDL_OnApplicationWillResignActive
0x53fc30	6	STT_FUNC	STB_GLOBAL	13	SDL_GameControllerGetAttached
0x0	0	STT_FUNC	STB_GLOBAL	SHN_UNDEF	puts@@GLIBC_2.2.5
0x967ac0	4	STT_OBJECT	STB_GLOBAL	25	cart_menu_y1
0x540140	6	STT_FUNC	STB_GLOBAL	13	SDL_JoystickGetButton
0x9af960	8	STT_OBJECT	STB_GLOBAL	25	X11_XDestroyWindow
0x4b2200	811	STT_FUNC	STB_GLOBAL	13	restore_undo_bmp_state
0x511640	117	STT_FUNC	STB_GLOBAL	13	codo_set_window_icon
0x411430	320	STT_FUNC	STB_GLOBAL	13	save_pico8_cart_32k_ex
0x414770	140	STT_FUNC	STB_GLOBAL	13	pico8_prefix_with_cstore_path
0x482e30	579	STT_FUNC	STB_GLOBAL	13	vhand_effect_radio
0x50fed0	215	STT_FUNC	STB_GLOBAL	13	codo_joystick_init
0x5c3910	639	STT_FUNC	STB_GLOBAL	13	SDL_HasAltiVec_REAL
0x5aac80	202	STT_FUNC	STB_GLOBAL	13	X11_InitXinput2Multitouch
0x580c90	133	STT_FUNC	STB_GLOBAL	13	SDL_StartTextInput_REAL
0x0	0	STT_FUNC	STB_GLOBAL	SHN_UNDEF	_setjmp@@GLIBC_2.2.5
0x628fb0	149	STT_FUNC	STB_GLOBAL	13	X11_GetDisplayBounds
0x541290	6	STT_FUNC	STB_GLOBAL	13	SDL_GetNumTouchFingers
0x4e6e20	500	STT_FUNC	STB_GLOBAL	13	LodePNG_Text_copy
0xababa0	16384	STT_OBJECT	STB_GLOBAL	25	stream_f1
0x418b50	111	STT_FUNC	STB_GLOBAL	13	luaD_throw
0x9b0000	164	STT_OBJECT	STB_GLOBAL	25	pconfig
0x0	0	STT_FUNC	STB_GLOBAL	SHN_UNDEF	fseek@@GLIBC_2.2.5
0x4d0b80	1108	STT_FUNC	STB_GLOBAL	13	cmodel_calculate_bone_vertices
0x5b5690	16	STT_FUNC	STB_GLOBAL	13	SDL_AtomicTryLock_REAL
0x0	0	STT_FUNC	STB_GLOBAL	SHN_UNDEF	pthread_cond_signal@@GLIBC_2.3.2
0x515010	73	STT_FUNC	STB_GLOBAL	13	codo_save_pico8_cart
0x54c320	76	STT_FUNC	STB_GLOBAL	13	SDL_HapticNumAxes_REAL
0x541750	6	STT_FUNC	STB_GLOBAL	13	SDL_vsscanf
0x5ac210	338	STT_FUNC	STB_GLOBAL	13	SDL_DBus_QueryProperty
0x4ceb90	78	STT_FUNC	STB_GLOBAL	13	fcos
0x540990	6	STT_FUNC	STB_GLOBAL	13	SDL_RenderReadPixels
0x53ff00	6	STT_FUNC	STB_GLOBAL	13	SDL_HapticRumblePlay
0x540710	6	STT_FUNC	STB_GLOBAL	13	SDL_CreateTexture
0x541ba0	6	STT_FUNC	STB_GLOBAL	13	SDL_GetNumAllocations
0x5587e0	32	STT_FUNC	STB_GLOBAL	13	SDL_GetBlendModeSrcAlphaFactor
0x5405b0	6	STT_FUNC	STB_GLOBAL	13	SDL_FreePalette
0x57a2e0	307	STT_FUNC	STB_GLOBAL	13	SDL_SetWindowDisplayMode_REAL
0x5469c0	8	STT_FUNC	STB_GLOBAL	13	SDL_GetModState_REAL
0x9a9fc0	8	STT_OBJECT	STB_GLOBAL	25	codo_save_config_func
0x490e30	720	STT_FUNC	STB_GLOBAL	13	do_copy_sfx
0x9af720	8	STT_OBJECT	STB_GLOBAL	25	X11_XStringListToTextProperty
0x4cc6d0	66	STT_FUNC	STB_GLOBAL	13	codo_destroy_cpoly
0x4c04d0	8	STT_FUNC	STB_GLOBAL	13	codo_set_load_config_func
0x541200	6	STT_FUNC	STB_GLOBAL	13	SDL_TLSSet
0x43ea30	10	STT_FUNC	STB_GLOBAL	13	get_nth_line
0x509c20	7	STT_FUNC	STB_GLOBAL	13	codo_get_desktop_height
0x9af370	8	STT_OBJECT	STB_GLOBAL	25	X11_XF86VidModeLockModeSwitch
0x9aca6c	4	STT_OBJECT	STB_GLOBAL	25	mz_set_executable_bit
0x43e8c0	355	STT_FUNC	STB_GLOBAL	13	get_nth_line_ex
0x52b1b0	108	STT_FUNC	STB_GLOBAL	13	mz_zip_writer_init_cfile
0x511dd0	233	STT_FUNC	STB_GLOBAL	13	codo_directory_exists
0x9af818	8	STT_OBJECT	STB_GLOBAL	25	X11_XMapRaised
0x49a0f0	150	STT_FUNC	STB_GLOBAL	13	GifBitSize
0x9a9fa8	8	STT_OBJECT	STB_GLOBAL	25	codo_font2
0x558560	138	STT_FUNC	STB_GLOBAL	13	SDL_GL_BindTexture_REAL
0x0	0	STT_FUNC	STB_GLOBAL	SHN_UNDEF	__isoc99_sscanf@@GLIBC_2.7
0x8c9940	200	STT_OBJECT	STB_GLOBAL	24	illegal_name
0x541140	6	STT_FUNC	STB_GLOBAL	13	SDL_SoftStretch
0x551710	172	STT_FUNC	STB_GLOBAL	13	SDL_JoystickGetDeviceProductVersion_REAL
0x5002e0	12129	STT_FUNC	STB_GLOBAL	13	codo_mixer_callback_0
0x4921c0	764	STT_FUNC	STB_GLOBAL	13	get_selected_area
0x4b48c0	1995	STT_FUNC	STB_GLOBAL	13	write_to_serial_channel
0x57ccb0	391	STT_FUNC	STB_GLOBAL	13	SDL_SetWindowBrightness_REAL
0x40a090	149	STT_FUNC	STB_GLOBAL	13	store_command
0x5452c0	400	STT_FUNC	STB_GLOBAL	13	SDL_LoadDollarTemplates_REAL
0x979b2c	4	STT_OBJECT	STB_GLOBAL	25	serial_file_buffer2_len
0x422f30	61	STT_FUNC	STB_GLOBAL	13	luaK_patchlist
0x5b9c60	189	STT_FUNC	STB_GLOBAL	13	SDL_CloseAudio_REAL
0x9af8a0	8	STT_OBJECT	STB_GLOBAL	25	X11_XGetWindowAttributes
0x540630	6	STT_FUNC	STB_GLOBAL	13	SDL_GetPowerInfo
0x8c8804	4	STT_OBJECT	STB_GLOBAL	24	dual_op_marker_val
0x53fad0	6	STT_FUNC	STB_GLOBAL	13	SDL_FlushEvent
0x4d1fb0	15	STT_FUNC	STB_GLOBAL	13	fmul_i
0x550310	85	STT_FUNC	STB_GLOBAL	13	SDL_JoystickGetButton_REAL
0x4f0040	1099	STT_FUNC	STB_GLOBAL	13	SHA1ProcessMessageBlock
0x5410f0	6	STT_FUNC	STB_GLOBAL	13	SDL_ConvertPixels
0x4cdda0	8	STT_FUNC	STB_GLOBAL	13	cmodel_get_bone_dat_index
0x558af0	1360	STT_FUNC	STB_GLOBAL	13	SDL_SW_UpdateYUVTexture
0x0	0	STT_FUNC	STB_GLOBAL	SHN_UNDEF	exit@@GLIBC_2.2.5
0x9af970	8	STT_OBJECT	STB_GLOBAL	25	X11_XDefineCursor
0x5adb30	57	STT_FUNC	STB_GLOBAL	13	SDL_SYS_GetInstanceIdOfDeviceIndex
0x4ad6e0	158	STT_FUNC	STB_GLOBAL	13	update_list_y
0x5e4260	702	STT_FUNC	STB_GLOBAL	13	SDL_UnRLESurface
0xb1e320	512	STT_OBJECT	STB_GLOBAL	25	block_codokey
0x5e1140	12576	STT_FUNC	STB_GLOBAL	13	SDL_RLEAlphaBlit
0x41a2a0	157	STT_FUNC	STB_GLOBAL	13	luaV_tonumber
0x540c00	6	STT_FUNC	STB_GLOBAL	13	SDL_toupper
0x4e7330	932	STT_FUNC	STB_GLOBAL	13	LodePNG_IText_copy
0x5156f0	609	STT_FUNC	STB_GLOBAL	13	convert_glyphs_to_escaped_ex
0x506c50	1292	STT_FUNC	STB_GLOBAL	13	cmusic_stop
0x5afd90	166	STT_FUNC	STB_GLOBAL	13	SDL_SYS_HapticSetGain
0x4e7020	117	STT_FUNC	STB_GLOBAL	13	LodePNG_Text_clear
0x53f680	6	STT_FUNC	STB_GLOBAL	13	SDL_CreateThread
0x541cc0	6	STT_FUNC	STB_GLOBAL	13	SDL_powf
0x0	0	STT_FUNC	STB_GLOBAL	SHN_UNDEF	__assert_fail@@GLIBC_2.2.5
0x5225c0	673	STT_FUNC	STB_GLOBAL	13	mz_deflateInit
0x4b8c00	82	STT_FUNC	STB_GLOBAL	13	codo_clear_bitmap
0x540c80	6	STT_FUNC	STB_GLOBAL	13	SDL_wcslcat
0x4403d0	95	STT_FUNC	STB_GLOBAL	13	reset_rate_limits
0x4c3710	25	STT_FUNC	STB_GLOBAL	13	codo_load_image
0x0	0	STT_FUNC	STB_GLOBAL	SHN_UNDEF	__printf_chk@@GLIBC_2.3.4
0x540190	6	STT_FUNC	STB_GLOBAL	13	SDL_SetModState
0x407680	191	STT_FUNC	STB_GLOBAL	13	set_untitled_filename
0x52a9c0	368	STT_FUNC	STB_GLOBAL	13	mz_zip_writer_init_v2
0x9af988	8	STT_OBJECT	STB_GLOBAL	25	X11_XCreateGC
0x59bb10	1275	STT_FUNC	STB_GLOBAL	13	yuv422_argb_sseu
0x420760	221	STT_FUNC	STB_GLOBAL	13	luaD_hook
0x57b190	148	STT_FUNC	STB_GLOBAL	13	SDL_SetWindowBordered_REAL
0x8ce6a8	4	STT_OBJECT	STB_GLOBAL	25	cam_x0
0x445e70	419	STT_FUNC	STB_GLOBAL	13	vhand_cute_slider
0x54c230	76	STT_FUNC	STB_GLOBAL	13	SDL_HapticNumEffects_REAL
0x43ea40	7	STT_FUNC	STB_GLOBAL	13	get_nth_line_raw
0x4f0490	146	STT_FUNC	STB_GLOBAL	13	SHA1Input
0x40ba50	5772	STT_FUNC	STB_GLOBAL	13	process_immediate_mode_keypresses
0x40a1b0	2090	STT_FUNC	STB_GLOBAL	13	build_paused_menu
0x40d0e0	75	STT_FUNC	STB_GLOBAL	13	move_splash
0x638f04	4	STT_OBJECT	STB_GLOBAL	15	CHARS_PER_LINE
0x9af390	8	STT_OBJECT	STB_GLOBAL	25	X11_XF86VidModeGetViewPort
0x5a8140	461	STT_FUNC	STB_GLOBAL	13	X11_GetNetWMState
0x52f5a0	90	STT_FUNC	STB_GLOBAL	13	codo_destroy_xm
0x9af8b8	8	STT_OBJECT	STB_GLOBAL	25	X11_XGetPointerControl
0x551b10	152	STT_FUNC	STB_GLOBAL	13	SDL_JoystickGetProduct_REAL
0x5aefc0	92	STT_FUNC	STB_GLOBAL	13	SDL_SYS_HapticClose
0x4905c0	440	STT_FUNC	STB_GLOBAL	13	p8_fpow
0x4e5860	452	STT_FUNC	STB_GLOBAL	13	LodeZlib_decompress
0x425860	1580	STT_FUNC	STB_GLOBAL	13	luaH_newkey
0x49b2b0	907	STT_FUNC	STB_GLOBAL	13	DGifOpenFileName
0x540040	6	STT_FUNC	STB_GLOBAL	13	SDL_JoystickGetGUIDString
0x62bdc0	184	STT_FUNC	STB_GLOBAL	13	X11_GLES_GetVisual
0x4be6e0	87	STT_FUNC	STB_GLOBAL	13	codo_gui_cursor_element
0x5b1a90	192	STT_FUNC	STB_GLOBAL	13	SDL_GetPerformanceCounter_REAL
0x4ab100	178	STT_FUNC	STB_GLOBAL	13	initiate_search
0x52b0e0	198	STT_FUNC	STB_GLOBAL	13	mz_zip_writer_init_file_v2
0x418820	88	STT_FUNC	STB_GLOBAL	13	luaK_setoneret
0x56acc0	19	STT_FUNC	STB_GLOBAL	13	SDL_getenv_REAL
0x58f410	630	STT_FUNC	STB_GLOBAL	13	yuv422_bgra_std
0x45d4d0	352	STT_FUNC	STB_GLOBAL	13	update_window_title
0x0	0	STT_FUNC	STB_GLOBAL	SHN_UNDEF	strcasecmp@@GLIBC_2.2.5
0x540be0	6	STT_FUNC	STB_GLOBAL	13	SDL_isdigit
0x8ce080	32	STT_OBJECT	STB_GLOBAL	24	DISKAUDIO_bootstrap
0x41c780	103	STT_FUNC	STB_GLOBAL	13	luaG_errormsg
0x61a230	145	STT_FUNC	STB_GLOBAL	13	SDL_EGL_GetProcAddress
0x430c00	156	STT_FUNC	STB_GLOBAL	13	luaL_len
0xb1edc0	221184	STT_OBJECT	STB_GLOBAL	25	ms0
0x8c9640	64	STT_OBJECT	STB_GLOBAL	24	list_title
0x540400	6	STT_FUNC	STB_GLOBAL	13	SDL_ShowCursor
0x5411f0	6	STT_FUNC	STB_GLOBAL	13	SDL_TLSGet
0x54ffc0	103	STT_FUNC	STB_GLOBAL	13	SDL_JoystickInit
0x57a7b0	363	STT_FUNC	STB_GLOBAL	13	SDL_SetWindowData_REAL
0x9b00c0	1056	STT_OBJECT	STB_GLOBAL	25	pitem
0x53ff40	6	STT_FUNC	STB_GLOBAL	13	SDL_GetHint
0x56b360	94	STT_FUNC	STB_GLOBAL	13	SDL_floor_REAL
0x4069e0	19	STT_FUNC	STB_GLOBAL	13	get_embedded_cart_title
0x0	0	STT_FUNC	STB_GLOBAL	SHN_UNDEF	gettimeofday@@GLIBC_2.2.5
0x4aec80	2	STT_FUNC	STB_GLOBAL	13	gpio_open
0x522910	82	STT_FUNC	STB_GLOBAL	13	mz_compressBound
0x505a50	139	STT_FUNC	STB_GLOBAL	13	codo_pico8_song_is_playing
0x540f80	6	STT_FUNC	STB_GLOBAL	13	SDL_iconv
0x483150	116	STT_FUNC	STB_GLOBAL	13	switch_pattern
0x531360	35	STT_FUNC	STB_GLOBAL	13	codo_calculate_xm_length
0x4c6660	428	STT_FUNC	STB_GLOBAL	13	codo_fwrite_lz4
0xbd7320	72	STT_OBJECT	STB_GLOBAL	25	codo_screen_actual
0x411f10	10	STT_FUNC	STB_GLOBAL	13	save_pico8_cart_png_flattened
0x41a380	7	STT_FUNC	STB_GLOBAL	13	lua_add_cpu_cycles
0x61fef0	762	STT_FUNC	STB_GLOBAL	13	X11_GetClipboardText
0x631664	0	STT_FUNC	STB_GLOBAL	14	_fini
0x414c10	136	STT_FUNC	STB_GLOBAL	13	detect_unsaved_changes
0x5a9f90	65	STT_FUNC	STB_GLOBAL	13	X11_MinimizeWindow
0x512400	27	STT_FUNC	STB_GLOBAL	13	hexchar2int
0x4c0c70	158	STT_FUNC	STB_GLOBAL	13	codo_fwrite_int16
0x53fc00	6	STT_FUNC	STB_GLOBAL	13	SDL_GameControllerNameForIndex
0x480ed0	341	STT_FUNC	STB_GLOBAL	13	vhand_octave_chooser
0x4184a0	24	STT_FUNC	STB_GLOBAL	13	lua_getallocf
0x4b6950	13	STT_FUNC	STB_GLOBAL	13	codo_console_program
0x45b670	21	STT_FUNC	STB_GLOBAL	13	reset_video
0x58ce00	1489	STT_FUNC	STB_GLOBAL	13	yuv420_rgb24_std
0x4b8bd0	34	STT_FUNC	STB_GLOBAL	13	codo_clear_voxmap
0x457610	1304	STT_FUNC	STB_GLOBAL	13	calculate_tab_char_limits
0x4cdf80	15	STT_FUNC	STB_GLOBAL	13	codo_fmul
0x4eea50	22	STT_FUNC	STB_GLOBAL	13	LodePNG_encode32
0x9af750	8	STT_OBJECT	STB_GLOBAL	25	X11_XSetWindowBackground
0x54fba0	162	STT_FUNC	STB_GLOBAL	13	SDL_GameControllerClose_REAL
0x540cd0	6	STT_FUNC	STB_GLOBAL	13	SDL_strdup
0x53ff10	6	STT_FUNC	STB_GLOBAL	13	SDL_HapticRumbleStop
0x5b2d10	511	STT_FUNC	STB_GLOBAL	13	SDL_InitSubSystem_REAL
0x5092e0	35	STT_FUNC	STB_GLOBAL	13	codo_audio_end
0x588430	7	STT_FUNC	STB_GLOBAL	13	SDL_SetYUVConversionMode_REAL
0x540bd0	6	STT_FUNC	STB_GLOBAL	13	SDL_abs
0x4cf650	1584	STT_FUNC	STB_GLOBAL	13	canim_channel_evaluate_nonlinear
0xabeba0	8	STT_OBJECT	STB_GLOBAL	25	test_bmp_buf_rle
0x550170	85	STT_FUNC	STB_GLOBAL	13	SDL_JoystickGetAxis_REAL
0x528930	58	STT_FUNC	STB_GLOBAL	13	mz_zip_reader_is_file_encrypted
0x50cb60	2	STT_FUNC	STB_GLOBAL	13	codo_flip_screen_plat
0x506bd0	117	STT_FUNC	STB_GLOBAL	13	cmusic_load_from_file
0x52ed10	313	STT_FUNC	STB_GLOBAL	13	mz_zip_extract_archive_file_to_heap_v2
0x552fa0	913	STT_FUNC	STB_GLOBAL	13	SDL_CreateRenderer_REAL
0x491270	454	STT_FUNC	STB_GLOBAL	13	do_copy_patterns
0x553860	280	STT_FUNC	STB_GLOBAL	13	SDL_SetTextureBlendMode_REAL
0x9af698	8	STT_OBJECT	STB_GLOBAL	25	X11_XextFindDisplay
0x9af600	8	STT_OBJECT	STB_GLOBAL	25	X11_XFreeEventData
0x54b810	77	STT_FUNC	STB_GLOBAL	13	SDL_ReadBE64_REAL
0x541bb0	20	STT_FUNC	STB_GLOBAL	13	SDL_NewAudioStream
0x5451f0	193	STT_FUNC	STB_GLOBAL	13	SDL_SaveDollarTemplate_REAL
0x540b40	6	STT_FUNC	STB_GLOBAL	13	SDL_SetWindowShape
0x4be830	74	STT_FUNC	STB_GLOBAL	13	codo_gui_get_keyboard_focus
0x541ad0	6	STT_FUNC	STB_GLOBAL	13	SDL_wcscmp
0x50cc10	1729	STT_FUNC	STB_GLOBAL	13	repack_metacon
0x432260	147	STT_FUNC	STB_GLOBAL	13	luaopen_string
0x5acaf0	34	STT_FUNC	STB_GLOBAL	13	SDL_DestroyMutex_REAL
0x4d1ff0	130	STT_FUNC	STB_GLOBAL	13	codo_destroy_synth
0x5a96e0	228	STT_FUNC	STB_GLOBAL	13	X11_SetWindowMaximumSize
0x9aabf0	4	STT_OBJECT	STB_GLOBAL	25	desktop_w
0x552bd0	101	STT_FUNC	STB_GLOBAL	13	SDL_GetRenderDriverInfo_REAL
0x57b6e0	92	STT_FUNC	STB_GLOBAL	13	SDL_GetWindowMinimumSize_REAL
0x0	0	STT_FUNC	STB_GLOBAL	SHN_UNDEF	putchar@@GLIBC_2.2.5
0x4cd900	187	STT_FUNC	STB_GLOBAL	13	cmodel_delete_vertex
0x5b3d20	23	STT_FUNC	STB_GLOBAL	13	SDL_GetAssertionHandler_REAL
0x5acce0	70	STT_FUNC	STB_GLOBAL	13	SDL_CondBroadcast_REAL
0x967ad4	4	STT_OBJECT	STB_GLOBAL	25	splore_lists
0x8c9760	104	STT_OBJECT	STB_GLOBAL	24	demo_fn
0x426210	66	STT_FUNC	STB_GLOBAL	13	luaH_set
0x9aac58	8	STT_OBJECT	STB_GLOBAL	25	window_icon_bmp
0x56b960	64	STT_FUNC	STB_GLOBAL	13	SDL_strrev_REAL
0x43da90	43	STT_FUNC	STB_GLOBAL	13	get_run_chain_filename
0x57bb00	100	STT_FUNC	STB_GLOBAL	13	SDL_RestoreWindow_REAL
0x9af9e0	8	STT_OBJECT	STB_GLOBAL	25	X11_XChangePointerControl
0x4b01f0	21	STT_FUNC	STB_GLOBAL	13	save_extras
0x541910	6	STT_FUNC	STB_GLOBAL	13	SDL_SetWindowModalFor
0x5a61f0	381	STT_FUNC	STB_GLOBAL	13	X11_ShowMessageBox
0x53f710	6	STT_FUNC	STB_GLOBAL	13	SDL_GetAssertionReport
0x56be90	137	STT_FUNC	STB_GLOBAL	13	SDL_ulltoa_REAL
0x540dd0	6	STT_FUNC	STB_GLOBAL	13	SDL_strtoul
0x8ce6b0	8	STT_OBJECT	STB_GLOBAL	25	L0_command
0x411f20	161	STT_FUNC	STB_GLOBAL	13	load_pico8_cart_32k
0x549c80	174	STT_FUNC	STB_GLOBAL	13	SDL_QuitQuit
0x445d20	328	STT_FUNC	STB_GLOBAL	13	vhand_brush
0x4bc690	77	STT_FUNC	STB_GLOBAL	13	cpod_delete_item_soft
0x9af768	8	STT_OBJECT	STB_GLOBAL	25	X11_XSetSelectionOwner
0x4436c0	42	STT_FUNC	STB_GLOBAL	13	cycles_2_frame_capacity
0x57d800	1324	STT_FUNC	STB_GLOBAL	13	SDL_OnWindowHidden
0x597290	1943	STT_FUNC	STB_GLOBAL	13	yuv420_argb_sseu
0x44e7e0	8626	STT_FUNC	STB_GLOBAL	13	set_view
0x503340	196	STT_FUNC	STB_GLOBAL	13	codo_destroy_sound
0x4bca30	522	STT_FUNC	STB_GLOBAL	13	cpod_delete_item
0x540d60	6	STT_FUNC	STB_GLOBAL	13	SDL_ltoa
0x4f0720	632	STT_FUNC	STB_GLOBAL	13	codo_sha1
0x541110	6	STT_FUNC	STB_GLOBAL	13	SDL_FillRects
0x53fd50	6	STT_FUNC	STB_GLOBAL	13	SDL_HapticName
0x5412a0	6	STT_FUNC	STB_GLOBAL	13	SDL_GetTouchFinger
0x53f9f0	6	STT_FUNC	STB_GLOBAL	13	SDL_Has3DNow
0x4bde70	12	STT_FUNC	STB_GLOBAL	13	codo_gui_exit
0x546530	14	STT_FUNC	STB_GLOBAL	13	SDL_SetScancodeName
0x540f50	6	STT_FUNC	STB_GLOBAL	13	SDL_sqrt
0x412d60	5	STT_FUNC	STB_GLOBAL	13	save_backup_on_run
0x418050	43	STT_FUNC	STB_GLOBAL	13	lua_tocfunction
0x5423a0	186	STT_FUNC	STB_GLOBAL	13	SDL_LogWarn
0x4d0080	426	STT_FUNC	STB_GLOBAL	13	canim_channel_insert_state
0x4924c0	102	STT_FUNC	STB_GLOBAL	13	selection_active
0x540eb0	6	STT_FUNC	STB_GLOBAL	13	SDL_copysign
0x490bb0	48	STT_FUNC	STB_GLOBAL	13	pico8_shl
0x44bd30	136	STT_FUNC	STB_GLOBAL	13	backup_gfx
0x5567f0	372	STT_FUNC	STB_GLOBAL	13	SDL_RenderDrawPoints_REAL
0x540120	6	STT_FUNC	STB_GLOBAL	13	SDL_JoystickGetHat
0x4b3060	7	STT_FUNC	STB_GLOBAL	13	last_included_files
0x4ce4c0	938	STT_FUNC	STB_GLOBAL	13	codo_get_transformation_matrix
0x4187a0	114	STT_FUNC	STB_GLOBAL	13	luaK_patchclose
0x4181e0	40	STT_FUNC	STB_GLOBAL	13	lua_pushthread
0x556ea0	250	STT_FUNC	STB_GLOBAL	13	SDL_RenderFillRects_REAL
0x0	0	STT_FUNC	STB_GLOBAL	SHN_UNDEF	strpbrk@@GLIBC_2.2.5
0x541090	6	STT_FUNC	STB_GLOBAL	13	SDL_SetSurfaceBlendMode
0x57d7a0	90	STT_FUNC	STB_GLOBAL	13	SDL_OnWindowShown
0x419730	89	STT_FUNC	STB_GLOBAL	13	luaS_eqstr
0x9af410	8	STT_OBJECT	STB_GLOBAL	25	X11_XRRFreeScreenResources
0x0	0	STT_FUNC	STB_GLOBAL	SHN_UNDEF	sem_trywait@@GLIBC_2.2.5
0x41a3d0	7	STT_FUNC	STB_GLOBAL	13	distance
0x472780	30	STT_FUNC	STB_GLOBAL	13	get_active_print_tab_w
0x557720	191	STT_FUNC	STB_GLOBAL	13	SDL_DestroyTexture_REAL
0x541670	6	STT_FUNC	STB_GLOBAL	13	SDL_GL_GetProcAddress
0x8c9400	136	STT_OBJECT	STB_GLOBAL	24	hex_val
0x9af780	8	STT_OBJECT	STB_GLOBAL	25	X11_XSetForeground
0x9a9f70	4	STT_OBJECT	STB_GLOBAL	25	codokey_buffer_pos
0x540380	6	STT_FUNC	STB_GLOBAL	13	SDL_GetRelativeMouseMode
0x452bc0	2801	STT_FUNC	STB_GLOBAL	13	search_across_tabs
0x5f2b40	671	STT_FUNC	STB_GLOBAL	13	SDL_CalculateBlitA
0x9aea20	8	STT_OBJECT	STB_GLOBAL	25	SRC_src_new
0x52f230	22	STT_FUNC	STB_GLOBAL	13	mz_zip_get_central_dir_size
0x5408e0	6	STT_FUNC	STB_GLOBAL	13	SDL_RenderClear
0x490c40	120	STT_FUNC	STB_GLOBAL	13	create_dbmp
0x9af3c8	8	STT_OBJECT	STB_GLOBAL	25	X11_XRRGetOutputPrimary
0x5404c0	6	STT_FUNC	STB_GLOBAL	13	SDL_SemValue
0x499c50	375	STT_FUNC	STB_GLOBAL	13	EGifPutExtension
0x62c250	6663	STT_FUNC	STB_GLOBAL	13	decode_edid
0x599430	1739	STT_FUNC	STB_GLOBAL	13	yuv422_rgb24_sse
0x8c8720	208	STT_OBJECT	STB_GLOBAL	24	short_command
0x53fdb0	6	STT_FUNC	STB_GLOBAL	13	SDL_JoystickIsHaptic
0x4cd3c0	34	STT_FUNC	STB_GLOBAL	13	codo_destroy_material
0x5c54a0	72	STT_FUNC	STB_GLOBAL	13	SDL_GetSystemRAM_REAL
0x59fb50	2046	STT_FUNC	STB_GLOBAL	13	yuvnv12_rgba_sseu
0x50ffb0	174	STT_FUNC	STB_GLOBAL	13	codo_prefix_with_desktop_path
0x441170	2942	STT_FUNC	STB_GLOBAL	13	run_program
0x4d1a50	68	STT_FUNC	STB_GLOBAL	13	codo_load_stable
0x53f940	6	STT_FUNC	STB_GLOBAL	13	SDL_UnlockAudioDevice
0x5b4590	20	STT_FUNC	STB_GLOBAL	13	SDL_ClearError_REAL
0x48fcd0	543	STT_FUNC	STB_GLOBAL	13	button_pressed_nok
0x541490	6	STT_FUNC	STB_GLOBAL	13	SDL_SetWindowPosition
0x54b9c0	66	STT_FUNC	STB_GLOBAL	13	SDL_WriteLE64_REAL
0x425e90	449	STT_FUNC	STB_GLOBAL	13	luaV_settable
0x550b70	387	STT_FUNC	STB_GLOBAL	13	SDL_PrivateJoystickAxis
0x4b70a0	15	STT_FUNC	STB_GLOBAL	13	codo_set_argv0
0x507160	7	STT_FUNC	STB_GLOBAL	13	codo_set_music_volume
0x53fb90	6	STT_FUNC	STB_GLOBAL	13	SDL_RegisterEvents
0x54f280	269	STT_FUNC	STB_GLOBAL	13	SDL_ShouldIgnoreGameController
0x9a9ec0	4	STT_OBJECT	STB_GLOBAL	25	codo_last_mouse_y
0x9af6e0	8	STT_OBJECT	STB_GLOBAL	25	X11_XUninstallColormap
0x53fd40	6	STT_FUNC	STB_GLOBAL	13	SDL_NumHaptics
0x431470	81	STT_FUNC	STB_GLOBAL	13	luaL_checkstack
0x54e710	531	STT_FUNC	STB_GLOBAL	13	SDL_GameControllerAddMappingsFromRW_REAL
0x53f8c0	20	STT_FUNC	STB_GLOBAL	13	SDL_BuildAudioCVT
0x8ce6ac	4	STT_OBJECT	STB_GLOBAL	25	last_rate_limit_reset_t
0x405320	1874	STT_FUNC	STB_GLOBAL	13	pico8_load_config
0x541600	6	STT_FUNC	STB_GLOBAL	13	SDL_SetWindowGammaRamp
0x425570	584	STT_FUNC	STB_GLOBAL	13	luaH_resize
0x418900	68	STT_FUNC	STB_GLOBAL	13	lua_getstack
0x0	0	STT_FUNC	STB_GLOBAL	SHN_UNDEF	read@@GLIBC_2.2.5
0x5409f0	6	STT_FUNC	STB_GLOBAL	13	SDL_RWFromFile
0x540e10	6	STT_FUNC	STB_GLOBAL	13	SDL_strcmp
0x54fa00	206	STT_FUNC	STB_GLOBAL	13	SDL_GameControllerGetBindForAxis_REAL
0x414810	278	STT_FUNC	STB_GLOBAL	13	mount_embedded_cart
0x5a7390	68	STT_FUNC	STB_GLOBAL	13	X11_Vulkan_UnloadLibrary
0x4f8200	7	STT_FUNC	STB_GLOBAL	13	codo_unlock_audio
0x528f40	76	STT_FUNC	STB_GLOBAL	13	mz_zip_reader_locate_file
0x56b320	5	STT_FUNC	STB_GLOBAL	13	SDL_cos_REAL
0x9a9cc0	512	STT_OBJECT	STB_GLOBAL	25	codo_argv0
0x56b620	5	STT_FUNC	STB_GLOBAL	13	SDL_memset_REAL
0x0	0	STT_FUNC	STB_GLOBAL	SHN_UNDEF	strncmp@@GLIBC_2.2.5
0x512480	8636	STT_FUNC	STB_GLOBAL	13	codo_load_pico8_cart_from_file
0x53f850	6	STT_FUNC	STB_GLOBAL	13	SDL_OpenAudioDevice
0x5412b0	6	STT_FUNC	STB_GLOBAL	13	SDL_GetVersion
0x403b50	0	STT_FUNC	STB_GLOBAL	SHN_UNDEF	malloc@@GLIBC_2.2.5
0x0	0	STT_FUNC	STB_GLOBAL	SHN_UNDEF	fopen@@GLIBC_2.2.5
0x8c8700	4	STT_OBJECT	STB_GLOBAL	24	pico8_last_line_number
0x5b5610	15	STT_FUNC	STB_GLOBAL	13	SDL_AtomicCASPtr_REAL
0x8ce1f8	4	STT_OBJECT	STB_GLOBAL	25	total
0x52ad50	464	STT_FUNC	STB_GLOBAL	13	mz_zip_writer_init_heap
0x549a70	8	STT_FUNC	STB_GLOBAL	13	SDL_GetDefaultCursor_REAL
0x0	0	STT_FUNC	STB_GLOBAL	SHN_UNDEF	__libc_start_main@@GLIBC_2.2.5
0x4ceb20	25	STT_FUNC	STB_GLOBAL	13	codo_random_save
0x540870	6	STT_FUNC	STB_GLOBAL	13	SDL_RenderSetScale
0x424470	107	STT_FUNC	STB_GLOBAL	13	lua_concat
0x4e6970	271	STT_FUNC	STB_GLOBAL	13	LodePNG_create_chunk
0x4c3f20	134	STT_FUNC	STB_GLOBAL	13	codo_fopen
0x5170b0	204	STT_FUNC	STB_GLOBAL	13	ctext_search_for_bookmark
0x491440	757	STT_FUNC	STB_GLOBAL	13	do_paste_sfxes
0x4cce40	607	STT_FUNC	STB_GLOBAL	13	cmodel_new_vertex
0x419850	330	STT_FUNC	STB_GLOBAL	13	luaH_getn
0x9af6c8	8	STT_OBJECT	STB_GLOBAL	25	X11_XWindowEvent
0x5522f0	37	STT_FUNC	STB_GLOBAL	13	SDL_JoystickCurrentPowerLevel_REAL
0x58e030	1571	STT_FUNC	STB_GLOBAL	13	yuv420_argb_std
0x979b44	4	STT_OBJECT	STB_GLOBAL	25	serial_file_buffer_pos
0x56bfd0	5	STT_FUNC	STB_GLOBAL	13	SDL_strncasecmp_REAL
0x53fc20	6	STT_FUNC	STB_GLOBAL	13	SDL_GameControllerName
0x540490	6	STT_FUNC	STB_GLOBAL	13	SDL_SemTryWait
0x5ac6d0	11	STT_FUNC	STB_GLOBAL	13	SDL_SYS_WaitThread
0x53fdf0	6	STT_FUNC	STB_GLOBAL	13	SDL_HapticNumEffectsPlaying
0x53fcc0	6	STT_FUNC	STB_GLOBAL	13	SDL_GameControllerGetStringForButton
0x8c9320	100	STT_OBJECT	STB_GLOBAL	24	note_button
0x61a0a0	385	STT_FUNC	STB_GLOBAL	13	SDL_EGL_SetErrorEx
0x61b8e0	39	STT_FUNC	STB_GLOBAL	13	SDL_EGL_GetSwapInterval
0x433820	122	STT_FUNC	STB_GLOBAL	13	lua_callk
0x578670	8	STT_FUNC	STB_GLOBAL	13	SDL_GetVideoDevice
0x9aac08	8	STT_OBJECT	STB_GLOBAL	25	codo_palette
0x54ba10	69	STT_FUNC	STB_GLOBAL	13	SDL_WriteBE64_REAL
0x4e5e70	32	STT_FUNC	STB_GLOBAL	13	LodePNG_chunk_type
0x0	0	STT_FUNC	STB_GLOBAL	SHN_UNDEF	system@@GLIBC_2.2.5
0x5b5460	185	STT_FUNC	STB_GLOBAL	13	SDL_LogCritical_REAL
0x957618	4	STT_OBJECT	STB_GLOBAL	25	zxc0
0x5235d0	408	STT_FUNC	STB_GLOBAL	13	tdefl_init
0x5aae10	1536	STT_FUNC	STB_GLOBAL	13	SDL_DBus_Init
0x546240	241	STT_FUNC	STB_GLOBAL	13	SDL_UCS4ToUTF8
0x9af508	8	STT_OBJECT	STB_GLOBAL	25	X11_XcursorImageLoadCursor
0x4fe640	3046	STT_FUNC	STB_GLOBAL	13	mix_sfx_channel
0x54cee0	200	STT_FUNC	STB_GLOBAL	13	SDL_HapticRumbleStop_REAL
0x541210	6	STT_FUNC	STB_GLOBAL	13	SDL_GetTicks
0x57d270	1068	STT_FUNC	STB_GLOBAL	13	SDL_RecreateWindow
0x9af6e8	8	STT_OBJECT	STB_GLOBAL	25	X11_XUngrabServer
0x5b9e70	56	STT_FUNC	STB_GLOBAL	13	SDL_NextAudioFormat
0x9aac38	4	STT_OBJECT	STB_GLOBAL	25	sdl_fingerdown
0x5adaf0	58	STT_FUNC	STB_GLOBAL	13	SDL_SYS_JoystickNameForDeviceIndex
0x41ff80	40	STT_FUNC	STB_GLOBAL	13	luaS_new
0x45d160	11	STT_FUNC	STB_GLOBAL	13	base64_init_decodestate
0x9aebb8	8	STT_OBJECT	STB_GLOBAL	25	SDL_Convert_F32_to_U16
0x53f780	6	STT_FUNC	STB_GLOBAL	13	SDL_AtomicGet
0x5afd80	6	STT_FUNC	STB_GLOBAL	13	SDL_SYS_HapticGetEffectStatus
0x4155f0	56	STT_FUNC	STB_GLOBAL	13	prefix_with_file_output_path
0x4d4330	6005	STT_FUNC	STB_GLOBAL	13	evaluate_synth_node
0x46b540	1670	STT_FUNC	STB_GLOBAL	13	draw_circle
0x4a4390	1358	STT_FUNC	STB_GLOBAL	13	generate_cart_menu
0x517850	272	STT_FUNC	STB_GLOBAL	13	ctext_select_from_triple_click
0x5af090	1394	STT_FUNC	STB_GLOBAL	13	SDL_SYS_HapticNewEffect
0x5503d0	140	STT_FUNC	STB_GLOBAL	13	SDL_JoystickFromInstanceID_REAL
0x4987d0	289	STT_FUNC	STB_GLOBAL	13	DGifGetCode
0x4d1b20	180	STT_FUNC	STB_GLOBAL	13	codo_sts
0x5b3d10	8	STT_FUNC	STB_GLOBAL	13	SDL_GetDefaultAssertionHandler_REAL
0xb1e520	512	STT_OBJECT	STB_GLOBAL	25	last_codokey
0x473b90	640	STT_FUNC	STB_GLOBAL	13	reset_print_context
0x9af7c0	8	STT_OBJECT	STB_GLOBAL	25	X11_XQueryPointer
0x540cb0	6	STT_FUNC	STB_GLOBAL	13	SDL_utf8strlcpy
0x625a00	228	STT_FUNC	STB_GLOBAL	13	X11_SuspendScreenSaver
0x445b70	419	STT_FUNC	STB_GLOBAL	13	vhand_gfx_navigator_scroll_button
0xbd8840	16	STT_OBJECT	STB_GLOBAL	25	codo_timer_t0
0x573180	616	STT_FUNC	STB_GLOBAL	13	SDL_EnclosePoints_REAL
0x4ceb80	13	STT_FUNC	STB_GLOBAL	13	codo_random_set_seeds
0x540ff0	6	STT_FUNC	STB_GLOBAL	13	SDL_UnlockSurface
0x59abf0	1283	STT_FUNC	STB_GLOBAL	13	yuv422_bgra_sse
0x49ef00	41	STT_FUNC	STB_GLOBAL	13	is_legal_cdata_cart_label_char
0x4bfca0	35	STT_FUNC	STB_GLOBAL	13	codo_get_keyboard_string
0x630220	46	STT_FUNC	STB_GLOBAL	13	SDL_Fcitx_SetFocus
0x4a6dc0	87	STT_FUNC	STB_GLOBAL	13	check_bbs_file_ok
0x54f0b0	289	STT_FUNC	STB_GLOBAL	13	SDL_IsGameControllerNameAndGUID
0x4e6cd0	31	STT_FUNC	STB_GLOBAL	13	LodePNG_UnknownChunks_cleanup
0x9470d0	4	STT_OBJECT	STB_GLOBAL	25	saved_video
0x45b8d0	1011	STT_FUNC	STB_GLOBAL	13	convert_patterns_to_bbs_code
0x4bc020	732	STT_FUNC	STB_GLOBAL	13	codo_convert_bitmap
0x4cecd0	180	STT_FUNC	STB_GLOBAL	13	ftan2
0x41e860	695	STT_FUNC	STB_GLOBAL	13	luaC_fullgc
0x499340	230	STT_FUNC	STB_GLOBAL	13	EGifGetGifVersion
0x56b420	5	STT_FUNC	STB_GLOBAL	13	SDL_fmod_REAL
0x4b69d0	79	STT_FUNC	STB_GLOBAL	13	codo_handle_messages
0x52ff70	80	STT_FUNC	STB_GLOBAL	13	codo_load_xm
0x5ae060	133	STT_FUNC	STB_GLOBAL	13	SDL_SYS_JoystickUpdate
0x427a60	46	STT_FUNC	STB_GLOBAL	13	luaL_newstate
0x541690	6	STT_FUNC	STB_GLOBAL	13	SDL_GL_ExtensionSupported
0x5115e0	89	STT_FUNC	STB_GLOBAL	13	codo_is_app_active
0x4f7eb0	492	STT_FUNC	STB_GLOBAL	13	LZ4_slideInputBufferHC
0x50d870	8136	STT_FUNC	STB_GLOBAL	13	codo_handle_system_messages
0x9af510	8	STT_OBJECT	STB_GLOBAL	25	X11_XcursorImageDestroy
0x5b71a0	8	STT_FUNC	STB_GLOBAL	13	SDL_GetCurrentAudioDriver_REAL
0x9a9f78	8	STT_OBJECT	STB_GLOBAL	25	codo_gui
0x9af8b0	8	STT_OBJECT	STB_GLOBAL	25	X11_XGetSelectionOwner
0x9470c0	4	STT_OBJECT	STB_GLOBAL	25	vidy
0x5adb70	1233	STT_FUNC	STB_GLOBAL	13	SDL_SYS_JoystickOpen
0x9af9b0	8	STT_OBJECT	STB_GLOBAL	25	X11_XCreateBitmapFromData
0x5417c0	6	STT_FUNC	STB_GLOBAL	13	SDL_WarpMouseGlobal
0x540480	6	STT_FUNC	STB_GLOBAL	13	SDL_SemWait
0x53ffc0	51	STT_FUNC	STB_GLOBAL	13	SDL_JoystickGetDeviceGUID
0x53faf0	6	STT_FUNC	STB_GLOBAL	13	SDL_PollEvent
0x9af920	8	STT_OBJECT	STB_GLOBAL	25	X11_XFlush
0x4d14a0	264	STT_FUNC	STB_GLOBAL	13	codo_draw_sprite32
0x4d1c80	813	STT_FUNC	STB_GLOBAL	13	codo_load_stable_config
0x505e20	2777	STT_FUNC	STB_GLOBAL	13	codo_stop_pico8_song
0x509c90	63	STT_FUNC	STB_GLOBAL	13	codo_set_palette
0x540790	6	STT_FUNC	STB_GLOBAL	13	SDL_GetTextureBlendMode
0x51b4e0	8	STT_FUNC	STB_GLOBAL	13	miniz_def_free_func
0x5b9b60	38	STT_FUNC	STB_GLOBAL	13	SDL_UnlockAudio_REAL
0x48fc80	68	STT_FUNC	STB_GLOBAL	13	button_pressed
0x540130	6	STT_FUNC	STB_GLOBAL	13	SDL_JoystickGetBall
0x61bad0	82	STT_FUNC	STB_GLOBAL	13	SDL_EGL_DeleteContext
0x541b10	6	STT_FUNC	STB_GLOBAL	13	SDL_Vulkan_GetVkGetInstanceProcAddr
0x8c93a0	32	STT_OBJECT	STB_GLOBAL	24	note_vol_col
0x57bf80	186	STT_FUNC	STB_GLOBAL	13	SDL_SetWindowOpacity_REAL
0x41a1e0	144	STT_FUNC	STB_GLOBAL	13	luaT_gettmbyobj
0x556fa0	573	STT_FUNC	STB_GLOBAL	13	SDL_RenderCopy_REAL
0x0	0	STT_FUNC	STB_GLOBAL	SHN_UNDEF	_exit@@GLIBC_2.2.5
0x5af610	1494	STT_FUNC	STB_GLOBAL	13	SDL_SYS_HapticUpdateEffect
0x41d7e0	131	STT_FUNC	STB_GLOBAL	13	luaM_realloc_
0x4cd9c0	514	STT_FUNC	STB_GLOBAL	13	cmodel_calculate_vertex_normals
0x4cc120	376	STT_FUNC	STB_GLOBAL	13	cmodel_max_polygons
0x541250	6	STT_FUNC	STB_GLOBAL	13	SDL_AddTimer
0x543150	375	STT_FUNC	STB_GLOBAL	13	SDL_StartEventLoop
0x5414c0	6	STT_FUNC	STB_GLOBAL	13	SDL_GetWindowSize
0x5a0b10	1974	STT_FUNC	STB_GLOBAL	13	yuvnv12_bgra_sseu
0x4bcf30	707	STT_FUNC	STB_GLOBAL	13	cpod_clear
0x9af3b8	8	STT_OBJECT	STB_GLOBAL	25	X11_XScreenSaverQueryVersion
0x9af930	8	STT_OBJECT	STB_GLOBAL	25	X11_XFillRectangle
0x509c60	35	STT_FUNC	STB_GLOBAL	13	codo_get_window_height
0x546b50	710	STT_FUNC	STB_GLOBAL	13	SDL_GetKeyName_REAL
0xb54dc0	8192	STT_OBJECT	STB_GLOBAL	25	xmbuf
0x490490	118	STT_FUNC	STB_GLOBAL	13	p8_fdiv_experimental
0x5400b0	6	STT_FUNC	STB_GLOBAL	13	SDL_JoystickNumAxes
0x5acc60	34	STT_FUNC	STB_GLOBAL	13	SDL_DestroyCond_REAL
0x556570	68	STT_FUNC	STB_GLOBAL	13	SDL_RenderGetScale_REAL
0x49abb0	879	STT_FUNC	STB_GLOBAL	13	DGifOpenFileHandle
0x506a80	59	STT_FUNC	STB_GLOBAL	13	disable_music
0x53f6b0	6	STT_FUNC	STB_GLOBAL	13	SDL_InitSubSystem
0x57dd30	26	STT_FUNC	STB_GLOBAL	13	SDL_OnWindowResized
0x4a6f40	520	STT_FUNC	STB_GLOBAL	13	download_bbs_cart
0x540fe0	6	STT_FUNC	STB_GLOBAL	13	SDL_LockSurface
0x8c9208	4	STT_OBJECT	STB_GLOBAL	24	last_base64_mode
0x4cf390	82	STT_FUNC	STB_GLOBAL	13	canim_channel_index_for_t
0x5b4c00	161	STT_FUNC	STB_GLOBAL	13	SDL_DelHintCallback_REAL
0x9af440	8	STT_OBJECT	STB_GLOBAL	25	X11_XRRSetScreenConfigAndRate
0x4d1fc0	5	STT_FUNC	STB_GLOBAL	13	synth_codo_calloc
0x5b4fe0	192	STT_FUNC	STB_GLOBAL	13	SDL_Log_REAL
0x9aea2c	4	STT_OBJECT	STB_GLOBAL	25	SRC_available
0x61bb30	744	STT_FUNC	STB_GLOBAL	13	SDL_EGL_CreateSurface
0x54cac0	76	STT_FUNC	STB_GLOBAL	13	SDL_HapticRumbleSupported_REAL
0x429a40	326	STT_FUNC	STB_GLOBAL	13	pack
0x0	0	STT_FUNC	STB_GLOBAL	SHN_UNDEF	pthread_cond_timedwait@@GLIBC_2.3.2
0x5bd4c0	3126	STT_FUNC	STB_GLOBAL	13	SDL_BuildAudioCVT_REAL
0x62ec30	19	STT_FUNC	STB_GLOBAL	13	SDL_IME_ProcessKeyEvent
0x9aac00	8	STT_OBJECT	STB_GLOBAL	25	codo_black_palette
0x4cefb0	233	STT_FUNC	STB_GLOBAL	13	codo_clear_anim
0x540f10	6	STT_FUNC	STB_GLOBAL	13	SDL_pow
0x541590	6	STT_FUNC	STB_GLOBAL	13	SDL_GetWindowSurface
0x0	0	STT_FUNC	STB_GLOBAL	SHN_UNDEF	__memcpy_chk@@GLIBC_2.3.4
0x4812c0	549	STT_FUNC	STB_GLOBAL	13	vhand_sfx_volume
0x4a4020	323	STT_FUNC	STB_GLOBAL	13	create_label_from_file
0x56afd0	181	STT_FUNC	STB_GLOBAL	13	SDL_SetMemoryFunctions_REAL
0x580d20	32	STT_FUNC	STB_GLOBAL	13	SDL_IsTextInputActive_REAL
0x540ac0	9	STT_FUNC	STB_GLOBAL	13	SDL_WriteLE16
0x431d00	116	STT_FUNC	STB_GLOBAL	13	luaopen_math
0x5419a0	6	STT_FUNC	STB_GLOBAL	13	SDL_JoystickGetDeviceProduct
0x549a60	8	STT_FUNC	STB_GLOBAL	13	SDL_GetCursor_REAL
0x541a10	6	STT_FUNC	STB_GLOBAL	13	SDL_GameControllerGetProductVersion
0x5534a0	183	STT_FUNC	STB_GLOBAL	13	SDL_GetRendererOutputSize_REAL
0x53f770	6	STT_FUNC	STB_GLOBAL	13	SDL_AtomicSet
0x62b960	554	STT_FUNC	STB_GLOBAL	13	X11_GL_SetSwapInterval
0x4bf480	1037	STT_FUNC	STB_GLOBAL	13	codo_draw_text_ex
0x5acc10	74	STT_FUNC	STB_GLOBAL	13	SDL_CreateCond_REAL
0x499b00	206	STT_FUNC	STB_GLOBAL	13	EGifPutExtensionBlock
0x540db0	6	STT_FUNC	STB_GLOBAL	13	SDL_atof
0x4a3270	90	STT_FUNC	STB_GLOBAL	13	get_icon_for_item
0x420d50	138	STT_FUNC	STB_GLOBAL	13	luaD_call
0x979b40	4	STT_OBJECT	STB_GLOBAL	25	serial_file_buffer_len
0x9af3e8	8	STT_OBJECT	STB_GLOBAL	25	X11_XRRSetCrtcConfig
0x5517c0	503	STT_FUNC	STB_GLOBAL	13	SDL_JoystickGetDeviceType_REAL
0x492790	306	STT_FUNC	STB_GLOBAL	13	find_repeatable_block
0x0	0	STT_FUNC	STB_GLOBAL	SHN_UNDEF	cos@@GLIBC_2.2.5
0x540310	6	STT_FUNC	STB_GLOBAL	13	SDL_ShowMessageBox
0x440f60	34	STT_FUNC	STB_GLOBAL	13	spend_cpu_8MHz
0x4bd920	415	STT_FUNC	STB_GLOBAL	13	codo_mouse_init
0x0	0	STT_FUNC	STB_GLOBAL	SHN_UNDEF	gmtime@@GLIBC_2.2.5
0x540e60	6	STT_FUNC	STB_GLOBAL	13	SDL_acos
0x549240	26	STT_FUNC	STB_GLOBAL	13	SDL_WarpMouseGlobal_REAL
0x8ce0c0	32	STT_OBJECT	STB_GLOBAL	24	DSP_bootstrap
0x4be660	41	STT_FUNC	STB_GLOBAL	13	codo_gui_clear
0x9aac50	4	STT_OBJECT	STB_GLOBAL	25	attached_error_shown
0x9af728	8	STT_OBJECT	STB_GLOBAL	25	X11_XStoreName
0x9af938	8	STT_OBJECT	STB_GLOBAL	25	X11_XEventsQueued
0x541c70	6	STT_FUNC	STB_GLOBAL	13	SDL_ceilf
0x49c900	1368	STT_FUNC	STB_GLOBAL	13	GifUnionColorMap
0x9b04e0	164	STT_OBJECT	STB_GLOBAL	25	pconfig0
0x4b70b0	22	STT_FUNC	STB_GLOBAL	13	codo_reset_timer
0x534340	297	STT_FUNC	STB_GLOBAL	13	codo_mix_xm
0x8ccca0	96	STT_OBJECT	STB_GLOBAL	24	GLES2_RenderDriver
0x4e5f30	5	STT_FUNC	STB_GLOBAL	13	LodePNG_chunk_data_const
0x5445b0	300	STT_FUNC	STB_GLOBAL	13	SDL_FilterEvents_REAL
0x5411e0	6	STT_FUNC	STB_GLOBAL	13	SDL_TLSCreate
0x4257c0	100	STT_FUNC	STB_GLOBAL	13	lua_createtable
0x540580	6	STT_FUNC	STB_GLOBAL	13	SDL_AllocPalette
0x440360	102	STT_FUNC	STB_GLOBAL	13	dealias
0x56b490	5	STT_FUNC	STB_GLOBAL	13	SDL_powf_REAL
0x4d0a30	335	STT_FUNC	STB_GLOBAL	13	cmodel_evaluate_bone_vertices
0x580be0	167	STT_FUNC	STB_GLOBAL	13	SDL_GetWindowWMInfo_REAL
0x4b1d80	275	STT_FUNC	STB_GLOBAL	13	restore_undo_sfx64_state
0x8ce218	4	STT_OBJECT	STB_GLOBAL	25	downloading_bbs_cart
0x8ce67c	4	STT_OBJECT	STB_GLOBAL	25	call_stat_total
0x54f900	18	STT_FUNC	STB_GLOBAL	13	SDL_GameControllerGetVendor_REAL
0x55fe70	16	STT_FUNC	STB_GLOBAL	13	GL_SelectShader
0x57e9b0	213	STT_FUNC	STB_GLOBAL	13	SDL_GL_ResetAttributes_REAL
0x5076d0	1263	STT_FUNC	STB_GLOBAL	13	codo_update_music_fading
0x523ea0	245	STT_FUNC	STB_GLOBAL	13	tdefl_compress_mem_to_mem
0x541ab0	6	STT_FUNC	STB_GLOBAL	13	SDL_utf8strlen
0x4573c0	11	STT_FUNC	STB_GLOBAL	13	invalidate_capacity_cache
0x4d24b0	2535	STT_FUNC	STB_GLOBAL	13	apply_synth_filter_lphp
0x595bf0	1919	STT_FUNC	STB_GLOBAL	13	yuv420_bgra_sse
0x4573d0	573	STT_FUNC	STB_GLOBAL	13	calculate_dormant_tokens
0x506af0	93	STT_FUNC	STB_GLOBAL	13	codo_destroy_music
0x420220	111	STT_FUNC	STB_GLOBAL	13	luaT_init
0x5a9fe0	47	STT_FUNC	STB_GLOBAL	13	X11_RestoreWindow
0x4598e0	1388	STT_FUNC	STB_GLOBAL	13	move_map_sprites
0x540090	6	STT_FUNC	STB_GLOBAL	13	SDL_JoystickGetAttached
0x9470d8	8	STT_OBJECT	STB_GLOBAL	25	test_bmp
0x9af334	4	STT_OBJECT	STB_GLOBAL	25	SDL_X11_HAVE_XSHAPE
0x9470cc	4	STT_OBJECT	STB_GLOBAL	25	video_clip_index
0x57ad80	201	STT_FUNC	STB_GLOBAL	13	SDL_GetWindowData_REAL
0x4597e0	112	STT_FUNC	STB_GLOBAL	13	sync_shared_gfx_to_map
0x57dd50	1324	STT_FUNC	STB_GLOBAL	13	SDL_OnWindowMinimized
0x426060	151	STT_FUNC	STB_GLOBAL	13	lua_setglobal
0x52a4d0	485	STT_FUNC	STB_GLOBAL	13	mz_zip_validate_archive
0x5b3340	100	STT_FUNC	STB_GLOBAL	13	SDL_WasInit_REAL
0x48df60	70	STT_FUNC	STB_GLOBAL	13	get_repeat_delay_2
0x429a20	23	STT_FUNC	STB_GLOBAL	13	luaL_openlibs
0x5311e0	381	STT_FUNC	STB_GLOBAL	13	mix_channel
0x9af540	8	STT_OBJECT	STB_GLOBAL	25	X11_XShmCreateImage
0x50b210	2279	STT_FUNC	STB_GLOBAL	13	log_system_info
0x516160	1162	STT_FUNC	STB_GLOBAL	13	ctext_move_line
0x541700	6	STT_FUNC	STB_GLOBAL	13	SDL_GL_GetDrawableSize
0x541930	6	STT_FUNC	STB_GLOBAL	13	SDL_RenderGetIntegerScale
0x0	0	STT_FUNC	STB_GLOBAL	SHN_UNDEF	sysconf@@GLIBC_2.2.5
0x541740	6	STT_FUNC	STB_GLOBAL	13	SDL_GL_DeleteContext
0x4a3b20	213	STT_FUNC	STB_GLOBAL	13	get_bbs_cart_filename
0x541030	6	STT_FUNC	STB_GLOBAL	13	SDL_SetColorKey
0x498a10	359	STT_FUNC	STB_GLOBAL	13	DGifGetLZCodes
0x4afa70	132	STT_FUNC	STB_GLOBAL	13	save_binary_file
0x4cf2f0	50	STT_FUNC	STB_GLOBAL	13	codo_destroy_anim_channel
0x630c90	300	STT_FUNC	STB_GLOBAL	13	SDL_ReserveSpaceInDataQueue
0x53f890	6	STT_FUNC	STB_GLOBAL	13	SDL_PauseAudioDevice
0x8c91c0	72	STT_OBJECT	STB_GLOBAL	24	tool_info
0x4e77a0	796	STT_FUNC	STB_GLOBAL	13	LodePNG_IText_add
0x541100	6	STT_FUNC	STB_GLOBAL	13	SDL_FillRect
0x4b7af0	26	STT_FUNC	STB_GLOBAL	13	powf
0x541520	6	STT_FUNC	STB_GLOBAL	13	SDL_ShowWindow
0x5408c0	6	STT_FUNC	STB_GLOBAL	13	SDL_SetRenderDrawBlendMode
0x559040	642	STT_FUNC	STB_GLOBAL	13	SDL_SW_UpdateYUVTexturePlanar
0x627140	111	STT_FUNC	STB_GLOBAL	13	X11_StartTextInput
0x4aeca0	25	STT_FUNC	STB_GLOBAL	13	gpio_write
0x5414f0	6	STT_FUNC	STB_GLOBAL	13	SDL_SetWindowMaximumSize
0x4b8d70	51	STT_FUNC	STB_GLOBAL	13	codo_destroy_bitmap
0x0	0	STT_FUNC	STB_GLOBAL	SHN_UNDEF	getpid@@GLIBC_2.2.5
0x5e4520	4005	STT_FUNC	STB_GLOBAL	13	SDL_RLESurface
0x4197d0	33	STT_FUNC	STB_GLOBAL	13	luaH_getint
0x53f900	9	STT_FUNC	STB_GLOBAL	13	SDL_MixAudioFormat
0x541b60	6	STT_FUNC	STB_GLOBAL	13	SDL_LockJoysticks
0x9aac20	8	STT_OBJECT	STB_GLOBAL	25	download_thread
0x4509a0	444	STT_FUNC	STB_GLOBAL	13	ctext_state_changed
0x5417b0	6	STT_FUNC	STB_GLOBAL	13	SDL_RenderIsClipEnabled
0x57b5e0	254	STT_FUNC	STB_GLOBAL	13	SDL_SetWindowMinimumSize_REAL
0x540c20	6	STT_FUNC	STB_GLOBAL	13	SDL_memset
0x452460	400	STT_FUNC	STB_GLOBAL	13	switch_sprite
0x4c22c0	2768	STT_FUNC	STB_GLOBAL	13	codo_load_tga
0x9af710	8	STT_OBJECT	STB_GLOBAL	25	X11_XTextExtents
0x4a8030	819	STT_FUNC	STB_GLOBAL	13	get_string_from_rgb
0x6302a0	453	STT_FUNC	STB_GLOBAL	13	SDL_Fcitx_UpdateTextRect
0x428100	75	STT_FUNC	STB_GLOBAL	13	luaK_stringK
0x9af8d8	8	STT_OBJECT	STB_GLOBAL	25	X11_XGetAtomName
0x9af3e0	8	STT_OBJECT	STB_GLOBAL	25	X11_XRRListOutputProperties
0x546370	260	STT_FUNC	STB_GLOBAL	13	SDL_ResetKeyboard
0x411570	5	STT_FUNC	STB_GLOBAL	13	save_pico8_cart_32k
0x41f7b0	410	STT_FUNC	STB_GLOBAL	13	luaD_protectedparser
0x554bb0	416	STT_FUNC	STB_GLOBAL	13	SDL_RenderSetViewport_REAL
0x5413c0	6	STT_FUNC	STB_GLOBAL	13	SDL_SetWindowDisplayMode
0x5ac0b0	346	STT_FUNC	STB_GLOBAL	13	SDL_DBus_QueryPropertyOnConnection
0x429e70	41	STT_FUNC	STB_GLOBAL	13	luaL_buffinitsize
0x481030	646	STT_FUNC	STB_GLOBAL	13	vhand_volume_chooser
0x4d1400	147	STT_FUNC	STB_GLOBAL	13	codo_draw_sprite8
0x418140	22	STT_FUNC	STB_GLOBAL	13	lua_pushnumber
0x9af7a0	8	STT_OBJECT	STB_GLOBAL	25	X11_XResizeWindow
0x0	0	STT_FUNC	STB_GLOBAL	SHN_UNDEF	pthread_mutex_init@@GLIBC_2.2.5
0x498b80	745	STT_FUNC	STB_GLOBAL	13	EGifOpenFileName
0x406b60	2114	STT_FUNC	STB_GLOBAL	13	process_arguments
0x947520	4	STT_OBJECT	STB_GLOBAL	25	print_max_y
0x61aba0	1019	STT_FUNC	STB_GLOBAL	13	SDL_EGL_ChooseConfig
0x4155b0	63	STT_FUNC	STB_GLOBAL	13	resolve_to_host_filename
0x558830	26	STT_FUNC	STB_GLOBAL	13	SDL_GetBlendModeAlphaOperation
0x543020	297	STT_FUNC	STB_GLOBAL	13	SDL_FlushEvents_REAL
0x5ac3a0	259	STT_FUNC	STB_GLOBAL	13	SDL_DBus_ScreensaverInhibit
0x56b1c0	5	STT_FUNC	STB_GLOBAL	13	SDL_atanf_REAL
0xb18220	16	STT_OBJECT	STB_GLOBAL	25	stage_samples
0x427a90	192	STT_FUNC	STB_GLOBAL	13	luaX_newstring
0x540ee0	6	STT_FUNC	STB_GLOBAL	13	SDL_fabs
0x4f4410	215	STT_FUNC	STB_GLOBAL	13	LZ4_slideInputBuffer
0x4ba3c0	40	STT_FUNC	STB_GLOBAL	13	codo_set_clip
0x4bdac0	195	STT_FUNC	STB_GLOBAL	13	codo_draw_mouse_cursor
0x5b45b0	126	STT_FUNC	STB_GLOBAL	13	SDL_Error_REAL
0x4e6c00	62	STT_FUNC	STB_GLOBAL	13	LodePNG_InfoColor_hasPaletteAlpha
0x553740	203	STT_FUNC	STB_GLOBAL	13	SDL_SetTextureAlphaMod_REAL
0x408270	42	STT_FUNC	STB_GLOBAL	13	draw_command_string
0x4a7860	50	STT_FUNC	STB_GLOBAL	13	trim_trailing_space
0x5407d0	6	STT_FUNC	STB_GLOBAL	13	SDL_UnlockTexture
0x0	0	STT_FUNC	STB_GLOBAL	SHN_UNDEF	fgets@@GLIBC_2.2.5
0x467f10	82	STT_FUNC	STB_GLOBAL	13	escape_string
0x446e80	1311	STT_FUNC	STB_GLOBAL	13	vhand_radio
0x0	0	STT_FUNC	STB_GLOBAL	SHN_UNDEF	__vsnprintf_chk@@GLIBC_2.3.4
0x540100	6	STT_FUNC	STB_GLOBAL	13	SDL_JoystickEventState
0x544430	151	STT_FUNC	STB_GLOBAL	13	SDL_AddEventWatch_REAL
0x57c0a0	147	STT_FUNC	STB_GLOBAL	13	SDL_SetWindowModalFor_REAL
0x540fb0	6	STT_FUNC	STB_GLOBAL	13	SDL_CreateRGBSurfaceFrom
0x511fa0	89	STT_FUNC	STB_GLOBAL	13	codo_timer_end
0x9af548	8	STT_OBJECT	STB_GLOBAL	25	X11_XShmPutImage
0x541a70	6	STT_FUNC	STB_GLOBAL	13	SDL_JoystickGetType
0x541610	6	STT_FUNC	STB_GLOBAL	13	SDL_GetWindowGammaRamp
0x957540	4	STT_OBJECT	STB_GLOBAL	25	bitwise_font_inited
0x541410	6	STT_FUNC	STB_GLOBAL	13	SDL_GetWindowID
0x46ca00	1703	STT_FUNC	STB_GLOBAL	13	draw_oval
0x42f6f0	83	STT_FUNC	STB_GLOBAL	13	luaB_type
0x558800	41	STT_FUNC	STB_GLOBAL	13	SDL_GetBlendModeDstAlphaFactor
0x4cb670	207	STT_FUNC	STB_GLOBAL	13	codo_copy_file
0x9aac3c	4	STT_OBJECT	STB_GLOBAL	25	last_inactive_time
0x9af6f8	8	STT_OBJECT	STB_GLOBAL	25	X11_XUngrabKeyboard
0x470f00	1391	STT_FUNC	STB_GLOBAL	13	draw_rectfill
0x5a7450	480	STT_FUNC	STB_GLOBAL	13	X11_Vulkan_CreateSurface
0x509cd0	22	STT_FUNC	STB_GLOBAL	13	codo_register_frame_start_for_fps
0x4baf50	224	STT_FUNC	STB_GLOBAL	13	codo_blend32
0x426570	1426	STT_FUNC	STB_GLOBAL	13	lua_getinfo
0x56bf40	7	STT_FUNC	STB_GLOBAL	13	SDL_atof_REAL
0x9af7c8	8	STT_OBJECT	STB_GLOBAL	25	X11_XQueryKeymap
0x9af378	8	STT_OBJECT	STB_GLOBAL	25	X11_XF86VidModeSwitchToMode
0x4c1040	107	STT_FUNC	STB_GLOBAL	13	codo_fread_int16s
0x0	0	STT_FUNC	STB_GLOBAL	SHN_UNDEF	acosf@@GLIBC_2.2.5
0x5a2a00	1966	STT_FUNC	STB_GLOBAL	13	yuvnv12_abgr_sseu
0x5165f0	408	STT_FUNC	STB_GLOBAL	13	ctext_insert_text_ex
0x417d80	106	STT_FUNC	STB_GLOBAL	13	lua_isnumber
0x5503a0	36	STT_FUNC	STB_GLOBAL	13	SDL_JoystickInstanceID_REAL
0x540a50	6	STT_FUNC	STB_GLOBAL	13	SDL_ReadLE16
0x4ecf80	420	STT_FUNC	STB_GLOBAL	13	LodePNG_Decoder_cleanup
0x8c9600	64	STT_OBJECT	STB_GLOBAL	24	list_name
0x581600	10	STT_FUNC	STB_GLOBAL	13	SDL_OnApplicationDidEnterBackground
0x5a9d90	215	STT_FUNC	STB_GLOBAL	13	X11_ShowWindow
0x5032d0	111	STT_FUNC	STB_GLOBAL	13	codo_create_sound
0x9af588	8	STT_OBJECT	STB_GLOBAL	25	X11_XOpenIM
0x4396c0	18	STT_FUNC	STB_GLOBAL	13	luaX_lookahead
0x5411b0	6	STT_FUNC	STB_GLOBAL	13	SDL_SetThreadPriority
0x517e20	164	STT_FUNC	STB_GLOBAL	13	codo_backup_ctext
0x547be0	118	STT_FUNC	STB_GLOBAL	13	SDL_MouseInit
0x422ea0	129	STT_FUNC	STB_GLOBAL	13	luaK_setlist
0x573ec0	124	STT_FUNC	STB_GLOBAL	13	SDL_CreateShapedWindow_REAL
0x4c0dd0	153	STT_FUNC	STB_GLOBAL	13	codo_fwrite_float
0x5b2d00	11	STT_FUNC	STB_GLOBAL	13	SDL_SetMainReady_REAL
0x540f70	6	STT_FUNC	STB_GLOBAL	13	SDL_iconv_close
0x551e70	830	STT_FUNC	STB_GLOBAL	13	SDL_JoystickGetGUIDString_REAL
0x4194b0	36	STT_FUNC	STB_GLOBAL	13	luaO_hexavalue
0x42dc70	227	STT_FUNC	STB_GLOBAL	13	luaL_checkudata
0x53ff80	6	STT_FUNC	STB_GLOBAL	13	SDL_NumJoysticks
0x553980	68	STT_FUNC	STB_GLOBAL	13	SDL_GetTextureBlendMode_REAL
0x9af350	4	STT_OBJECT	STB_GLOBAL	25	SDL_X11_HAVE_IO_32BIT
0x405a80	1643	STT_FUNC	STB_GLOBAL	13	pico8_save_config
0x4e6a80	38	STT_FUNC	STB_GLOBAL	13	LodePNG_InfoColor_init
0x4a5510	6319	STT_FUNC	STB_GLOBAL	13	splore_draw
0x0	0	STT_FUNC	STB_GLOBAL	SHN_UNDEF	freopen64@@GLIBC_2.2.5
0x4d2080	102	STT_FUNC	STB_GLOBAL	13	codo_synth_clear_buffers
0x9af5f0	8	STT_OBJECT	STB_GLOBAL	25	X11_XkbKeycodeToKeysym
0x4b3f70	2222	STT_FUNC	STB_GLOBAL	13	mix_serial_sound_buffer
0x4133b0	18	STT_FUNC	STB_GLOBAL	13	prepare_loaded_cart
0x434cd0	387	STT_FUNC	STB_GLOBAL	13	lua_pcallk
0x5432d0	61	STT_FUNC	STB_GLOBAL	13	SDL_PumpEvents_REAL
0x9aab34	4	STT_OBJECT	STB_GLOBAL	25	fade1
0x5b9a70	84	STT_FUNC	STB_GLOBAL	13	SDL_PauseAudio_REAL
0x0	0	STT_FUNC	STB_GLOBAL	SHN_UNDEF	iconv_open@@GLIBC_2.2.5
0x440430	1087	STT_FUNC	STB_GLOBAL	13	suspend_program
0x5aa5b0	184	STT_FUNC	STB_GLOBAL	13	X11_DestroyWindow
0x9aab3c	4	STT_OBJECT	STB_GLOBAL	25	fade_len
0x5521b0	298	STT_FUNC	STB_GLOBAL	13	SDL_JoystickGetGUIDFromString_REAL
0x4526e0	1243	STT_FUNC	STB_GLOBAL	13	move_keyboard_cursor
0x447c80	998	STT_FUNC	STB_GLOBAL	13	vhand_channel_fx_slider
0x5afc90	142	STT_FUNC	STB_GLOBAL	13	SDL_SYS_HapticStopEffect
0x541a60	6	STT_FUNC	STB_GLOBAL	13	SDL_JoystickGetDeviceType
0x5a9370	571	STT_FUNC	STB_GLOBAL	13	X11_SetWindowIcon
0x8c9288	8	STT_OBJECT	STB_GLOBAL	24	false_str
0x540c40	6	STT_FUNC	STB_GLOBAL	13	SDL_memmove
0x4bf890	437	STT_FUNC	STB_GLOBAL	13	codo_draw_text
0x541570	6	STT_FUNC	STB_GLOBAL	13	SDL_RestoreWindow
0x53f910	6	STT_FUNC	STB_GLOBAL	13	SDL_LockAudio
0x541730	6	STT_FUNC	STB_GLOBAL	13	SDL_GL_SwapWindow
0x5b56d0	7	STT_FUNC	STB_GLOBAL	13	SDL_AtomicUnlock_REAL
0x490ab0	32	STT_FUNC	STB_GLOBAL	13	pico8_rand
0x418160	25	STT_FUNC	STB_GLOBAL	13	lua_pushinteger
0x62b030	81	STT_FUNC	STB_GLOBAL	13	X11_GL_UseEGL
0x53fe40	6	STT_FUNC	STB_GLOBAL	13	SDL_HapticUpdateEffect
0x4c5fc0	629	STT_FUNC	STB_GLOBAL	13	codo_fgets
0x0	0	STT_FUNC	STB_GLOBAL	SHN_UNDEF	atan2f@@GLIBC_2.2.5
0x5419c0	6	STT_FUNC	STB_GLOBAL	13	SDL_JoystickGetVendor
0x52b3d0	400	STT_FUNC	STB_GLOBAL	13	mz_zip_writer_init_from_reader
0x5413b0	6	STT_FUNC	STB_GLOBAL	13	SDL_GetWindowDisplayIndex
0x5586f0	94	STT_FUNC	STB_GLOBAL	13	SDL_ComposeCustomBlendMode_REAL
0x4d3e90	1181	STT_FUNC	STB_GLOBAL	13	apply_synth_filter
0x540e40	6	STT_FUNC	STB_GLOBAL	13	SDL_strncasecmp
0x9b05a0	212496	STT_OBJECT	STB_GLOBAL	25	app
0x5494a0	7	STT_FUNC	STB_GLOBAL	13	SDL_GetRelativeMouseMode_REAL
0x5076c0	8	STT_FUNC	STB_GLOBAL	13	codo_get_current_music
0x0	0	STT_FUNC	STB_GLOBAL	SHN_UNDEF	__strcat_chk@@GLIBC_2.3.4
0x540320	6	STT_FUNC	STB_GLOBAL	13	SDL_ShowSimpleMessageBox
0x426100	39	STT_FUNC	STB_GLOBAL	13	lua_settable
0x9af438	8	STT_OBJECT	STB_GLOBAL	25	X11_XRRFreeScreenConfigInfo
0x550140	37	STT_FUNC	STB_GLOBAL	13	SDL_JoystickNumButtons_REAL
0x5b71b0	359	STT_FUNC	STB_GLOBAL	13	SDL_GetNumAudioDevices_REAL
0x419680	19	STT_FUNC	STB_GLOBAL	13	get_pico8_line
0x53fcf0	6	STT_FUNC	STB_GLOBAL	13	SDL_GameControllerClose
0x8c9270	8	STT_OBJECT	STB_GLOBAL	24	unknown_str
0x540890	20	STT_FUNC	STB_GLOBAL	13	SDL_SetRenderDrawColor
0x415350	605	STT_FUNC	STB_GLOBAL	13	normalise_pico8_path
0x56c8e0	256	STT_FUNC	STB_GLOBAL	13	SDL_RunThread
0x9aea08	8	STT_OBJECT	STB_GLOBAL	25	SRC_src_delete
0x4a4170	542	STT_FUNC	STB_GLOBAL	13	create_label_from_cart_lid
0x4196e0	16	STT_FUNC	STB_GLOBAL	13	luaE_setdebt
0x4c5e70	213	STT_FUNC	STB_GLOBAL	13	codo_save_pod_set
0x4aace0	121	STT_FUNC	STB_GLOBAL	13	splore_toggle_favourite_ingame
0x53ff50	6	STT_FUNC	STB_GLOBAL	13	SDL_AddHintCallback
0x4c09d0	170	STT_FUNC	STB_GLOBAL	13	codo_fread_int8
0x4d3910	1401	STT_FUNC	STB_GLOBAL	13	apply_synth_filter_delay
0x5406a0	6	STT_FUNC	STB_GLOBAL	13	SDL_GetRenderDriverInfo
0x0	0	STT_FUNC	STB_GLOBAL	SHN_UNDEF	fmod@@GLIBC_2.2.5
0x4184d0	169	STT_FUNC	STB_GLOBAL	13	lua_getupvalue
0x541c30	6	STT_FUNC	STB_GLOBAL	13	SDL_acosf
0x424070	1010	STT_FUNC	STB_GLOBAL	13	luaL_loadfilex
0x431c70	36	STT_FUNC	STB_GLOBAL	13	luaopen_bit32
0x440f20	2	STT_FUNC	STB_GLOBAL	13	is_sandboxed_cart_file
0x523770	86	STT_FUNC	STB_GLOBAL	13	mz_deflateReset
0x540d90	6	STT_FUNC	STB_GLOBAL	13	SDL_ulltoa
0x56b4e0	49	STT_FUNC	STB_GLOBAL	13	SDL_sqrt_REAL
0x4ba270	303	STT_FUNC	STB_GLOBAL	13	codo_line_noclip
0x46dec0	1777	STT_FUNC	STB_GLOBAL	13	draw_tline
0x546480	17	STT_FUNC	STB_GLOBAL	13	SDL_GetDefaultKeymap
0x412470	243	STT_FUNC	STB_GLOBAL	13	load_pico8_cart_hex
0x628970	1197	STT_FUNC	STB_GLOBAL	13	X11_GetDisplayModes
0xb13440	4	STT_OBJECT	STB_GLOBAL	25	cart_menu_index
0x41fe10	154	STT_FUNC	STB_GLOBAL	13	luaS_newlstr
0x4bfc70	7	STT_FUNC	STB_GLOBAL	13	codo_get_text_spacing
0x578af0	291	STT_FUNC	STB_GLOBAL	13	SDL_GetDisplayUsableBounds_REAL
0x54c2d0	73	STT_FUNC	STB_GLOBAL	13	SDL_HapticQuery_REAL
0x4196f0	62	STT_FUNC	STB_GLOBAL	13	luaS_eqlngstr
0x50f8d0	163	STT_FUNC	STB_GLOBAL	13	codo_save_clipboard_to_file
0x448d00	181	STT_FUNC	STB_GLOBAL	13	vhand_current_sfx_index
0x5403e0	6	STT_FUNC	STB_GLOBAL	13	SDL_GetDefaultCursor
0x8c88a0	2272	STT_OBJECT	STB_GLOBAL	24	kana_dat
0x509ba0	14	STT_FUNC	STB_GLOBAL	13	codo_get_windowed
0x5497b0	150	STT_FUNC	STB_GLOBAL	13	SDL_SetCursor_REAL
0x417b00	103	STT_FUNC	STB_GLOBAL	13	lua_xmove
0x53fbb0	6	STT_FUNC	STB_GLOBAL	13	SDL_GetPrefPath
0x528310	5	STT_FUNC	STB_GLOBAL	13	tinfl_decompressor_free
0x8ce6a0	4	STT_OBJECT	STB_GLOBAL	25	last_slice_t
0x625800	507	STT_FUNC	STB_GLOBAL	13	X11_PumpEvents
0x414930	123	STT_FUNC	STB_GLOBAL	13	get_embedded_cart_filename_for_hash
0x57e440	349	STT_FUNC	STB_GLOBAL	13	SDL_OnWindowFocusLost
0x549a80	148	STT_FUNC	STB_GLOBAL	13	SDL_FreeCursor_REAL
0x9aac4c	4	STT_OBJECT	STB_GLOBAL	25	validated_error_shown
0x428b50	42	STT_FUNC	STB_GLOBAL	13	luaK_indexed
0x4bc3e0	266	STT_FUNC	STB_GLOBAL	13	codo_create_pod
0x4b5420	213	STT_FUNC	STB_GLOBAL	13	serial_init_runtime
0x631680	4	STT_OBJECT	STB_GLOBAL	15	_IO_stdin_used
0x540b20	6	STT_FUNC	STB_GLOBAL	13	SDL_CreateShapedWindow
0x415090	567	STT_FUNC	STB_GLOBAL	13	handle_dropped_file
0x5402c0	6	STT_FUNC	STB_GLOBAL	13	SDL_LogResetPriorities
0x56e820	88	STT_FUNC	STB_GLOBAL	13	SDL_HasClipboardText_REAL
0x5773c0	68	STT_FUNC	STB_GLOBAL	13	SDL_ConvertSurfaceFormat_REAL
0x540b90	6	STT_FUNC	STB_GLOBAL	13	SDL_free
0x54ecf0	27	STT_FUNC	STB_GLOBAL	13	SDL_GameControllerMapping_REAL
0x437c60	767	STT_FUNC	STB_GLOBAL	13	luaU_undump
0x541640	6	STT_FUNC	STB_GLOBAL	13	SDL_EnableScreenSaver
0x53fdd0	6	STT_FUNC	STB_GLOBAL	13	SDL_HapticClose
0x5a73e0	105	STT_FUNC	STB_GLOBAL	13	X11_Vulkan_GetInstanceExtensions
0x540f90	6	STT_FUNC	STB_GLOBAL	13	SDL_iconv_string
0x43e010	343	STT_FUNC	STB_GLOBAL	13	pico_print_2_col
0x62c020	194	STT_FUNC	STB_GLOBAL	13	X11_ResizeWindowShape
0x421200	226	STT_FUNC	STB_GLOBAL	13	luaL_getmetafield
0x57bf10	105	STT_FUNC	STB_GLOBAL	13	SDL_GetWindowBrightness_REAL
0x9af908	8	STT_OBJECT	STB_GLOBAL	25	X11_XFreeFontSet
0x5ae050	16	STT_FUNC	STB_GLOBAL	13	SDL_SYS_JoystickAttached
0x540170	6	STT_FUNC	STB_GLOBAL	13	SDL_GetKeyboardState
0x549d50	36	STT_FUNC	STB_GLOBAL	13	SDL_SendPendingQuit
0x541ca0	6	STT_FUNC	STB_GLOBAL	13	SDL_floorf
0x5721e0	141	STT_FUNC	STB_GLOBAL	13	SDL_FindColor
0x540720	6	STT_FUNC	STB_GLOBAL	13	SDL_CreateTextureFromSurface
0x52ac90	181	STT_FUNC	STB_GLOBAL	13	mz_zip_writer_init_heap_v2
0x429d20	281	STT_FUNC	STB_GLOBAL	13	luaL_prepbuffsize
0x52f290	27	STT_FUNC	STB_GLOBAL	13	mz_zip_get_cfile
0x56bbe0	259	STT_FUNC	STB_GLOBAL	13	SDL_ltoa_REAL
0x418210	74	STT_FUNC	STB_GLOBAL	13	lua_rawgeti
0x0	0	STT_FUNC	STB_GLOBAL	SHN_UNDEF	__ctype_toupper_loc@@GLIBC_2.3
0x53fd70	6	STT_FUNC	STB_GLOBAL	13	SDL_HapticOpened
0x0	0	STT_FUNC	STB_GLOBAL	SHN_UNDEF	scalbnf@@GLIBC_2.2.5
0x54b350	201	STT_FUNC	STB_GLOBAL	13	SDL_RWFromMem_REAL
0x427610	1097	STT_FUNC	STB_GLOBAL	13	lua_newstate
0x5b3ca0	29	STT_FUNC	STB_GLOBAL	13	SDL_SetAssertionHandler_REAL
0x52f370	74	STT_FUNC	STB_GLOBAL	13	mz_zip_reader_file_stat
0x9aabec	4	STT_OBJECT	STB_GLOBAL	25	desktop_h
0x4ec610	953	STT_FUNC	STB_GLOBAL	13	LodePNG_decode
0x540610	6	STT_FUNC	STB_GLOBAL	13	SDL_CalculateGammaRamp
0x4bc4f0	416	STT_FUNC	STB_GLOBAL	13	codo_create_pea_pod
0x4b1ef0	113	STT_FUNC	STB_GLOBAL	13	read_bitmap
0x5403c0	6	STT_FUNC	STB_GLOBAL	13	SDL_SetCursor
0x54ba90	57	STT_FUNC	STB_GLOBAL	13	SDL_HapticName_REAL
0x4bd270	47	STT_FUNC	STB_GLOBAL	13	cpod_set_init
0x442e80	2045	STT_FUNC	STB_GLOBAL	13	run_slice
0x4b83c0	511	STT_FUNC	STB_GLOBAL	13	codo_box
0x515230	486	STT_FUNC	STB_GLOBAL	13	draw_ctext
0x56b440	5	STT_FUNC	STB_GLOBAL	13	SDL_log_REAL
0x52f3c0	58	STT_FUNC	STB_GLOBAL	13	mz_zip_end
0x509bb0	94	STT_FUNC	STB_GLOBAL	13	codo_toggle_fullscreen
0x541b80	6	STT_FUNC	STB_GLOBAL	13	SDL_GetMemoryFunctions
0x0	0	STT_FUNC	STB_GLOBAL	SHN_UNDEF	fmodf@@GLIBC_2.2.5
0x547c60	87	STT_FUNC	STB_GLOBAL	13	SDL_SetDefaultCursor
0x459440	86	STT_FUNC	STB_GLOBAL	13	count_sfx
0x46d670	1151	STT_FUNC	STB_GLOBAL	13	draw_tinted_rect_adaptive
0x4eeb20	175	STT_FUNC	STB_GLOBAL	13	LodePNG_encode32_file
0x0	0	STT_FUNC	STB_GLOBAL	SHN_UNDEF	fputc@@GLIBC_2.2.5
0x580d40	124	STT_FUNC	STB_GLOBAL	13	SDL_StopTextInput_REAL
0x4e6d80	24	STT_FUNC	STB_GLOBAL	13	LodePNG_Text_init
0x9aabe8	4	STT_OBJECT	STB_GLOBAL	25	desktop_d
0x549560	220	STT_FUNC	STB_GLOBAL	13	SDL_CreateColorCursor_REAL
0x53fbe0	6	STT_FUNC	STB_GLOBAL	13	SDL_GameControllerMapping
0x540750	6	STT_FUNC	STB_GLOBAL	13	SDL_GetTextureColorMod
0x56b290	72	STT_FUNC	STB_GLOBAL	13	SDL_ceilf_REAL
0x429e40	44	STT_FUNC	STB_GLOBAL	13	luaL_addlstring
0x429180	112	STT_FUNC	STB_GLOBAL	13	luaK_infix
0x6305f0	291	STT_FUNC	STB_GLOBAL	13	SDL_Fcitx_ProcessKeyEvent
0x45c3d0	106	STT_FUNC	STB_GLOBAL	13	set_cart_label
0x4903c0	15	STT_FUNC	STB_GLOBAL	13	p8_fmul
0x42a740	43	STT_FUNC	STB_GLOBAL	13	luaL_checklstring
0x575720	269	STT_FUNC	STB_GLOBAL	13	SDL_SetColorKey_REAL
0x44e5f0	50	STT_FUNC	STB_GLOBAL	13	validate_tool
0x42d660	339	STT_FUNC	STB_GLOBAL	13	str_sub
0x54c680	133	STT_FUNC	STB_GLOBAL	13	SDL_HapticStopEffect_REAL
0x9af978	8	STT_OBJECT	STB_GLOBAL	25	X11_XCreateWindow
0x581570	10	STT_FUNC	STB_GLOBAL	13	SDL_OnApplicationWillTerminate
0x419270	73	STT_FUNC	STB_GLOBAL	13	luaC_checkupvalcolor
0x5416b0	6	STT_FUNC	STB_GLOBAL	13	SDL_GL_GetAttribute
0x5aa260	520	STT_FUNC	STB_GLOBAL	13	X11_SetWindowGammaRamp
0x979b30	4	STT_OBJECT	STB_GLOBAL	25	serial_file_buffer2_pos
0x421450	31	STT_FUNC	STB_GLOBAL	13	lua_len
0x62e9e0	488	STT_FUNC	STB_GLOBAL	13	SDL_IME_Init
0x572ae0	95	STT_FUNC	STB_GLOBAL	13	SDL_FreeBlitMap
0x540d80	6	STT_FUNC	STB_GLOBAL	13	SDL_lltoa
0x546340	35	STT_FUNC	STB_GLOBAL	13	SDL_KeyboardInit
0x546a40	51	STT_FUNC	STB_GLOBAL	13	SDL_GetScancodeFromKey_REAL
0x9af3d8	8	STT_OBJECT	STB_GLOBAL	25	X11_XRRQueryOutputProperty
0x5a95b0	53	STT_FUNC	STB_GLOBAL	13	X11_SetWindowPosition
0x54c3d0	314	STT_FUNC	STB_GLOBAL	13	SDL_HapticNewEffect_REAL
0x62ec70	18	STT_FUNC	STB_GLOBAL	13	SDL_IME_PumpEvents
0x540650	6	STT_FUNC	STB_GLOBAL	13	SDL_IntersectRect
0x572270	230	STT_FUNC	STB_GLOBAL	13	SDL_MapRGB_REAL
0x418080	44	STT_FUNC	STB_GLOBAL	13	lua_touserdata
0x56e730	124	STT_FUNC	STB_GLOBAL	13	SDL_SetClipboardText_REAL
0x517f40	204	STT_FUNC	STB_GLOBAL	13	ctextfield_delete_selected
0x4985e0	186	STT_FUNC	STB_GLOBAL	13	DGifSavedExtensionToGCB
0x4469c0	1207	STT_FUNC	STB_GLOBAL	13	vhand_sprite_prop_toggle
0x56b1f0	5	STT_FUNC	STB_GLOBAL	13	SDL_acos_REAL
0x57e770	104	STT_FUNC	STB_GLOBAL	13	SDL_GL_GetProcAddress_REAL
0x44bf30	182	STT_FUNC	STB_GLOBAL	13	ants_line
0x54b1e0	237	STT_FUNC	STB_GLOBAL	13	SDL_RWFromFile_REAL
0x5412d0	6	STT_FUNC	STB_GLOBAL	13	SDL_GetRevisionNumber
0x540620	6	STT_FUNC	STB_GLOBAL	13	SDL_GetPlatform
0x403cc0	0	STT_FUNC	STB_GLOBAL	SHN_UNDEF	free@@GLIBC_2.2.5
0xbd7380	1216	STT_OBJECT	STB_GLOBAL	25	metacon
0x556270	146	STT_FUNC	STB_GLOBAL	13	SDL_RenderGetViewport_REAL
0x54ffa0	26	STT_FUNC	STB_GLOBAL	13	SDL_UnlockJoysticks_REAL
0x4a3380	189	STT_FUNC	STB_GLOBAL	13	sanitise_author_string
0x4c1e80	81	STT_FUNC	STB_GLOBAL	13	codo_get_filename_without_path
0x54b8d0	73	STT_FUNC	STB_GLOBAL	13	SDL_WriteBE16_REAL
0x5409a0	6	STT_FUNC	STB_GLOBAL	13	SDL_RenderPresent
0x54b720	76	STT_FUNC	STB_GLOBAL	13	SDL_ReadLE32_REAL
0x5415f0	6	STT_FUNC	STB_GLOBAL	13	SDL_GetWindowBrightness
0x4c0530	176	STT_FUNC	STB_GLOBAL	13	codo_fread_uint16
0x5ace40	70	STT_FUNC	STB_GLOBAL	13	SDL_CondWait_REAL
0x4183c0	180	STT_FUNC	STB_GLOBAL	13	lua_dump
0x4149b0	529	STT_FUNC	STB_GLOBAL	13	get_embedded_cart_hash_for_filename
0x56cd70	21	STT_FUNC	STB_GLOBAL	13	SDL_GetThreadID_REAL
0x630760	170	STT_FUNC	STB_GLOBAL	13	SDL_NewDataQueue
0x5069f0	51	STT_FUNC	STB_GLOBAL	13	codo_sound_is_playing
0x445900	102	STT_FUNC	STB_GLOBAL	13	is_free_token
0x0	0	STT_FUNC	STB_GLOBAL	SHN_UNDEF	_IO_getc@@GLIBC_2.2.5
0x54b920	68	STT_FUNC	STB_GLOBAL	13	SDL_WriteLE32_REAL
0x4181c0	23	STT_FUNC	STB_GLOBAL	13	lua_pushlightuserdata
0x54c5f0	133	STT_FUNC	STB_GLOBAL	13	SDL_HapticRunEffect_REAL
0x53f730	6	STT_FUNC	STB_GLOBAL	13	SDL_AtomicTryLock
0x62be80	72	STT_FUNC	STB_GLOBAL	13	X11_GLES_CreateContext
0x0	0	STT_FUNC	STB_GLOBAL	SHN_UNDEF	atan@@GLIBC_2.2.5
0x57ea90	607	STT_FUNC	STB_GLOBAL	13	SDL_GL_SetAttribute_REAL
0x4bb510	259	STT_FUNC	STB_GLOBAL	13	codo_draw_sprite_shadow
0x42b4e0	211	STT_FUNC	STB_GLOBAL	13	ipairsaux
0x41dc70	64	STT_FUNC	STB_GLOBAL	13	luaF_newupval
0x4efe60	15	STT_FUNC	STB_GLOBAL	13	codo_clear_buffer
0x53fa90	6	STT_FUNC	STB_GLOBAL	13	SDL_PumpEvents
0x0	0	STT_FUNC	STB_GLOBAL	SHN_UNDEF	strlen@@GLIBC_2.2.5
0x49ef30	635	STT_FUNC	STB_GLOBAL	13	load_cdata
0x5407f0	6	STT_FUNC	STB_GLOBAL	13	SDL_SetRenderTarget
0x429610	132	STT_FUNC	STB_GLOBAL	13	luaL_newmetatable
0x52c3c0	3067	STT_FUNC	STB_GLOBAL	13	mz_zip_writer_add_read_buf_callback
0x5468f0	159	STT_FUNC	STB_GLOBAL	13	SDL_SendEditingText
0x56c9e0	523	STT_FUNC	STB_GLOBAL	13	SDL_CreateThread_REAL
0x40d730	995	STT_FUNC	STB_GLOBAL	13	update_reset_glitch
0x56b4a0	5	STT_FUNC	STB_GLOBAL	13	SDL_scalbn_REAL
0x9aac40	8	STT_OBJECT	STB_GLOBAL	25	mix_push_buffer
0x62bcb0	50	STT_FUNC	STB_GLOBAL	13	X11_GL_DeleteContext
0x62bcf0	193	STT_FUNC	STB_GLOBAL	13	X11_GLES_LoadLibrary
0x4b82b0	259	STT_FUNC	STB_GLOBAL	13	codo_line3d
0x5297e0	791	STT_FUNC	STB_GLOBAL	13	mz_zip_reader_extract_iter_read
0x5b9ad0	46	STT_FUNC	STB_GLOBAL	13	SDL_LockAudioDevice_REAL
0x4bf060	1012	STT_FUNC	STB_GLOBAL	13	codo_text_init
0x509c10	7	STT_FUNC	STB_GLOBAL	13	codo_get_desktop_width
0x5b2990	302	STT_FUNC	STB_GLOBAL	13	SDL_UDEV_Init
0x41dd90	37	STT_FUNC	STB_GLOBAL	13	luaF_freeupval
0x53f690	6	STT_FUNC	STB_GLOBAL	13	SDL_RWFromFP
0x50bee0	21	STT_FUNC	STB_GLOBAL	13	codo_unlock_audio_plat
0x541a00	6	STT_FUNC	STB_GLOBAL	13	SDL_GameControllerGetProduct
0x5400e0	6	STT_FUNC	STB_GLOBAL	13	SDL_JoystickNumButtons
0x4184c0	12	STT_FUNC	STB_GLOBAL	13	lua_setallocf
0x8c86e0	0	STT_NOTYPE	STB_GLOBAL	24	__data_start
0x9af888	8	STT_OBJECT	STB_GLOBAL	25	X11_XGetWMNormalHints
0x509cf0	66	STT_FUNC	STB_GLOBAL	13	codo_register_frame_end_for_fps
0x44e370	358	STT_FUNC	STB_GLOBAL	13	vhand_channel_fx_radio
0x5b55f0	15	STT_FUNC	STB_GLOBAL	13	SDL_LogSetOutputFunction_REAL
0x540de0	6	STT_FUNC	STB_GLOBAL	13	SDL_strtoll
0x5b5600	13	STT_FUNC	STB_GLOBAL	13	SDL_AtomicCAS_REAL
0x459f80	135	STT_FUNC	STB_GLOBAL	13	map_putpixel
0x540a20	6	STT_FUNC	STB_GLOBAL	13	SDL_AllocRW
0xb1e9a0	1024	STT_OBJECT	STB_GLOBAL	25	cgpwf
0x42e280	243	STT_FUNC	STB_GLOBAL	13	luaB_costatus
0x56b0a0	49	STT_FUNC	STB_GLOBAL	13	SDL_malloc_REAL
0x4b85c0	66	STT_FUNC	STB_GLOBAL	13	codo_putvoxel
0x4182c0	64	STT_FUNC	STB_GLOBAL	13	lua_getuservalue
0x9af638	8	STT_OBJECT	STB_GLOBAL	25	X11__XSetLastRequestRead
0x550d00	240	STT_FUNC	STB_GLOBAL	13	SDL_PrivateJoystickHat
0x559390	587	STT_FUNC	STB_GLOBAL	13	SDL_SW_CopyYUVToRGB
0x4bfd30	376	STT_FUNC	STB_GLOBAL	13	codo_draw_text_phat
0x5708a0	898	STT_FUNC	STB_GLOBAL	13	SDL_GetPixelFormatName_REAL
0x425110	485	STT_FUNC	STB_GLOBAL	13	luaV_gettable
0x57b9a0	100	STT_FUNC	STB_GLOBAL	13	SDL_RaiseWindow_REAL
0x50d2e0	162	STT_FUNC	STB_GLOBAL	13	codo_joystick_exit
0x543de0	1001	STT_FUNC	STB_GLOBAL	13	SDL_PushEvent_REAL
0x4b7110	11	STT_FUNC	STB_GLOBAL	13	codo_skip_frame
0x5b1190	915	STT_FUNC	STB_GLOBAL	13	SDL_GetPowerInfo_Linux_org_freedesktop_upower
0x629e80	36	STT_FUNC	STB_GLOBAL	13	X11_GL_GetProcAddress
0x448200	743	STT_FUNC	STB_GLOBAL	13	vhand_instrument_radio
0x4c3c40	286	STT_FUNC	STB_GLOBAL	13	codo_is_legal_filename
0x4473a0	330	STT_FUNC	STB_GLOBAL	13	vhand_current_sprite
0x467f70	280	STT_FUNC	STB_GLOBAL	13	get_p8l_log_file_name
0x542160	186	STT_FUNC	STB_GLOBAL	13	SDL_LogVerbose
0x5aff00	6	STT_FUNC	STB_GLOBAL	13	SDL_SYS_HapticUnpause
0x9470a0	8	STT_OBJECT	STB_GLOBAL	25	test_bmp_buf
0x9af5c0	8	STT_OBJECT	STB_GLOBAL	25	X11_XkbSetDetectableAutoRepeat
0x0	0	STT_FUNC	STB_GLOBAL	SHN_UNDEF	ferror@@GLIBC_2.2.5
0x541720	6	STT_FUNC	STB_GLOBAL	13	SDL_GL_GetSwapInterval
0x53f720	6	STT_FUNC	STB_GLOBAL	13	SDL_ResetAssertionReport
0x5469d0	8	STT_FUNC	STB_GLOBAL	13	SDL_SetModState_REAL
0xb18240	7420	STT_OBJECT	STB_GLOBAL	25	cconfig
0x5b5220	185	STT_FUNC	STB_GLOBAL	13	SDL_LogInfo_REAL
0x62c0f0	253	STT_FUNC	STB_GLOBAL	13	X11_SetWindowShape
0x5ae0f0	106	STT_FUNC	STB_GLOBAL	13	SDL_SYS_JoystickClose
0x43e800	23	STT_FUNC	STB_GLOBAL	13	get_cpu_cycles_since_flip
0x4c1a40	333	STT_FUNC	STB_GLOBAL	13	codo_config_default
0x4082a0	915	STT_FUNC	STB_GLOBAL	13	apply_draw_mode
0x509a80	147	STT_FUNC	STB_GLOBAL	13	codo_video_exit
0x498480	264	STT_FUNC	STB_GLOBAL	13	DGifGetExtensionNext
0x0	0	STT_FUNC	STB_GLOBAL	SHN_UNDEF	pthread_create@@GLIBC_2.2.5
0x4b5500	2	STT_FUNC	STB_GLOBAL	13	serial_exit_runtime
0x499f10	224	STT_FUNC	STB_GLOBAL	13	EGifPutCodeNext
0x420840	1137	STT_FUNC	STB_GLOBAL	13	luaD_precall
0x8ca640	490	STT_OBJECT	STB_GLOBAL	24	unicode_glyph
0x540ea0	6	STT_FUNC	STB_GLOBAL	13	SDL_ceil
0x4a3950	233	STT_FUNC	STB_GLOBAL	13	get_bbs_cart_filename_legacy
0x4122e0	318	STT_FUNC	STB_GLOBAL	13	load_pico8_cart_rom
0x57a690	120	STT_FUNC	STB_GLOBAL	13	SDL_GetWindowTitle_REAL
0x5ae160	132	STT_FUNC	STB_GLOBAL	13	SDL_SYS_JoystickQuit
0x5405c0	16	STT_FUNC	STB_GLOBAL	13	SDL_MapRGB
0x49f2e0	1007	STT_FUNC	STB_GLOBAL	13	export_spritesheet_png
0x49fd00	443	STT_FUNC	STB_GLOBAL	13	export_sfx
0x4474f0	1627	STT_FUNC	STB_GLOBAL	13	vhand_button
0x541fe0	193	STT_FUNC	STB_GLOBAL	13	SDL_Log
0x8c9560	64	STT_OBJECT	STB_GLOBAL	24	darkcol
0x576cd0	1752	STT_FUNC	STB_GLOBAL	13	SDL_ConvertSurface_REAL
0x0	0	STT_FUNC	STB_GLOBAL	SHN_UNDEF	opendir@@GLIBC_2.2.5
0x0	0	STT_FUNC	STB_GLOBAL	SHN_UNDEF	__xstat@@GLIBC_2.2.5
0x8c9520	44	STT_OBJECT	STB_GLOBAL	24	wav_header
0x4e6c40	79	STT_FUNC	STB_GLOBAL	13	LodePNG_InfoColor_canHaveAlpha
0x5ac5c0	176	STT_FUNC	STB_GLOBAL	13	SDL_SYS_SetupThread
0x411fd0	778	STT_FUNC	STB_GLOBAL	13	load_pico8_cart_png_from_file
0x580dc0	34	STT_FUNC	STB_GLOBAL	13	SDL_SetTextInputRect_REAL
0x4a7b30	1176	STT_FUNC	STB_GLOBAL	13	populate_splore_list_from_text_file
0x9aac68	8	STT_OBJECT	STB_GLOBAL	25	codo_ctx
0x540cf0	6	STT_FUNC	STB_GLOBAL	13	SDL_strupr
0x594110	2911	STT_FUNC	STB_GLOBAL	13	yuv420_rgb24_sseu
0x5404b0	6	STT_FUNC	STB_GLOBAL	13	SDL_SemPost
0x572460	172	STT_FUNC	STB_GLOBAL	13	SDL_GetRGB_REAL
0x540390	6	STT_FUNC	STB_GLOBAL	13	SDL_CreateCursor
0x4ce4a0	20	STT_FUNC	STB_GLOBAL	13	codo_get_identity_matrix
0x0	0	STT_FUNC	STB_GLOBAL	SHN_UNDEF	pthread_cond_init@@GLIBC_2.3.2
0x5401c0	6	STT_FUNC	STB_GLOBAL	13	SDL_GetScancodeName
0x41a370	13	STT_FUNC	STB_GLOBAL	13	lua_get_cpu_cycles
0x492ad0	10599	STT_FUNC	STB_GLOBAL	13	pxa_compress
0x8ce204	4	STT_OBJECT	STB_GLOBAL	25	last_pause_button_state
0x54b680	76	STT_FUNC	STB_GLOBAL	13	SDL_ReadLE16_REAL
0x9a9f60	8	STT_OBJECT	STB_GLOBAL	25	codo_destroy_item_func
0x57d720	107	STT_FUNC	STB_GLOBAL	13	SDL_GetWindowGrab_REAL
0x41cc30	18	STT_FUNC	STB_GLOBAL	13	luaM_toobig
0x52b580	3543	STT_FUNC	STB_GLOBAL	13	mz_zip_writer_add_mem_ex_v2
0x516a10	509	STT_FUNC	STB_GLOBAL	13	ctext_bound_scrolling_to_cursor
0x541310	6	STT_FUNC	STB_GLOBAL	13	SDL_VideoQuit
0x0	0	STT_FUNC	STB_GLOBAL	SHN_UNDEF	cosh@@GLIBC_2.2.5
0x550df0	229	STT_FUNC	STB_GLOBAL	13	SDL_PrivateJoystickBall
0x458a70	400	STT_FUNC	STB_GLOBAL	13	get_code_compressed_size
0x581620	88	STT_FUNC	STB_GLOBAL	13	SDL_OnApplicationDidBecomeActive
0x53f7b0	6	STT_FUNC	STB_GLOBAL	13	SDL_AtomicSetPtr
0x5afe40	166	STT_FUNC	STB_GLOBAL	13	SDL_SYS_HapticSetAutocenter
0x9af7f8	8	STT_OBJECT	STB_GLOBAL	25	X11_XNextEvent
0x4f1c10	2415	STT_FUNC	STB_GLOBAL	13	LZ4_compress_continue
0x4c63d0	247	STT_FUNC	STB_GLOBAL	13	codo_fprintf_1s
0x541990	6	STT_FUNC	STB_GLOBAL	13	SDL_JoystickGetDeviceVendor
0x4b5510	376	STT_FUNC	STB_GLOBAL	13	serial_end_frame
0x407600	120	STT_FUNC	STB_GLOBAL	13	set_default_app_config
0x4ceb60	17	STT_FUNC	STB_GLOBAL	13	codo_random_get_seeds
0x549100	44	STT_FUNC	STB_GLOBAL	13	SDL_GetRelativeMouseState_REAL
0x56e880	3288	STT_FUNC	STB_GLOBAL	13	SDL_FillRect_REAL
0x4cd0a0	111	STT_FUNC	STB_GLOBAL	13	codo_create_model
0x52c360	42	STT_FUNC	STB_GLOBAL	13	mz_zip_writer_add_mem_ex
0x599b00	1739	STT_FUNC	STB_GLOBAL	13	yuv422_rgb24_sseu
0x53f7f0	6	STT_FUNC	STB_GLOBAL	13	SDL_AudioInit
0x550b00	99	STT_FUNC	STB_GLOBAL	13	SDL_PrivateJoystickRemoved
0x5401f0	6	STT_FUNC	STB_GLOBAL	13	SDL_GetKeyFromName
0x541920	6	STT_FUNC	STB_GLOBAL	13	SDL_RenderSetIntegerScale
0x4fbc50	800	STT_FUNC	STB_GLOBAL	13	apply_meta_instrument
0x523ca0	4	STT_FUNC	STB_GLOBAL	13	tdefl_get_adler32
0x49d760	79	STT_FUNC	STB_GLOBAL	13	FreeLastSavedImage
0x540e50	6	STT_FUNC	STB_GLOBAL	13	SDL_vsnprintf
0x591a70	1573	STT_FUNC	STB_GLOBAL	13	yuvnv12_abgr_std
0x43e820	25	STT_FUNC	STB_GLOBAL	13	set_lua_thread
0xbd7840	4096	STT_OBJECT	STB_GLOBAL	25	curl_req
0x540820	6	STT_FUNC	STB_GLOBAL	13	SDL_RenderGetLogicalSize
0x57fc20	1551	STT_FUNC	STB_GLOBAL	13	SDL_VideoInit_REAL
0x62b190	1986	STT_FUNC	STB_GLOBAL	13	X11_GL_CreateContext
0x6312a0	435	STT_FUNC	STB_GLOBAL	13	SDL_SendDropText
0x540940	6	STT_FUNC	STB_GLOBAL	13	SDL_RenderDrawRects
0x420cc0	137	STT_FUNC	STB_GLOBAL	13	luaM_growaux_
0x40ac70	191	STT_FUNC	STB_GLOBAL	13	process_devkit_mouse_activity
0x4efe50	5	STT_FUNC	STB_GLOBAL	13	codo_destroy_buffer
0x0	0	STT_FUNC	STB_GLOBAL	SHN_UNDEF	__ctype_b_loc@@GLIBC_2.3
0x5073f0	720	STT_FUNC	STB_GLOBAL	13	codo_music_get_fading_state
0x407570	27	STT_FUNC	STB_GLOBAL	13	init_path
0x540e30	6	STT_FUNC	STB_GLOBAL	13	SDL_strcasecmp
0x41ff70	6	STT_FUNC	STB_GLOBAL	13	luaL_pushresultsize
0x54ebe0	258	STT_FUNC	STB_GLOBAL	13	SDL_GameControllerMappingForGUID_REAL
0x5c4f90	655	STT_FUNC	STB_GLOBAL	13	SDL_HasAVX2_REAL
0x5c4810	639	STT_FUNC	STB_GLOBAL	13	SDL_HasSSE41_REAL
0x5acb70	78	STT_FUNC	STB_GLOBAL	13	SDL_TryLockMutex_REAL
0x4ae5b0	796	STT_FUNC	STB_GLOBAL	13	splore_update
0x4eec00	239	STT_FUNC	STB_GLOBAL	13	LodePNG_Encoder_init
0x430e60	318	STT_FUNC	STB_GLOBAL	13	tremove
0x4338b0	253	STT_FUNC	STB_GLOBAL	13	luaL_callmeta
0x541790	6	STT_FUNC	STB_GLOBAL	13	SDL_GetDefaultAssertionHandler
0x4ab230	215	STT_FUNC	STB_GLOBAL	13	move_search_cursor
0x5b4df0	87	STT_FUNC	STB_GLOBAL	13	SDL_LogGetPriority_REAL
0x556b50	234	STT_FUNC	STB_GLOBAL	13	SDL_RenderDrawRect_REAL
0x5122e0	274	STT_FUNC	STB_GLOBAL	13	codo_destroy_pico8_cart
0x90eb04	4	STT_OBJECT	STB_GLOBAL	25	api_function_names
0x5410b0	6	STT_FUNC	STB_GLOBAL	13	SDL_SetClipRect
0x422970	57	STT_FUNC	STB_GLOBAL	13	luaK_reserveregs
0x484ce0	53	STT_FUNC	STB_GLOBAL	13	do_cls
0x541120	6	STT_FUNC	STB_GLOBAL	13	SDL_UpperBlit
0x5765a0	40	STT_FUNC	STB_GLOBAL	13	SDL_UnlockSurface_REAL
0x8c9a18	8	STT_OBJECT	STB_GLOBAL	24	codo_no_stable_string
0x46e5c0	1228	STT_FUNC	STB_GLOBAL	13	draw_hline
0x5407b0	6	STT_FUNC	STB_GLOBAL	13	SDL_UpdateYUVTexture
0x43da30	21	STT_FUNC	STB_GLOBAL	13	pop_run_chain
0xada444	4	STT_OBJECT	STB_GLOBAL	25	num_literals
0x5418d0	6	STT_FUNC	STB_GLOBAL	13	SDL_GetWindowBordersSize
0x61c4a0	33	STT_FUNC	STB_GLOBAL	13	SDL_DUMMY_DestroyWindowFramebuffer
0x490550	100	STT_FUNC	STB_GLOBAL	13	p8_fpow_0110
0x42f5d0	281	STT_FUNC	STB_GLOBAL	13	luaB_getmetatable
0x45b6a0	554	STT_FUNC	STB_GLOBAL	13	convert_sfxes_to_bbs_code
0x57fac0	18	STT_FUNC	STB_GLOBAL	13	SDL_VideoQuit_REAL
0x54a860	342	STT_FUNC	STB_GLOBAL	13	SDL_DelTouch
0x57b490	92	STT_FUNC	STB_GLOBAL	13	SDL_GetWindowSize_REAL
0x542d70	190	STT_FUNC	STB_GLOBAL	13	SDL_HasEvent_REAL
0x54ead0	257	STT_FUNC	STB_GLOBAL	13	SDL_GameControllerMappingForIndex_REAL
0x529100	184	STT_FUNC	STB_GLOBAL	13	mz_zip_reader_extract_file_to_mem
0x5b9b90	205	STT_FUNC	STB_GLOBAL	13	SDL_CloseAudioDevice_REAL
0x4b7e70	99	STT_FUNC	STB_GLOBAL	13	codo_destroy_voxmap
0x9af9d8	8	STT_OBJECT	STB_GLOBAL	25	X11_XChangeProperty
0x420120	160	STT_FUNC	STB_GLOBAL	13	luaL_execresult
0x57e7e0	78	STT_FUNC	STB_GLOBAL	13	SDL_GL_UnloadLibrary_REAL
0x5413f0	6	STT_FUNC	STB_GLOBAL	13	SDL_CreateWindow
0x4a1ce0	966	STT_FUNC	STB_GLOBAL	13	keyconfig_draw
0x517590	704	STT_FUNC	STB_GLOBAL	13	ctext_select_from_double_click
0x49a190	950	STT_FUNC	STB_GLOBAL	13	GifMakeMapObject
0x53f9d0	6	STT_FUNC	STB_GLOBAL	13	SDL_HasAltiVec
0x4e6180	587	STT_FUNC	STB_GLOBAL	13	LodePNG_chunk_generate_crc
0x4f81f0	7	STT_FUNC	STB_GLOBAL	13	codo_lock_audio
0x57a710	159	STT_FUNC	STB_GLOBAL	13	SDL_SetWindowIcon_REAL
0x4c6240	57	STT_FUNC	STB_GLOBAL	13	codo_fgetc
0x50fa00	261	STT_FUNC	STB_GLOBAL	13	codo_prefix_with_appdata_path
0x5293a0	168	STT_FUNC	STB_GLOBAL	13	mz_zip_reader_extract_file_to_callback
0x509a10	105	STT_FUNC	STB_GLOBAL	13	codo_video_init
0x407500	109	STT_FUNC	STB_GLOBAL	13	init_editor_state
0x50bc00	643	STT_FUNC	STB_GLOBAL	13	codo_sound_init_plat
0x9af398	8	STT_OBJECT	STB_GLOBAL	25	X11_XF86VidModeGetModeLine
0x946b48	4	STT_OBJECT	STB_GLOBAL	25	draw_code_t
0x4c3a00	30	STT_FUNC	STB_GLOBAL	13	codo_decompress
0x50fcc0	524	STT_FUNC	STB_GLOBAL	13	add_sdl_controllers
0x580af0	143	STT_FUNC	STB_GLOBAL	13	SDL_GL_SwapWindow_REAL
0x4af490	485	STT_FUNC	STB_GLOBAL	13	save_icns
0x45bcd0	475	STT_FUNC	STB_GLOBAL	13	convert_bmp_to_bbs_code
0x541470	6	STT_FUNC	STB_GLOBAL	13	SDL_SetWindowData
0x40af70	1183	STT_FUNC	STB_GLOBAL	13	process_paused_keypresses
0x53f9a0	6	STT_FUNC	STB_GLOBAL	13	SDL_GetCPUCount
0x53f6a0	6	STT_FUNC	STB_GLOBAL	13	SDL_Init
0x50c570	200	STT_FUNC	STB_GLOBAL	13	blit_from_8_to_32
0x451b90	497	STT_FUNC	STB_GLOBAL	13	map_op
0x4aec90	2	STT_FUNC	STB_GLOBAL	13	gpio_close
0x4bcd50	469	STT_FUNC	STB_GLOBAL	13	cpod_add_item
0x553560	100	STT_FUNC	STB_GLOBAL	13	SDL_QueryTexture_REAL
0x5414b0	6	STT_FUNC	STB_GLOBAL	13	SDL_SetWindowSize
0x541d10	6	STT_FUNC	STB_GLOBAL	13	SDL_GetYUVConversionMode
0x57bc40	373	STT_FUNC	STB_GLOBAL	13	SDL_GetWindowSurface_REAL
0x5be100	1194	STT_FUNC	STB_GLOBAL	13	SDL_NewAudioStream_REAL
0x541c90	6	STT_FUNC	STB_GLOBAL	13	SDL_fabsf
0x431ca0	36	STT_FUNC	STB_GLOBAL	13	luaopen_coroutine
0x5095b0	347	STT_FUNC	STB_GLOBAL	13	codo_get_pico8_mixer_state
0x9af458	8	STT_OBJECT	STB_GLOBAL	25	X11_XRRConfigCurrentRate
0x540600	6	STT_FUNC	STB_GLOBAL	13	SDL_GetRGBA
0x5309d0	1416	STT_FUNC	STB_GLOBAL	13	update_channel_tick
0x44be60	197	STT_FUNC	STB_GLOBAL	13	shadow_box
0x540260	6	STT_FUNC	STB_GLOBAL	13	SDL_LoadObject
0x490b80	35	STT_FUNC	STB_GLOBAL	13	pico8_rotr
0x558410	335	STT_FUNC	STB_GLOBAL	13	SDL_DestroyRenderer_REAL
0x541b50	6	STT_FUNC	STB_GLOBAL	13	SDL_Vulkan_GetDrawableSize
0x5322f0	8259	STT_FUNC	STB_GLOBAL	13	codo_mix_xm_chunk
0x45ce60	465	STT_FUNC	STB_GLOBAL	13	base64_encode_block
0x9af7b8	8	STT_OBJECT	STB_GLOBAL	25	X11_XRaiseWindow
0x0	0	STT_FUNC	STB_GLOBAL	SHN_UNDEF	__read_chk@@GLIBC_2.4
0x446020	205	STT_FUNC	STB_GLOBAL	13	vhand_instrument_mode_radio
0x53fb40	6	STT_FUNC	STB_GLOBAL	13	SDL_GetEventFilter
0x5b9ee0	44	STT_FUNC	STB_GLOBAL	13	SDL_MixAudio_REAL
0x422500	636	STT_FUNC	STB_GLOBAL	13	luaX_token2str
0x5564e0	55	STT_FUNC	STB_GLOBAL	13	SDL_RenderIsClipEnabled_REAL
0x56ba50	251	STT_FUNC	STB_GLOBAL	13	SDL_itoa_REAL
0x431d80	1198	STT_FUNC	STB_GLOBAL	13	luaopen_package
0x5c4310	639	STT_FUNC	STB_GLOBAL	13	SDL_HasSSE2_REAL
0x57a4d0	83	STT_FUNC	STB_GLOBAL	13	SDL_GetWindowID_REAL
0x56c0b0	201	STT_FUNC	STB_GLOBAL	13	SDL_snprintf_REAL
0x0	0	STT_FUNC	STB_GLOBAL	SHN_UNDEF	readdir@@GLIBC_2.2.5
0x4809f0	1233	STT_FUNC	STB_GLOBAL	13	vhand_pattern_chooser
0x52d000	324	STT_FUNC	STB_GLOBAL	13	mz_zip_writer_add_file
0x9af430	8	STT_OBJECT	STB_GLOBAL	25	X11_XRRSetScreenSize
0x5422e0	186	STT_FUNC	STB_GLOBAL	13	SDL_LogInfo
0x444ad0	185	STT_FUNC	STB_GLOBAL	13	find_multiline_end
0x9af688	8	STT_OBJECT	STB_GLOBAL	25	X11_XQueryExtension
0x44c2f0	178	STT_FUNC	STB_GLOBAL	13	map_deselect
0x5308e0	160	STT_FUNC	STB_GLOBAL	13	codo_mix_xm_init
0x4a3ef0	293	STT_FUNC	STB_GLOBAL	13	is_favourite
0x631050	44	STT_FUNC	STB_GLOBAL	13	SDL_EnumUnixAudioDevices
0x5b0910	1093	STT_FUNC	STB_GLOBAL	13	SDL_GetPowerInfo_Linux_proc_apm
0x0	0	STT_FUNC	STB_GLOBAL	SHN_UNDEF	dlerror@@GLIBC_2.2.5
0x62ec50	18	STT_FUNC	STB_GLOBAL	13	SDL_IME_UpdateTextRect
0x4c0510	3	STT_FUNC	STB_GLOBAL	13	codo_fix_uint16
0x4996d0	111	STT_FUNC	STB_GLOBAL	13	EGifPutPixel
0x490780	617	STT_FUNC	STB_GLOBAL	13	fsqrt_Bakhsali
0x4e5e50	7	STT_FUNC	STB_GLOBAL	13	LodeZlib_DecompressSettings_init
0xabebc0	16384	STT_OBJECT	STB_GLOBAL	25	stream_f0
0x9af7f0	8	STT_OBJECT	STB_GLOBAL	25	X11_XOpenDisplay
0x0	0	STT_FUNC	STB_GLOBAL	SHN_UNDEF	sprintf@@GLIBC_2.2.5
0x4180b0	19	STT_FUNC	STB_GLOBAL	13	lua_tothread
0x5406c0	6	STT_FUNC	STB_GLOBAL	13	SDL_CreateRenderer
0xac2bc0	28800	STT_OBJECT	STB_GLOBAL	25	video_clip
0x4e6ad0	28	STT_FUNC	STB_GLOBAL	13	LodePNG_InfoColor_clearPalette
0x413980	226	STT_FUNC	STB_GLOBAL	13	reload_cart_partial
0x53f970	6	STT_FUNC	STB_GLOBAL	13	SDL_SetClipboardText
0x406ab0	175	STT_FUNC	STB_GLOBAL	13	cursor_cr
0x9af848	8	STT_OBJECT	STB_GLOBAL	25	X11_XInstallColormap
0x549e80	154	STT_FUNC	STB_GLOBAL	13	SDL_GetNumTouchFingers_REAL
0x4b2530	271	STT_FUNC	STB_GLOBAL	13	get_include_filename
0x8ce1c0	8	STT_OBJECT	STB_GLOBAL	25	stdin@@GLIBC_2.2.5
0x45d0e0	124	STT_FUNC	STB_GLOBAL	13	base64_decode_value
0x5448e0	94	STT_FUNC	STB_GLOBAL	13	SDL_SendKeymapChangedEvent
0x547db0	2790	STT_FUNC	STB_GLOBAL	13	SDL_SendMouseMotion
0x4ab3f0	22	STT_FUNC	STB_GLOBAL	13	reset_splore_animation
0x412a60	73	STT_FUNC	STB_GLOBAL	13	inject_p8_extention
0x0	0	STT_FUNC	STB_GLOBAL	SHN_UNDEF	asin@@GLIBC_2.2.5
0x9ade10	8	STT_OBJECT	STB_GLOBAL	25	SDL_haptics
0x510320	253	STT_FUNC	STB_GLOBAL	13	codo_lock_mouse_cursor
0x550080	41	STT_FUNC	STB_GLOBAL	13	SDL_PrivateJoystickValid
0x5b5520	172	STT_FUNC	STB_GLOBAL	13	SDL_LogMessage_REAL
0x4e6af0	159	STT_FUNC	STB_GLOBAL	13	LodePNG_InfoColor_addPalette
0x52a6c0	529	STT_FUNC	STB_GLOBAL	13	mz_zip_validate_mem_archive
0x56ace0	5	STT_FUNC	STB_GLOBAL	13	SDL_iconv_open_REAL
0x503250	114	STT_FUNC	STB_GLOBAL	13	codo_mixer_callback
0x56b2e0	25	STT_FUNC	STB_GLOBAL	13	SDL_copysign_REAL
0x9af9a8	8	STT_OBJECT	STB_GLOBAL	25	X11_XCreateColormap
0x541080	6	STT_FUNC	STB_GLOBAL	13	SDL_GetSurfaceAlphaMod
0x508bb0	218	STT_FUNC	STB_GLOBAL	13	cmusic_play
0x4c39e0	29	STT_FUNC	STB_GLOBAL	13	codo_compress
0x540220	6	STT_FUNC	STB_GLOBAL	13	SDL_StopTextInput
0x540160	6	STT_FUNC	STB_GLOBAL	13	SDL_GetKeyboardFocus
0x510870	293	STT_FUNC	STB_GLOBAL	13	codo_launch_html
0x46d500	368	STT_FUNC	STB_GLOBAL	13	draw_filloval_editor
0x56b4c0	5	STT_FUNC	STB_GLOBAL	13	SDL_sin_REAL
0x541c80	6	STT_FUNC	STB_GLOBAL	13	SDL_copysignf
0x418c70	155	STT_FUNC	STB_GLOBAL	13	lua_checkstack
0x54bd00	76	STT_FUNC	STB_GLOBAL	13	SDL_HapticIndex_REAL
0x54aaf0	902	STT_FUNC	STB_GLOBAL	13	SDL_SendWindowEvent
0x4afb00	709	STT_FUNC	STB_GLOBAL	13	save_osx_framework
0x5aa6e0	284	STT_FUNC	STB_GLOBAL	13	X11_InitXinput2
0x5414a0	6	STT_FUNC	STB_GLOBAL	13	SDL_GetWindowPosition
0x4f5000	1438	STT_FUNC	STB_GLOBAL	13	LZ4_decompress_safe_partial
0x5415e0	6	STT_FUNC	STB_GLOBAL	13	SDL_SetWindowBrightness
0x9af870	8	STT_OBJECT	STB_GLOBAL	25	X11_XGrabPointer
0x4ecc20	318	STT_FUNC	STB_GLOBAL	13	LodePNG_decode_codo_file
0x0	0	STT_FUNC	STB_GLOBAL	SHN_UNDEF	fgetc@@GLIBC_2.2.5
0x5116c0	5	STT_FUNC	STB_GLOBAL	13	codo_delay
0x4b48a0	19	STT_FUNC	STB_GLOBAL	13	serial_return
0x512420	33	STT_FUNC	STB_GLOBAL	13	int2base32char
0x5418a0	6	STT_FUNC	STB_GLOBAL	13	SDL_GameControllerFromInstanceID
0x5237d0	468	STT_FUNC	STB_GLOBAL	13	mz_deflateInit2
0x569010	527	STT_FUNC	STB_GLOBAL	13	SW_CreateRendererForSurface
0x49db80	323	STT_FUNC	STB_GLOBAL	13	GifErrorString
0x5920a0	903	STT_FUNC	STB_GLOBAL	13	rgb24_yuv420_std
0x57b230	148	STT_FUNC	STB_GLOBAL	13	SDL_SetWindowResizable_REAL
0x510720	326	STT_FUNC	STB_GLOBAL	13	codo_create_osx_launch_html_string
0x0	0	STT_FUNC	STB_GLOBAL	SHN_UNDEF	fdopen@@GLIBC_2.2.5
0x9af9e8	8	STT_OBJECT	STB_GLOBAL	25	X11_XAutoRepeatOff
0x511a50	34	STT_FUNC	STB_GLOBAL	13	update_sdl_window_title
0x541800	6	STT_FUNC	STB_GLOBAL	13	SDL_CaptureMouse
0x40d470	635	STT_FUNC	STB_GLOBAL	13	reboot_machine
0x540900	6	STT_FUNC	STB_GLOBAL	13	SDL_RenderDrawPoints
0x8c9700	72	STT_OBJECT	STB_GLOBAL	24	bbsc_lid
0x0	0	STT_FUNC	STB_GLOBAL	SHN_UNDEF	sem_timedwait@@GLIBC_2.2.5
0x5539d0	366	STT_FUNC	STB_GLOBAL	13	SDL_LockTexture_REAL
0x53fca0	6	STT_FUNC	STB_GLOBAL	13	SDL_GameControllerGetAxis
0x540c70	6	STT_FUNC	STB_GLOBAL	13	SDL_wcslcpy
0x42bc40	131	STT_FUNC	STB_GLOBAL	13	luaL_optlstring
0x57e5f0	32	STT_FUNC	STB_GLOBAL	13	SDL_IsScreenSaverEnabled_REAL
0x0	0	STT_FUNC	STB_GLOBAL	SHN_UNDEF	strrchr@@GLIBC_2.2.5
0x541160	6	STT_FUNC	STB_GLOBAL	13	SDL_LowerBlitScaled
0x4594a0	830	STT_FUNC	STB_GLOBAL	13	count_visible_tabs
0x52f2e0	138	STT_FUNC	STB_GLOBAL	13	mz_zip_reader_get_filename
0x516000	10	STT_FUNC	STB_GLOBAL	13	convert_escaped_to_glyphs
0x540800	6	STT_FUNC	STB_GLOBAL	13	SDL_GetRenderTarget
0x9a9ec4	4	STT_OBJECT	STB_GLOBAL	25	codo_last_mouse_x
0x5a90d0	328	STT_FUNC	STB_GLOBAL	13	X11_GetWindowTitle
0x4aa870	83	STT_FUNC	STB_GLOBAL	13	validate_current_list
0x5412c0	6	STT_FUNC	STB_GLOBAL	13	SDL_GetRevision
0x9af5d0	8	STT_OBJECT	STB_GLOBAL	25	X11_XkbFreeClientMap
0x0	0	STT_FUNC	STB_GLOBAL	SHN_UNDEF	syscall@@GLIBC_2.2.5
0x507bc0	4071	STT_FUNC	STB_GLOBAL	13	codo_play_pico8_song
0x541830	6	STT_FUNC	STB_GLOBAL	13	SDL_HasAVX2
0x47cb30	2607	STT_FUNC	STB_GLOBAL	13	pico8_cstore
0x457b30	400	STT_FUNC	STB_GLOBAL	13	get_code_percent
0x4aad60	927	STT_FUNC	STB_GLOBAL	13	splore_toggle_favourite
0x4c3b30	265	STT_FUNC	STB_GLOBAL	13	codo_save_png
0x541650	6	STT_FUNC	STB_GLOBAL	13	SDL_DisableScreenSaver
0x5c3690	639	STT_FUNC	STB_GLOBAL	13	SDL_HasRDTSC_REAL
0x8c9518	8	STT_OBJECT	STB_GLOBAL	24	literal
0x9af3a8	8	STT_OBJECT	STB_GLOBAL	25	X11_XShapeCombineMask
0x9af680	8	STT_OBJECT	STB_GLOBAL	25	X11_XDisplayString
0x42a7e0	64	STT_FUNC	STB_GLOBAL	13	luaL_optnumber
0x8c9aa0	2944	STT_OBJECT	STB_GLOBAL	24	controller_db_mapping
0x9470b8	8	STT_OBJECT	STB_GLOBAL	25	temp128
0x4cd860	146	STT_FUNC	STB_GLOBAL	13	cmodel_clear
0x4d1aa0	126	STT_FUNC	STB_GLOBAL	13	codo_destroy_stable
0x574280	1633	STT_FUNC	STB_GLOBAL	13	SDL_TraverseShapeTree
0x5a8d60	875	STT_FUNC	STB_GLOBAL	13	X11_CreateWindowFrom
0x9aac28	4	STT_OBJECT	STB_GLOBAL	25	curl_req_index
0x491740	667	STT_FUNC	STB_GLOBAL	13	do_paste_patterns
0x506b50	117	STT_FUNC	STB_GLOBAL	13	cmusic_load
0x4a8370	104	STT_FUNC	STB_GLOBAL	13	clear_splore_list
0x5b6a30	6	STT_FUNC	STB_GLOBAL	13	SDL_GetNumAudioDrivers_REAL
0x56d2c0	754	STT_FUNC	STB_GLOBAL	13	SDL_AddTimer_REAL
0x4075f0	2	STT_FUNC	STB_GLOBAL	13	do_file_test
0x54f010	151	STT_FUNC	STB_GLOBAL	13	SDL_GameControllerNameForIndex_REAL
0x49e350	60	STT_FUNC	STB_GLOBAL	13	_InsertHashTable
0x45b350	787	STT_FUNC	STB_GLOBAL	13	record_video_frame
0x43e840	124	STT_FUNC	STB_GLOBAL	13	reset_lua_machine
0x578cc0	348	STT_FUNC	STB_GLOBAL	13	SDL_AddDisplayMode
0x490b20	44	STT_FUNC	STB_GLOBAL	13	pico8_random
0x58f690	631	STT_FUNC	STB_GLOBAL	13	yuv422_argb_std
0x5181a0	263	STT_FUNC	STB_GLOBAL	13	ctext_duplicate_line
0x572680	1119	STT_FUNC	STB_GLOBAL	13	SDL_MapSurface
0x526e90	1017	STT_FUNC	STB_GLOBAL	13	mz_inflate
0x499740	811	STT_FUNC	STB_GLOBAL	13	EGifPutComment
0x5ae2f0	2	STT_FUNC	STB_GLOBAL	13	SDL_UpdateSteamController
0x451b80	11	STT_FUNC	STB_GLOBAL	13	invalidate_ctext_colors
0x5402f0	6	STT_FUNC	STB_GLOBAL	13	SDL_LogSetOutputFunction
0x498900	272	STT_FUNC	STB_GLOBAL	13	DGifGetCodeNext
0x0	0	STT_FUNC	STB_GLOBAL	SHN_UNDEF	sscanf@@GLIBC_2.2.5
0x5292f0	121	STT_FUNC	STB_GLOBAL	13	mz_zip_reader_extract_file_to_heap
0x45a0b0	629	STT_FUNC	STB_GLOBAL	13	save_video
0x429b90	169	STT_FUNC	STB_GLOBAL	13	luaB_yield
0x53f820	6	STT_FUNC	STB_GLOBAL	13	SDL_OpenAudio
0x42a8e0	275	STT_FUNC	STB_GLOBAL	13	db_traceback
0x4a0090	224	STT_FUNC	STB_GLOBAL	13	save_stream_wav
0x62ebf0	18	STT_FUNC	STB_GLOBAL	13	SDL_IME_SetFocus
0x5412f0	6	STT_FUNC	STB_GLOBAL	13	SDL_GetVideoDriver
0x5abae0	421	STT_FUNC	STB_GLOBAL	13	SDL_DBus_CallMethodOnConnection
0x0	0	STT_FUNC	STB_GLOBAL	SHN_UNDEF	pipe@@GLIBC_2.2.5
0x957614	4	STT_OBJECT	STB_GLOBAL	25	zxc1
0x541340	6	STT_FUNC	STB_GLOBAL	13	SDL_GetDisplayName
0x41de10	96	STT_FUNC	STB_GLOBAL	13	luaH_free
0x581460	153	STT_FUNC	STB_GLOBAL	13	SDL_SetWindowHitTest_REAL
0x540d50	6	STT_FUNC	STB_GLOBAL	13	SDL_uitoa
0x53fef0	6	STT_FUNC	STB_GLOBAL	13	SDL_HapticRumbleInit
0x4220f0	847	STT_FUNC	STB_GLOBAL	13	luaO_pushvfstring
0x419520	342	STT_FUNC	STB_GLOBAL	13	luaO_chunkid
0x510420	651	STT_FUNC	STB_GLOBAL	13	codo_get_mouse
0x471860	1709	STT_FUNC	STB_GLOBAL	13	pico8_convert_bitmap_to_screen_pal
0x541d70	255	STT_FUNC	STB_GLOBAL	13	SDL_SetError
0x5b3cc0	8	STT_FUNC	STB_GLOBAL	13	SDL_GetAssertionReport_REAL
0xb19f40	4096	STT_OBJECT	STB_GLOBAL	25	global_str
0x580e20	43	STT_FUNC	STB_GLOBAL	13	SDL_IsScreenKeyboardShown_REAL
0x5409b0	6	STT_FUNC	STB_GLOBAL	13	SDL_DestroyTexture
0x49e390	104	STT_FUNC	STB_GLOBAL	13	_ExistsHashTable
0x44e500	113	STT_FUNC	STB_GLOBAL	13	count_selected_tokens
0x9af910	8	STT_OBJECT	STB_GLOBAL	25	X11_XFreeCursor
0x9af620	8	STT_OBJECT	STB_GLOBAL	25	X11_XESetEventToWire
0x8c9290	8	STT_OBJECT	STB_GLOBAL	24	true_str
0x425830	33	STT_FUNC	STB_GLOBAL	13	luaH_resizearray
0x577410	502	STT_FUNC	STB_GLOBAL	13	SDL_CreateRGBSurfaceWithFormatFrom_REAL
0x4c0bd0	157	STT_FUNC	STB_GLOBAL	13	codo_fwrite_uint8
0x4e5f40	564	STT_FUNC	STB_GLOBAL	13	LodePNG_chunk_check_crc
0x4a3180	154	STT_FUNC	STB_GLOBAL	13	download_worker
0x45d630	17	STT_FUNC	STB_GLOBAL	13	timer_start
0x41dba0	208	STT_FUNC	STB_GLOBAL	13	luaF_findupval
0x5aa800	1143	STT_FUNC	STB_GLOBAL	13	X11_HandleXinput2Event
0x9aab20	4	STT_OBJECT	STB_GLOBAL	25	inside_codo_mixer_callback
0x4a7360	84	STT_FUNC	STB_GLOBAL	13	get_title_from_filename
0x9af820	8	STT_OBJECT	STB_GLOBAL	25	X11_XLookupString
0x0	0	STT_FUNC	STB_GLOBAL	SHN_UNDEF	iconv@@GLIBC_2.2.5
0x440cb0	202	STT_FUNC	STB_GLOBAL	13	split_code_to_tabs
0x54bc80	116	STT_FUNC	STB_GLOBAL	13	SDL_HapticOpened_REAL
0x8ce6a4	4	STT_OBJECT	STB_GLOBAL	25	cam_y0
0x41db50	71	STT_FUNC	STB_GLOBAL	13	luaH_new
0x4a6e20	120	STT_FUNC	STB_GLOBAL	13	dl_on_load
0x0	0	STT_FUNC	STB_GLOBAL	SHN_UNDEF	pthread_setcanceltype@@GLIBC_2.2.5
0x56b5a0	25	STT_FUNC	STB_GLOBAL	13	SDL_isspace_REAL
0x0	0	STT_FUNC	STB_GLOBAL	SHN_UNDEF	setpriority@@GLIBC_2.2.5
0x4f09a0	4708	STT_FUNC	STB_GLOBAL	13	LZ4_compress
0x47a820	220	STT_FUNC	STB_GLOBAL	13	pico8_memcpy
0x41a3a0	21	STT_FUNC	STB_GLOBAL	13	lua_reset_cpu_cycles
0x43ea50	852	STT_FUNC	STB_GLOBAL	13	reset_runtime_state
0x594c70	1983	STT_FUNC	STB_GLOBAL	13	yuv420_rgba_sse
0x5069b0	2	STT_FUNC	STB_GLOBAL	13	codo_sound_release
0x4183a0	28	STT_FUNC	STB_GLOBAL	13	lua_getctx
0x540730	6	STT_FUNC	STB_GLOBAL	13	SDL_QueryTexture
0x4ba990	90	STT_FUNC	STB_GLOBAL	13	codo_put_pixel
0x549d30	20	STT_FUNC	STB_GLOBAL	13	SDL_SendQuit
0x41a270	37	STT_FUNC	STB_GLOBAL	13	luaU_header
0x56bf80	5	STT_FUNC	STB_GLOBAL	13	SDL_strtoull_REAL
0x53f7d0	6	STT_FUNC	STB_GLOBAL	13	SDL_GetNumAudioDrivers
0x4f9ad0	286	STT_FUNC	STB_GLOBAL	13	get_dx_for_note
0x4b5790	13	STT_FUNC	STB_GLOBAL	13	get_serial_file_remaining
0x0	0	STT_FUNC	STB_GLOBAL	SHN_UNDEF	dlclose@@GLIBC_2.2.5
0x53fda0	6	STT_FUNC	STB_GLOBAL	13	SDL_HapticOpenFromMouse
0x407590	78	STT_FUNC	STB_GLOBAL	13	blah
0x4b9010	418	STT_FUNC	STB_GLOBAL	13	codo_hline
0x542460	186	STT_FUNC	STB_GLOBAL	13	SDL_LogError
0x45c6e0	1794	STT_FUNC	STB_GLOBAL	13	log_activity
0x5a9220	326	STT_FUNC	STB_GLOBAL	13	X11_SetWindowTitle
0x550ee0	265	STT_FUNC	STB_GLOBAL	13	SDL_PrivateJoystickButton
0x512450	47	STT_FUNC	STB_GLOBAL	13	base32char2int
0x0	0	STT_FUNC	STB_GLOBAL	SHN_UNDEF	pthread_self@@GLIBC_2.2.5
0x4d15b0	167	STT_FUNC	STB_GLOBAL	13	codo_draw_sprite8_h
0x541ac0	6	STT_FUNC	STB_GLOBAL	13	SDL_LoadFile_RW
0x54fd10	202	STT_FUNC	STB_GLOBAL	13	SDL_GameControllerQuitMappings
0x9af560	8	STT_OBJECT	STB_GLOBAL	25	X11_Xutf8ResetIC
0x50bea0	53	STT_FUNC	STB_GLOBAL	13	codo_lock_audio_plat
0x517180	543	STT_FUNC	STB_GLOBAL	13	ctext_search_for_line
0x8ce1fc	4	STT_OBJECT	STB_GLOBAL	25	counter
0x4aa180	1762	STT_FUNC	STB_GLOBAL	13	update_splore_download
0x5403d0	6	STT_FUNC	STB_GLOBAL	13	SDL_GetCursor
0x528a50	1264	STT_FUNC	STB_GLOBAL	13	mz_zip_reader_locate_file_v2
0x4cf2b0	49	STT_FUNC	STB_GLOBAL	13	codo_create_anim_channel
0x46c290	1183	STT_FUNC	STB_GLOBAL	13	draw_ellipse_1
0x54fc50	189	STT_FUNC	STB_GLOBAL	13	SDL_GameControllerQuit
0x52f460	269	STT_FUNC	STB_GLOBAL	13	codo_strcasestr
0x4152d0	2	STT_FUNC	STB_GLOBAL	13	handle_dropped_file_html
0x422c10	22	STT_FUNC	STB_GLOBAL	13	luaK_codeABC
0x5b1bc0	184	STT_FUNC	STB_GLOBAL	13	SDL_Delay_REAL
0x53fe80	6	STT_FUNC	STB_GLOBAL	13	SDL_HapticGetEffectStatus
0x430ce0	380	STT_FUNC	STB_GLOBAL	13	tinsert
0x8c9278	8	STT_OBJECT	STB_GLOBAL	24	table_str
0x56b460	5	STT_FUNC	STB_GLOBAL	13	SDL_log10_REAL
0x56b350	8	STT_FUNC	STB_GLOBAL	13	SDL_fabsf_REAL
0x54ba80	5	STT_FUNC	STB_GLOBAL	13	SDL_NumHaptics_REAL
0x625d40	958	STT_FUNC	STB_GLOBAL	13	X11_CreateWindowFramebuffer
0x5410d0	6	STT_FUNC	STB_GLOBAL	13	SDL_ConvertSurface
0x0	0	STT_FUNC	STB_GLOBAL	SHN_UNDEF	pthread_join@@GLIBC_2.2.5
0x53f700	6	STT_FUNC	STB_GLOBAL	13	SDL_SetAssertionHandler
0x5415c0	6	STT_FUNC	STB_GLOBAL	13	SDL_SetWindowGrab
0x4a38f0	88	STT_FUNC	STB_GLOBAL	13	get_splore_item
0x53f810	6	STT_FUNC	STB_GLOBAL	13	SDL_GetCurrentAudioDriver
0x4effd0	55	STT_FUNC	STB_GLOBAL	13	cbuffer_add_string
0x541980	6	STT_FUNC	STB_GLOBAL	13	SDL_GetHintBoolean
0x55fa80	994	STT_FUNC	STB_GLOBAL	13	GL_CreateShaderContext
0x50cb70	5	STT_FUNC	STB_GLOBAL	13	codo_get_time
0x40e5e0	331	STT_FUNC	STB_GLOBAL	13	display_system_volume
0x4199f0	95	STT_FUNC	STB_GLOBAL	13	luaT_gettm
0x54bf20	55	STT_FUNC	STB_GLOBAL	13	SDL_JoystickIsHaptic_REAL
0x4ff230	4258	STT_FUNC	STB_GLOBAL	13	update_mix_channel
0x552320	171	STT_FUNC	STB_GLOBAL	13	SDL_GetPowerInfo_REAL
0x54c0a0	357	STT_FUNC	STB_GLOBAL	13	SDL_HapticClose_REAL
0x5817e0	170	STT_FUNC	STB_GLOBAL	13	SDL_Vulkan_GetInstanceExtensions_REAL
0x9af690	8	STT_OBJECT	STB_GLOBAL	25	X11_XextRemoveDisplay
0x9aebc8	8	STT_OBJECT	STB_GLOBAL	25	SDL_Convert_F32_to_U8
0x62c220	33	STT_FUNC	STB_GLOBAL	13	X11_ResetTouch
0x4efd70	212	STT_FUNC	STB_GLOBAL	13	codo_allocate_buffer_size
0x5acf60	74	STT_FUNC	STB_GLOBAL	13	SDL_SYS_SetTLSData
0x0	0	STT_FUNC	STB_GLOBAL	SHN_UNDEF	poll@@GLIBC_2.2.5
0x429c40	9	STT_FUNC	STB_GLOBAL	13	lua_error
0x5116d0	5	STT_FUNC	STB_GLOBAL	13	codo_num_video_displays
0x5a95f0	228	STT_FUNC	STB_GLOBAL	13	X11_SetWindowMinimumSize
0x46d210	751	STT_FUNC	STB_GLOBAL	13	fill_ellipse_1_editor
0x4bb730	2173	STT_FUNC	STB_GLOBAL	13	codo_fade_palette_moment
0x5aad50	142	STT_FUNC	STB_GLOBAL	13	X11_Xinput2SelectTouch
0x5788f0	47	STT_FUNC	STB_GLOBAL	13	SDL_GetNumVideoDisplays_REAL
0x4ecea0	219	STT_FUNC	STB_GLOBAL	13	LodePNG_Decoder_init
0x8ce670	4	STT_OBJECT	STB_GLOBAL	25	cpu_superyield
0x4cd3f0	648	STT_FUNC	STB_GLOBAL	13	cpoly_copy
0x0	0	STT_FUNC	STB_GLOBAL	SHN_UNDEF	pthread_mutex_trylock@@GLIBC_2.2.5
0x540200	6	STT_FUNC	STB_GLOBAL	13	SDL_StartTextInput
0x53fe90	6	STT_FUNC	STB_GLOBAL	13	SDL_HapticSetGain
0x40e4f0	73	STT_FUNC	STB_GLOBAL	13	should_be_pointer_locked
0x4c4da0	4043	STT_FUNC	STB_GLOBAL	13	codo_save_pod_file
0x4ecb10	271	STT_FUNC	STB_GLOBAL	13	LodePNG_decode32_file
0x43ddc0	271	STT_FUNC	STB_GLOBAL	13	pico_print
0x4be470	258	STT_FUNC	STB_GLOBAL	13	codo_gui_broadcast
0x5b5640	7	STT_FUNC	STB_GLOBAL	13	SDL_AtomicAdd_REAL
0x5ac6f0	98	STT_FUNC	STB_GLOBAL	13	SDL_CreateSemaphore_REAL
0x56b550	5	STT_FUNC	STB_GLOBAL	13	SDL_tan_REAL
0x43db80	146	STT_FUNC	STB_GLOBAL	13	follow_current_breadcrumb
0x54c280	76	STT_FUNC	STB_GLOBAL	13	SDL_HapticNumEffectsPlaying_REAL
0x419330	25	STT_FUNC	STB_GLOBAL	13	luaO_fb2int
0x53fe50	6	STT_FUNC	STB_GLOBAL	13	SDL_HapticRunEffect
0x0	0	STT_FUNC	STB_GLOBAL	SHN_UNDEF	pow@@GLIBC_2.2.5
0x5b3570	6	STT_FUNC	STB_GLOBAL	13	SDL_GetRevisionNumber_REAL
0x4f82f0	3684	STT_FUNC	STB_GLOBAL	13	mix_down
0x4158e0	432	STT_FUNC	STB_GLOBAL	13	load_data_from_url
0x581610	10	STT_FUNC	STB_GLOBAL	13	SDL_OnApplicationWillEnterForeground
0x9af6a0	8	STT_OBJECT	STB_GLOBAL	25	X11_XextDestroyExtension
0x9af778	8	STT_OBJECT	STB_GLOBAL	25	X11_XSetIOErrorHandler
0x4ceb40	25	STT_FUNC	STB_GLOBAL	13	codo_random_restore
0x491100	368	STT_FUNC	STB_GLOBAL	13	do_copy_sfxes
0x40e540	155	STT_FUNC	STB_GLOBAL	13	update_audio_moment_cache
0x4909f0	100	STT_FUNC	STB_GLOBAL	13	p8_fsqrt
0x41c7f0	318	STT_FUNC	STB_GLOBAL	13	luaG_runerror
0x9aac70	8	STT_OBJECT	STB_GLOBAL	25	sdl_window_display
0x540ad0	9	STT_FUNC	STB_GLOBAL	13	SDL_WriteBE16
0x44c4a0	7730	STT_FUNC	STB_GLOBAL	13	vhand_map_editor
0x509d40	58	STT_FUNC	STB_GLOBAL	13	codo_blit_back_page
0x5404d0	6	STT_FUNC	STB_GLOBAL	13	SDL_CreateCond
0x9470c8	4	STT_OBJECT	STB_GLOBAL	25	last_video_t
0x48e8e0	43	STT_FUNC	STB_GLOBAL	13	get_btnp_update_fps
0x5fc630	758	STT_FUNC	STB_GLOBAL	13	SDL_CalculateBlitN
0x540300	6	STT_FUNC	STB_GLOBAL	13	SDL_SetMainReady
0x5b4e50	89	STT_FUNC	STB_GLOBAL	13	SDL_LogResetPriorities_REAL
0x8ce1a8	0	STT_OBJECT	STB_GLOBAL	24	__TMC_END__
0x4ced90	35	STT_FUNC	STB_GLOBAL	13	fdist
0x45c440	615	STT_FUNC	STB_GLOBAL	13	record_test_video
0x9af570	8	STT_OBJECT	STB_GLOBAL	25	X11_Xutf8TextExtents
0x540a70	6	STT_FUNC	STB_GLOBAL	13	SDL_ReadLE32
0x4ec230	535	STT_FUNC	STB_GLOBAL	13	LodePNG_Decoder_inspect
0x4ece80	19	STT_FUNC	STB_GLOBAL	13	LodePNG_DecodeSettings_init
0x4f8140	145	STT_FUNC	STB_GLOBAL	13	LZ4_compressHC_limitedOutput
0x518010	387	STT_FUNC	STB_GLOBAL	13	ctext_insert_character
0x540c30	6	STT_FUNC	STB_GLOBAL	13	SDL_memcpy
0x4eacf0	511	STT_FUNC	STB_GLOBAL	13	LodePNG_InfoPng_swap
0x8c9180	64	STT_OBJECT	STB_GLOBAL	24	inst_name
0x4d1770	730	STT_FUNC	STB_GLOBAL	13	codo_load_stable_from_file
0x4462b0	583	STT_FUNC	STB_GLOBAL	13	vhand_gfx_palette
0x58f910	631	STT_FUNC	STB_GLOBAL	13	yuv422_abgr_std
0x439720	50	STT_FUNC	STB_GLOBAL	13	luaX_next
0xb13460	18944	STT_OBJECT	STB_GLOBAL	25	splore_list
0x0	0	STT_FUNC	STB_GLOBAL	SHN_UNDEF	usleep@@GLIBC_2.2.5
0x4e7240	40	STT_FUNC	STB_GLOBAL	13	LodePNG_IText_init
0x0	0	STT_FUNC	STB_GLOBAL	SHN_UNDEF	strerror@@GLIBC_2.2.5
0x5109f0	105	STT_FUNC	STB_GLOBAL	13	codo_fatal_error
0x5447e0	122	STT_FUNC	STB_GLOBAL	13	SDL_SendAppEvent
0x5ae270	58	STT_FUNC	STB_GLOBAL	13	SDL_SYS_JoystickGetGUID
0x5b1960	296	STT_FUNC	STB_GLOBAL	13	SDL_GetTicks_REAL
0x418490	16	STT_FUNC	STB_GLOBAL	13	lua_reset_call_state_pico8
0x4a7150	6	STT_FUNC	STB_GLOBAL	13	get_platform_char
0x5415b0	6	STT_FUNC	STB_GLOBAL	13	SDL_UpdateWindowSurfaceRects
0x516790	376	STT_FUNC	STB_GLOBAL	13	ctext_insert_text
0x0	0	STT_FUNC	STB_GLOBAL	SHN_UNDEF	strstr@@GLIBC_2.2.5
0x459380	178	STT_FUNC	STB_GLOBAL	13	count_gfx
0x57d790	15	STT_FUNC	STB_GLOBAL	13	SDL_GetGrabbedWindow_REAL
0x56b330	5	STT_FUNC	STB_GLOBAL	13	SDL_cosf_REAL
0x4264c0	162	STT_FUNC	STB_GLOBAL	13	luaL_unref
0x5b5160	185	STT_FUNC	STB_GLOBAL	13	SDL_LogDebug_REAL
0x56b7b0	210	STT_FUNC	STB_GLOBAL	13	SDL_utf8strlcpy_REAL
0x9af798	8	STT_OBJECT	STB_GLOBAL	25	X11_XSelectInput
0x545110	32	STT_FUNC	STB_GLOBAL	13	SDL_GestureQuit
0x49e2d0	111	STT_FUNC	STB_GLOBAL	13	_InitHashTable
0x5a31b0	2685	STT_FUNC	STB_GLOBAL	13	rgb24_yuv420_sse
0x423f30	170	STT_FUNC	STB_GLOBAL	13	luaL_fileresult
0x5408b0	6	STT_FUNC	STB_GLOBAL	13	SDL_GetRenderDrawColor
0x4a3c00	229	STT_FUNC	STB_GLOBAL	13	get_bbs_cart_filename_nfo
0x41fb60	257	STT_FUNC	STB_GLOBAL	13	luaL_loadstring
0x5aa470	307	STT_FUNC	STB_GLOBAL	13	X11_SetWindowGrab
0x8ce100	32	STT_OBJECT	STB_GLOBAL	24	PULSEAUDIO_bootstrap
0xbd7368	8	STT_OBJECT	STB_GLOBAL	25	codo_back_page
0x56f560	3625	STT_FUNC	STB_GLOBAL	13	SDL_FillRects_REAL
0x5400c0	6	STT_FUNC	STB_GLOBAL	13	SDL_JoystickNumBalls
0x61c2b0	252	STT_FUNC	STB_GLOBAL	13	SDL_DUMMY_CreateWindowFramebuffer
0x0	0	STT_FUNC	STB_GLOBAL	SHN_UNDEF	sigaction@@GLIBC_2.2.5
0x522a60	196	STT_FUNC	STB_GLOBAL	13	mz_inflateInit
0x408a00	1032	STT_FUNC	STB_GLOBAL	13	draw_paused_menu
0x5413e0	6	STT_FUNC	STB_GLOBAL	13	SDL_GetWindowPixelFormat
0x540700	6	STT_FUNC	STB_GLOBAL	13	SDL_GetRendererOutputSize
0x4206d0	117	STT_FUNC	STB_GLOBAL	13	luaD_growstack
0x5c4590	639	STT_FUNC	STB_GLOBAL	13	SDL_HasSSE3_REAL
0x51aeb0	142	STT_FUNC	STB_GLOBAL	13	codo_undo_peek_patch
0xada460	1024	STT_OBJECT	STB_GLOBAL	25	literal_index
0x414f90	242	STT_FUNC	STB_GLOBAL	13	unsaved_changes_confirmation
0x540000	51	STT_FUNC	STB_GLOBAL	13	SDL_JoystickGetGUID
0x9aac54	4	STT_OBJECT	STB_GLOBAL	25	codo_audio_is_locked
0x4aa8f0	1000	STT_FUNC	STB_GLOBAL	13	splore_toggle_favourite_0
0x445840	8	STT_FUNC	STB_GLOBAL	13	get_token_ident
0x9af520	8	STT_OBJECT	STB_GLOBAL	25	X11__XRead32
0xb1af40	1720	STT_OBJECT	STB_GLOBAL	25	codo_state
0x0	0	STT_FUNC	STB_GLOBAL	SHN_UNDEF	pthread_attr_setstacksize@@GLIBC_2.2.5
0xb17e60	256	STT_OBJECT	STB_GLOBAL	25	strip_lid_version_buffer
0x58d3e0	1570	STT_FUNC	STB_GLOBAL	13	yuv420_rgba_std
0x5160e0	117	STT_FUNC	STB_GLOBAL	13	ctext_remove_text
0x4be580	66	STT_FUNC	STB_GLOBAL	13	codo_gui_message_ex
0x471630	123	STT_FUNC	STB_GLOBAL	13	putpixel
0x546ad0	121	STT_FUNC	STB_GLOBAL	13	SDL_GetScancodeFromName_REAL
0x444a80	21	STT_FUNC	STB_GLOBAL	13	init_api_function_names
0x56b340	9	STT_FUNC	STB_GLOBAL	13	SDL_fabs_REAL
0x5491a0	148	STT_FUNC	STB_GLOBAL	13	SDL_WarpMouseInWindow_REAL
0x4c5d70	243	STT_FUNC	STB_GLOBAL	13	codo_save_pod
0x5576e0	50	STT_FUNC	STB_GLOBAL	13	SDL_RenderPresent_REAL
0x540a40	6	STT_FUNC	STB_GLOBAL	13	SDL_ReadU8
0x53fa50	6	STT_FUNC	STB_GLOBAL	13	SDL_GetSystemRAM
0x5419f0	6	STT_FUNC	STB_GLOBAL	13	SDL_GameControllerGetVendor
0xa01ba0	675840	STT_OBJECT	STB_GLOBAL	25	run_chain_item
0x0	0	STT_FUNC	STB_GLOBAL	SHN_UNDEF	rewind@@GLIBC_2.2.5
0x540740	16	STT_FUNC	STB_GLOBAL	13	SDL_SetTextureColorMod
0x41a3c0	11	STT_FUNC	STB_GLOBAL	13	lua_cpu_superyield
0x551530	126	STT_FUNC	STB_GLOBAL	13	SDL_JoystickGetDeviceGUID_REAL
0x8c92a0	116	STT_OBJECT	STB_GLOBAL	24	note_key
0x54f920	18	STT_FUNC	STB_GLOBAL	13	SDL_GameControllerGetProduct_REAL
0x40a150	85	STT_FUNC	STB_GLOBAL	13	add_paused_menu_item
0x408220	68	STT_FUNC	STB_GLOBAL	13	visual_strlen
0x0	0	STT_FUNC	STB_GLOBAL	SHN_UNDEF	strcat@@GLIBC_2.2.5
0x52a8e0	223	STT_FUNC	STB_GLOBAL	13	mz_zip_validate_file_archive
0x4c6810	340	STT_FUNC	STB_GLOBAL	13	codo_fread_lz4
0x5ac370	34	STT_FUNC	STB_GLOBAL	13	SDL_DBus_ScreensaverTickle
0x4ceaf0	44	STT_FUNC	STB_GLOBAL	13	codo_random
0x9af800	8	STT_OBJECT	STB_GLOBAL	25	X11_XMoveWindow
0x540360	6	STT_FUNC	STB_GLOBAL	13	SDL_WarpMouseInWindow
0x423e10	55	STT_FUNC	STB_GLOBAL	13	lua_pushvfstring
0x4f4400	16	STT_FUNC	STB_GLOBAL	13	LZ4_free
0x4eaff0	206	STT_FUNC	STB_GLOBAL	13	LodePNG_InfoRaw_copy
0x540bc0	6	STT_FUNC	STB_GLOBAL	13	SDL_qsort
0x49b640	1563	STT_FUNC	STB_GLOBAL	13	DGifGetImageDesc
0x4c9630	233	STT_FUNC	STB_GLOBAL	13	codo_load_pod_set_from_memory
0x541a20	6	STT_FUNC	STB_GLOBAL	13	SDL_HasNEON
0x574210	100	STT_FUNC	STB_GLOBAL	13	SDL_CalculateShapeTree
0x5aade0	7	STT_FUNC	STB_GLOBAL	13	X11_Xinput2IsInitialized
0x59b610	1275	STT_FUNC	STB_GLOBAL	13	yuv422_argb_sse
0x8c86e8	0	STT_OBJECT	STB_GLOBAL	24	__dso_handle
0x634480	257	STT_OBJECT	STB_GLOBAL	15	luai_ctype_
0x9af428	8	STT_OBJECT	STB_GLOBAL	25	X11_XRRGetScreenSizeRange
0x566bc0	291	STT_FUNC	STB_GLOBAL	13	GLES2_GetShader
0x474210	386	STT_FUNC	STB_GLOBAL	13	draw_circle_editor
0x422f70	185	STT_FUNC	STB_GLOBAL	13	luaK_setreturns
0x53f930	6	STT_FUNC	STB_GLOBAL	13	SDL_UnlockAudio
0x540440	6	STT_FUNC	STB_GLOBAL	13	SDL_UnlockMutex
0x575880	92	STT_FUNC	STB_GLOBAL	13	SDL_SetSurfaceColorMod_REAL
0x4bb030	351	STT_FUNC	STB_GLOBAL	13	codo_draw_sprite
0x5409c0	6	STT_FUNC	STB_GLOBAL	13	SDL_DestroyRenderer
0x5b50a0	185	STT_FUNC	STB_GLOBAL	13	SDL_LogVerbose_REAL
0x54a480	991	STT_FUNC	STB_GLOBAL	13	SDL_SendTouchMotion
0x5419e0	6	STT_FUNC	STB_GLOBAL	13	SDL_JoystickGetProductVersion
0x9aea18	8	STT_OBJECT	STB_GLOBAL	25	SRC_src_process
0x41cba0	143	STT_FUNC	STB_GLOBAL	13	lua_yieldk
0x4205e0	87	STT_FUNC	STB_GLOBAL	13	luaS_newudata
0x43d8a0	95	STT_FUNC	STB_GLOBAL	13	luaZ_openspace
0x8c50c0	96	STT_OBJECT	STB_GLOBAL	20	luaT_typenames_
0x53f750	6	STT_FUNC	STB_GLOBAL	13	SDL_AtomicUnlock
0x4ec450	442	STT_FUNC	STB_GLOBAL	13	LodePNG_Decoder_decode
0x9af9d0	8	STT_OBJECT	STB_GLOBAL	25	X11_XCheckIfEvent
0x628fa0	2	STT_FUNC	STB_GLOBAL	13	X11_QuitModes
0x53fce0	6	STT_FUNC	STB_GLOBAL	13	SDL_GameControllerGetButton
0x540970	6	STT_FUNC	STB_GLOBAL	13	SDL_RenderCopy
0x4aecc0	25	STT_FUNC	STB_GLOBAL	13	gpio_read
0x4c1e00	118	STT_FUNC	STB_GLOBAL	13	codo_split_filename
0x515470	67	STT_FUNC	STB_GLOBAL	13	ctext_get_pos_for_line_number
0x4c3fb0	58	STT_FUNC	STB_GLOBAL	13	codo_fopen_memory
0x5a70b0	734	STT_FUNC	STB_GLOBAL	13	X11_Vulkan_LoadLibrary
0x59b100	1283	STT_FUNC	STB_GLOBAL	13	yuv422_bgra_sseu
0x5544f0	994	STT_FUNC	STB_GLOBAL	13	SDL_UpdateYUVTexture_REAL
0x592430	2239	STT_FUNC	STB_GLOBAL	13	yuv420_rgb565_sse
0x541260	6	STT_FUNC	STB_GLOBAL	13	SDL_RemoveTimer
0x0	0	STT_FUNC	STB_GLOBAL	SHN_UNDEF	fputs@@GLIBC_2.2.5
0x45ce30	47	STT_FUNC	STB_GLOBAL	13	base64_encode_value
0x4eb0c0	4457	STT_FUNC	STB_GLOBAL	13	LodePNG_convert
0x556970	114	STT_FUNC	STB_GLOBAL	13	SDL_RenderDrawLine_REAL
0x49dec0	117	STT_FUNC	STB_GLOBAL	13	GifDrawRectangle
0x528320	47	STT_FUNC	STB_GLOBAL	13	mz_zip_zero_struct
0x5769b0	203	STT_FUNC	STB_GLOBAL	13	SDL_FreeSurface_REAL
0x46d0b0	350	STT_FUNC	STB_GLOBAL	13	draw_oval_editor
0x4c4060	106	STT_FUNC	STB_GLOBAL	13	codo_fread
0x0	0	STT_FUNC	STB_GLOBAL	SHN_UNDEF	strtol@@GLIBC_2.2.5
0x540ca0	6	STT_FUNC	STB_GLOBAL	13	SDL_strlcpy
0x9af898	8	STT_OBJECT	STB_GLOBAL	25	X11_XGetWindowProperty
0x575920	59	STT_FUNC	STB_GLOBAL	13	SDL_SetSurfaceAlphaMod_REAL
0x9af3c0	8	STT_OBJECT	STB_GLOBAL	25	X11_XScreenSaverQueryExtension
0x0	0	STT_FUNC	STB_GLOBAL	SHN_UNDEF	readlink@@GLIBC_2.2.5
0x5419b0	6	STT_FUNC	STB_GLOBAL	13	SDL_JoystickGetDeviceProductVersion
0x4ce040	83	STT_FUNC	STB_GLOBAL	13	codo_cross_product
0x515420	75	STT_FUNC	STB_GLOBAL	13	ctext_get_line_number_for_pos
0x51b500	15	STT_FUNC	STB_GLOBAL	13	miniz_def_realloc_func
0x4aeb40	305	STT_FUNC	STB_GLOBAL	13	get_output_file_name_base
0x4b59f0	2013	STT_FUNC	STB_GLOBAL	13	move_boot
0x540ed0	6	STT_FUNC	STB_GLOBAL	13	SDL_cosf
0x9af838	8	STT_OBJECT	STB_GLOBAL	25	X11_XListPixmapFormats
0x46c730	711	STT_FUNC	STB_GLOBAL	13	draw_ellipse_1_editor
0x576a80	582	STT_FUNC	STB_GLOBAL	13	SDL_CreateRGBSurfaceWithFormat_REAL
0x4a73c0	1169	STT_FUNC	STB_GLOBAL	13	populate_splore_list_from_directory
0x5b26f0	273	STT_FUNC	STB_GLOBAL	13	SDL_UDEV_Scan
0x8ce220	4	STT_OBJECT	STB_GLOBAL	25	commands
0x61be50	472	STT_FUNC	STB_GLOBAL	13	SDL_Vulkan_GetResultString
0x556610	116	STT_FUNC	STB_GLOBAL	13	SDL_GetRenderDrawColor_REAL
0x503410	1184	STT_FUNC	STB_GLOBAL	13	codo_play_sound
0x4928d0	106	STT_FUNC	STB_GLOBAL	13	putbit
0x571e70	879	STT_FUNC	STB_GLOBAL	13	SDL_DitherColors
0x6315f0	101	STT_FUNC	STB_GLOBAL	13	__libc_csu_init
0x627620	4941	STT_FUNC	STB_GLOBAL	13	X11_InitModes
0x549bb0	193	STT_FUNC	STB_GLOBAL	13	SDL_QuitInit
0x529be0	377	STT_FUNC	STB_GLOBAL	13	mz_zip_reader_extract_to_file
0x53f9e0	6	STT_FUNC	STB_GLOBAL	13	SDL_HasMMX
0x56b4b0	5	STT_FUNC	STB_GLOBAL	13	SDL_scalbnf_REAL
0x572f80	268	STT_FUNC	STB_GLOBAL	13	SDL_IntersectRect_REAL
0x575a70	117	STT_FUNC	STB_GLOBAL	13	SDL_SetClipRect_REAL
0x630c80	13	STT_FUNC	STB_GLOBAL	13	SDL_CountDataQueue
0x53f9c0	6	STT_FUNC	STB_GLOBAL	13	SDL_HasRDTSC
0x56b5c0	34	STT_FUNC	STB_GLOBAL	13	SDL_toupper_REAL
0x58f190	630	STT_FUNC	STB_GLOBAL	13	yuv422_rgba_std
0x4e6b90	25	STT_FUNC	STB_GLOBAL	13	LodePNG_InfoColor_getBpp
0xb1b600	4096	STT_OBJECT	STB_GLOBAL	25	codo_debug_string
0x5407e0	6	STT_FUNC	STB_GLOBAL	13	SDL_RenderTargetSupported
0x5415a0	6	STT_FUNC	STB_GLOBAL	13	SDL_UpdateWindowSurface
0x4ce340	339	STT_FUNC	STB_GLOBAL	13	codo_apply_matrix_inverse
0x417b90	25	STT_FUNC	STB_GLOBAL	13	lua_version
0x53f7e0	6	STT_FUNC	STB_GLOBAL	13	SDL_GetAudioDriver
0x540bf0	6	STT_FUNC	STB_GLOBAL	13	SDL_isspace
0x55fe80	63	STT_FUNC	STB_GLOBAL	13	GL_DestroyShaderContext
0x541050	16	STT_FUNC	STB_GLOBAL	13	SDL_SetSurfaceColorMod
0x5416d0	6	STT_FUNC	STB_GLOBAL	13	SDL_GL_MakeCurrent
0x417c00	88	STT_FUNC	STB_GLOBAL	13	lua_settop
0x407740	62	STT_FUNC	STB_GLOBAL	13	test_strstr
0x5c2370	4284	STT_FUNC	STB_GLOBAL	13	SDL_LoadWAV_RW_REAL
0x408650	43	STT_FUNC	STB_GLOBAL	13	activate_extpal_glitch
0x5ae2b0	2	STT_FUNC	STB_GLOBAL	13	SDL_InitSteamControllers
0x552bc0	6	STT_FUNC	STB_GLOBAL	13	SDL_GetNumRenderDrivers_REAL
0x50f850	3	STT_FUNC	STB_GLOBAL	13	codo_set_clipboard_text_preemptive
0x5b6410	168	STT_FUNC	STB_GLOBAL	13	SDL_OpenedAudioDeviceDisconnected
0x420fd0	103	STT_FUNC	STB_GLOBAL	13	lua_rawequal
0x540ce0	6	STT_FUNC	STB_GLOBAL	13	SDL_strrev
0x541d50	6	STT_FUNC	STB_GLOBAL	13	SDL_log10
0x5403a0	6	STT_FUNC	STB_GLOBAL	13	SDL_CreateColorCursor
0x5b0d60	1059	STT_FUNC	STB_GLOBAL	13	SDL_GetPowerInfo_Linux_sys_class_power_supply
0x540330	6	STT_FUNC	STB_GLOBAL	13	SDL_GetMouseFocus
0x5425e0	494	STT_FUNC	STB_GLOBAL	13	SDL_StopEventLoop
0x540d70	6	STT_FUNC	STB_GLOBAL	13	SDL_ultoa
0x967680	4	STT_OBJECT	STB_GLOBAL	25	freeables
0x9af8c8	8	STT_OBJECT	STB_GLOBAL	25	X11_XGetErrorDatabaseText
0x0	0	STT_FUNC	STB_GLOBAL	SHN_UNDEF	gethostname@@GLIBC_2.2.5
0xab6ba0	16384	STT_OBJECT	STB_GLOBAL	25	api_function_name
0x5acd30	268	STT_FUNC	STB_GLOBAL	13	SDL_CondWaitTimeout_REAL
0x5416a0	6	STT_FUNC	STB_GLOBAL	13	SDL_GL_SetAttribute
0x5b69e0	79	STT_FUNC	STB_GLOBAL	13	SDL_ClearQueuedAudio_REAL
0x62fe20	83	STT_FUNC	STB_GLOBAL	13	SDL_IBus_PumpEvents
0x9aab08	4	STT_OBJECT	STB_GLOBAL	25	codo_total_deallocs
0x412d70	1491	STT_FUNC	STB_GLOBAL	13	save_working_cart
0x5b64c0	770	STT_FUNC	STB_GLOBAL	13	SDL_RemoveAudioDevice
0x4e5a30	1022	STT_FUNC	STB_GLOBAL	13	LodeZlib_compress
0x4d1be0	148	STT_FUNC	STB_GLOBAL	13	cdict_entries
0x445860	149	STT_FUNC	STB_GLOBAL	13	get_token_color
0x54a0d0	931	STT_FUNC	STB_GLOBAL	13	SDL_SendTouch
0x556c40	404	STT_FUNC	STB_GLOBAL	13	SDL_RenderDrawRects_REAL
0x4ce870	540	STT_FUNC	STB_GLOBAL	13	codo_get_vector_rotation_matrix
0x9a9ec8	4	STT_OBJECT	STB_GLOBAL	25	codo_quit
0x48f450	2093	STT_FUNC	STB_GLOBAL	13	update_buttons
0x473b50	21	STT_FUNC	STB_GLOBAL	13	init_print_context
0x5522e0	4	STT_FUNC	STB_GLOBAL	13	SDL_PrivateJoystickBatteryLevel
0x473e10	141	STT_FUNC	STB_GLOBAL	13	continue_print_text
0x57e280	90	STT_FUNC	STB_GLOBAL	13	SDL_OnWindowRestored
0x517c70	156	STT_FUNC	STB_GLOBAL	13	codo_backup_ctext_allow_view
0x9af468	8	STT_OBJECT	STB_GLOBAL	25	X11_XRRGetScreenInfo
0x431cd0	36	STT_FUNC	STB_GLOBAL	13	luaopen_debug
0x418020	44	STT_FUNC	STB_GLOBAL	13	lua_toboolean
0x630b00	139	STT_FUNC	STB_GLOBAL	13	SDL_PeekIntoDataQueue
0x430230	152	STT_FUNC	STB_GLOBAL	13	luaB_assert
0x541360	6	STT_FUNC	STB_GLOBAL	13	SDL_GetNumDisplayModes
0x530890	71	STT_FUNC	STB_GLOBAL	13	codo_save_xm
0x4c1c70	202	STT_FUNC	STB_GLOBAL	13	codo_fix_path_string
0x5419d0	6	STT_FUNC	STB_GLOBAL	13	SDL_JoystickGetProduct
0x56ba30	5	STT_FUNC	STB_GLOBAL	13	SDL_strrchr_REAL
0x5400a0	6	STT_FUNC	STB_GLOBAL	13	SDL_JoystickInstanceID
0x4cd110	250	STT_FUNC	STB_GLOBAL	13	codo_destroy_model
0x44b050	3291	STT_FUNC	STB_GLOBAL	13	vhand_code_tab
0x9af480	8	STT_OBJECT	STB_GLOBAL	25	X11_XIQueryVersion
0x5bd430	55	STT_FUNC	STB_GLOBAL	13	SDL_FreeResampleFilter
0x5490d0	33	STT_FUNC	STB_GLOBAL	13	SDL_GetMouseState_REAL
0x41cb50	69	STT_FUNC	STB_GLOBAL	13	luaG_ordererror
0x9af7e8	8	STT_OBJECT	STB_GLOBAL	25	X11_XInitThreads
0x62ec10	18	STT_FUNC	STB_GLOBAL	13	SDL_IME_Reset
0x5b42f0	670	STT_FUNC	STB_GLOBAL	13	SDL_GetError_REAL
0x58e660	1573	STT_FUNC	STB_GLOBAL	13	yuv420_abgr_std
0x4cbf70	429	STT_FUNC	STB_GLOBAL	13	cmodel_max_vertices
0x40a070	21	STT_FUNC	STB_GLOBAL	13	is_input_char
0x540aa0	6	STT_FUNC	STB_GLOBAL	13	SDL_ReadBE64
0x540a00	6	STT_FUNC	STB_GLOBAL	13	SDL_RWFromMem
0x550460	41	STT_FUNC	STB_GLOBAL	13	SDL_JoystickName_REAL
0x9a9ecc	4	STT_OBJECT	STB_GLOBAL	25	codo_items_created
0x5a99c0	49	STT_FUNC	STB_GLOBAL	13	X11_SetWindowModalFor
0x8cd3a0	72	STT_OBJECT	STB_GLOBAL	24	SDL_expand_byte
0x43d980	135	STT_FUNC	STB_GLOBAL	13	add_run_chain_item
0x540880	6	STT_FUNC	STB_GLOBAL	13	SDL_RenderGetScale
0x4afdd0	85	STT_FUNC	STB_GLOBAL	13	create_plist_file
0x9af840	8	STT_OBJECT	STB_GLOBAL	25	X11_XInternAtom
0x5b9eb0	48	STT_FUNC	STB_GLOBAL	13	SDL_CalculateAudioSpec
0x541900	6	STT_FUNC	STB_GLOBAL	13	SDL_SetWindowInputFocus
0x540230	6	STT_FUNC	STB_GLOBAL	13	SDL_SetTextInputRect
0x6290a0	390	STT_FUNC	STB_GLOBAL	13	X11_GetDisplayUsableBounds
0x571b70	243	STT_FUNC	STB_GLOBAL	13	SDL_FreeFormat_REAL
0x4e6ab0	28	STT_FUNC	STB_GLOBAL	13	LodePNG_InfoColor_cleanup
0x528f90	67	STT_FUNC	STB_GLOBAL	13	mz_zip_reader_extract_to_mem_no_alloc
0x4a3530	285	STT_FUNC	STB_GLOBAL	13	save_splore_favourites
0x417cf0	33	STT_FUNC	STB_GLOBAL	13	lua_pushvalue
0x5406f0	6	STT_FUNC	STB_GLOBAL	13	SDL_GetRendererInfo
0x546a80	77	STT_FUNC	STB_GLOBAL	13	SDL_GetScancodeName_REAL
0x4903d0	67	STT_FUNC	STB_GLOBAL	13	p8_fdiv_0_1_12
0x541220	6	STT_FUNC	STB_GLOBAL	13	SDL_GetPerformanceCounter
0x549770	61	STT_FUNC	STB_GLOBAL	13	SDL_CreateSystemCursor_REAL
0x5b9b00	38	STT_FUNC	STB_GLOBAL	13	SDL_LockAudio_REAL
0x9af668	8	STT_OBJECT	STB_GLOBAL	25	X11__XFlush
0x6194e0	2699	STT_FUNC	STB_GLOBAL	13	SDL_Blit_Slow
0x59a6e0	1291	STT_FUNC	STB_GLOBAL	13	yuv422_rgba_sseu
0x61c170	291	STT_FUNC	STB_GLOBAL	13	SDL_Vulkan_GetInstanceExtensions_Helper
0x540b50	6	STT_FUNC	STB_GLOBAL	13	SDL_GetShapedWindowMode
0x5b1530	406	STT_FUNC	STB_GLOBAL	13	SDL_GetBasePath_REAL
0x540180	6	STT_FUNC	STB_GLOBAL	13	SDL_GetModState
0x510120	5	STT_FUNC	STB_GLOBAL	13	codo_remove
0x490da0	123	STT_FUNC	STB_GLOBAL	13	backup_audio
0xadac80	65536	STT_OBJECT	STB_GLOBAL	25	freeable_size
0x54f960	19	STT_FUNC	STB_GLOBAL	13	SDL_GameControllerGetAttached_REAL
0x511f80	17	STT_FUNC	STB_GLOBAL	13	codo_timer_start
0x4716b0	94	STT_FUNC	STB_GLOBAL	13	putpixel_noclip
0x540760	10	STT_FUNC	STB_GLOBAL	13	SDL_SetTextureAlphaMod
0x555cb0	1469	STT_FUNC	STB_GLOBAL	13	SDL_RenderSetLogicalSize_REAL
0x62f800	94	STT_FUNC	STB_GLOBAL	13	SDL_IBus_Reset
0x53fd90	6	STT_FUNC	STB_GLOBAL	13	SDL_MouseIsHaptic
0x4c5f50	41	STT_FUNC	STB_GLOBAL	13	codo_feof
0x540cc0	6	STT_FUNC	STB_GLOBAL	13	SDL_strlcat
0x5406d0	6	STT_FUNC	STB_GLOBAL	13	SDL_CreateSoftwareRenderer
0x4ef470	223	STT_FUNC	STB_GLOBAL	13	LodePNG_loadFile
0x509b40	88	STT_FUNC	STB_GLOBAL	13	codo_set_windowed
0x555790	1306	STT_FUNC	STB_GLOBAL	13	SDL_RenderSetIntegerScale_REAL
0x4bde00	57	STT_FUNC	STB_GLOBAL	13	codo_keys_init
0x9af460	8	STT_OBJECT	STB_GLOBAL	25	X11_XRRConfigCurrentConfiguration
0x4f9bf0	457	STT_FUNC	STB_GLOBAL	13	get_dx_for_note_fine
0x5adac0	7	STT_FUNC	STB_GLOBAL	13	SDL_SYS_NumJoysticks
0x56ce10	127	STT_FUNC	STB_GLOBAL	13	SDL_DetachThread_REAL
0x54b970	70	STT_FUNC	STB_GLOBAL	13	SDL_WriteBE32_REAL
0x440870	90	STT_FUNC	STB_GLOBAL	13	continue_program
0x46f610	2895	STT_FUNC	STB_GLOBAL	13	draw_fillcircle_even
0x9af490	8	STT_OBJECT	STB_GLOBAL	25	X11_XIFreeDeviceInfo
0x459e50	129	STT_FUNC	STB_GLOBAL	13	update_map_mapping
0x5c3e10	639	STT_FUNC	STB_GLOBAL	13	SDL_Has3DNow_REAL
0x5415d0	6	STT_FUNC	STB_GLOBAL	13	SDL_GetWindowGrab
0x9af608	8	STT_OBJECT	STB_GLOBAL	25	X11_XGetEventData
0x0	0	STT_FUNC	STB_GLOBAL	SHN_UNDEF	__strcpy_chk@@GLIBC_2.3.4
0x529ec0	101	STT_FUNC	STB_GLOBAL	13	mz_zip_reader_extract_file_to_cfile
0x581680	165	STT_FUNC	STB_GLOBAL	13	SDL_Vulkan_LoadLibrary_REAL
0x4b7b10	341	STT_FUNC	STB_GLOBAL	13	codo_create_palette
0x411580	5	STT_FUNC	STB_GLOBAL	13	save_pico8_cart_32k_flattened
0x56b630	5	STT_FUNC	STB_GLOBAL	13	SDL_memcpy_REAL
0x9aabf4	4	STT_OBJECT	STB_GLOBAL	25	frame_start_t
0x5c4090	639	STT_FUNC	STB_GLOBAL	13	SDL_HasSSE_REAL
0x47fdc0	181	STT_FUNC	STB_GLOBAL	13	set_current_sfx
0x546540	8	STT_FUNC	STB_GLOBAL	13	SDL_GetKeyboardFocus_REAL
0x5b6a70	1825	STT_FUNC	STB_GLOBAL	13	SDL_AudioInit_REAL
0x41da20	90	STT_FUNC	STB_GLOBAL	13	luaC_newobj
0x4704a0	738	STT_FUNC	STB_GLOBAL	13	fill_ellipse_1_32bit
0x979b20	8	STT_OBJECT	STB_GLOBAL	25	serial_sound_buffer
0x9a9fd8	8	STT_OBJECT	STB_GLOBAL	25	codo_load_item_func
0x429090	229	STT_FUNC	STB_GLOBAL	13	luaK_storevar
0x547cc0	8	STT_FUNC	STB_GLOBAL	13	SDL_GetMouse
0x496ce0	82	STT_FUNC	STB_GLOBAL	13	is_compressed_format_header
0x56cbf0	374	STT_FUNC	STB_GLOBAL	13	SDL_CreateThreadInternal
0x5494b0	169	STT_FUNC	STB_GLOBAL	13	SDL_CaptureMouse_REAL
0x9af418	8	STT_OBJECT	STB_GLOBAL	25	X11_XRRGetScreenResourcesCurrent
0x9af518	8	STT_OBJECT	STB_GLOBAL	25	X11_XcursorImageCreate
0x541040	6	STT_FUNC	STB_GLOBAL	13	SDL_GetColorKey
0x4c04e0	8	STT_FUNC	STB_GLOBAL	13	codo_set_save_config_func
0x5404e0	6	STT_FUNC	STB_GLOBAL	13	SDL_DestroyCond
0x497f00	249	STT_FUNC	STB_GLOBAL	13	DGifGetRecordType
0x56b9a0	54	STT_FUNC	STB_GLOBAL	13	SDL_strupr_REAL
0x53fc70	6	STT_FUNC	STB_GLOBAL	13	SDL_GameControllerGetAxisFromString
0x541d20	6	STT_FUNC	STB_GLOBAL	13	SDL_GetYUVConversionModeForResolution
0x4c1d80	116	STT_FUNC	STB_GLOBAL	13	codo_split_filename_ex
0x56c4e0	1011	STT_FUNC	STB_GLOBAL	13	SDL_GetErrBuf
0x530f60	245	STT_FUNC	STB_GLOBAL	13	get_delta
0x417e40	116	STT_FUNC	STB_GLOBAL	13	lua_tonumberx
0x4a78a0	644	STT_FUNC	STB_GLOBAL	13	sanitise_splore_item
0x5282f0	30	STT_FUNC	STB_GLOBAL	13	tinfl_decompressor_alloc
0x4c4910	1163	STT_FUNC	STB_GLOBAL	13	codo_save_bmp
0x541d40	6	STT_FUNC	STB_GLOBAL	13	SDL_RenderGetMetalCommandEncoder
0x581790	78	STT_FUNC	STB_GLOBAL	13	SDL_Vulkan_UnloadLibrary_REAL
0x5acb20	70	STT_FUNC	STB_GLOBAL	13	SDL_LockMutex_REAL
0x54c710	111	STT_FUNC	STB_GLOBAL	13	SDL_HapticDestroyEffect_REAL
0x5407a0	6	STT_FUNC	STB_GLOBAL	13	SDL_UpdateTexture
0x598970	1371	STT_FUNC	STB_GLOBAL	13	yuv422_rgb565_sse
0x5aeda0	41	STT_FUNC	STB_GLOBAL	13	SDL_SYS_JoystickSameHaptic
0x541960	6	STT_FUNC	STB_GLOBAL	13	SDL_CreateRGBSurfaceWithFormat
0x4b6960	35	STT_FUNC	STB_GLOBAL	13	codo_set_application_title
0xb1e300	8	STT_OBJECT	STB_GLOBAL	25	codo_mouse_bmp
0x625cb0	131	STT_FUNC	STB_GLOBAL	13	X11_DestroyWindowFramebuffer
0x628e20	374	STT_FUNC	STB_GLOBAL	13	X11_SetDisplayMode
0x412d50	10	STT_FUNC	STB_GLOBAL	13	save_backup
0x4cef20	40	STT_FUNC	STB_GLOBAL	13	codo_create_anim
0x41fc70	146	STT_FUNC	STB_GLOBAL	13	luaX_setinput
0x9af748	8	STT_OBJECT	STB_GLOBAL	25	X11_XSetWMProperties
0x4f0010	48	STT_FUNC	STB_GLOBAL	13	SHA1Reset
0x5a1a90	1982	STT_FUNC	STB_GLOBAL	13	yuvnv12_argb_sseu
0x5290b0	74	STT_FUNC	STB_GLOBAL	13	mz_zip_reader_extract_to_mem
0x56b5f0	34	STT_FUNC	STB_GLOBAL	13	SDL_tolower_REAL
0x426310	123	STT_FUNC	STB_GLOBAL	13	lua_rawseti
0x414040	1025	STT_FUNC	STB_GLOBAL	13	do_quick_load
0x57b880	116	STT_FUNC	STB_GLOBAL	13	SDL_ShowWindow_REAL
0x419800	72	STT_FUNC	STB_GLOBAL	13	luaH_getstr
0x0	0	STT_FUNC	STB_GLOBAL	SHN_UNDEF	signal@@GLIBC_2.2.5
0x54ff80	26	STT_FUNC	STB_GLOBAL	13	SDL_LockJoysticks_REAL
0x0	0	STT_FUNC	STB_GLOBAL	SHN_UNDEF	strspn@@GLIBC_2.2.5
0x631460	393	STT_FUNC	STB_GLOBAL	13	SDL_SendDropComplete
0x5907f0	1570	STT_FUNC	STB_GLOBAL	13	yuvnv12_rgba_std
0x4e5f20	5	STT_FUNC	STB_GLOBAL	13	LodePNG_chunk_data
0x8c95c0	64	STT_OBJECT	STB_GLOBAL	24	list_req
0x41daf0	87	STT_FUNC	STB_GLOBAL	13	luaF_newLclosure
0x5787e0	268	STT_FUNC	STB_GLOBAL	13	SDL_AddVideoDisplay
0x9aebb0	8	STT_OBJECT	STB_GLOBAL	25	SDL_Convert_F32_to_S32
0x5069a0	5	STT_FUNC	STB_GLOBAL	13	codo_sound_lock
0x4743a0	286	STT_FUNC	STB_GLOBAL	13	draw_fillcircle_editor
0x490ad0	68	STT_FUNC	STB_GLOBAL	13	pico8_srand
0x420640	144	STT_FUNC	STB_GLOBAL	13	lua_newuserdata
0x578600	6	STT_FUNC	STB_GLOBAL	13	SDL_GetNumVideoDrivers_REAL
0x4a20b0	152	STT_FUNC	STB_GLOBAL	13	keyconfig_keypress
0x53f800	6	STT_FUNC	STB_GLOBAL	13	SDL_AudioQuit
0x5a7090	30	STT_FUNC	STB_GLOBAL	13	X11_UseDirectColorVisuals
0x5c08d0	188	STT_FUNC	STB_GLOBAL	13	SDL_ChooseAudioConverters
0x506ac0	48	STT_FUNC	STB_GLOBAL	13	codo_create_music
0x53f980	6	STT_FUNC	STB_GLOBAL	13	SDL_GetClipboardText
0x0	0	STT_FUNC	STB_GLOBAL	SHN_UNDEF	memmove@@GLIBC_2.2.5
0x541c40	6	STT_FUNC	STB_GLOBAL	13	SDL_asinf
0x4d1740	40	STT_FUNC	STB_GLOBAL	13	is_key_char
0x419040	92	STT_FUNC	STB_GLOBAL	13	lua_upvaluejoin
0x4f44f0	1358	STT_FUNC	STB_GLOBAL	13	LZ4_decompress_safe
0x42f750	157	STT_FUNC	STB_GLOBAL	13	luaB_rawequal
0x4bb620	272	STT_FUNC	STB_GLOBAL	13	codo_draw_sprite_h
0x5e5660	920	STT_FUNC	STB_GLOBAL	13	SDL_CalculateBlit
0x4f8130	11	STT_FUNC	STB_GLOBAL	13	LZ4_compressHC_continue
0x0	0	STT_FUNC	STB_GLOBAL	SHN_UNDEF	strchr@@GLIBC_2.2.5
0x52e010	1303	STT_FUNC	STB_GLOBAL	13	mz_zip_writer_finalize_archive
0x0	0	STT_FUNC	STB_GLOBAL	SHN_UNDEF	waitpid@@GLIBC_2.2.5
0x5b8af0	3670	STT_FUNC	STB_GLOBAL	13	SDL_OpenAudioDevice_REAL
0x428150	179	STT_FUNC	STB_GLOBAL	13	luaK_numberK
0x4c22b0	8	STT_FUNC	STB_GLOBAL	13	get_tga_palette
0x0	0	STT_FUNC	STB_GLOBAL	SHN_UNDEF	atanf@@GLIBC_2.2.5
0x557540	402	STT_FUNC	STB_GLOBAL	13	SDL_RenderReadPixels_REAL
0x5894d0	12964	STT_FUNC	STB_GLOBAL	13	SDL_ConvertPixels_YUV_to_YUV
0x50bf70	45	STT_FUNC	STB_GLOBAL	13	codo_video_exit_plat
0x49d080	1396	STT_FUNC	STB_GLOBAL	13	DGifSlurp
0x553420	124	STT_FUNC	STB_GLOBAL	13	SDL_GetRendererInfo_REAL
0x4c9e00	356	STT_FUNC	STB_GLOBAL	13	codo_load_file
0x483080	206	STT_FUNC	STB_GLOBAL	13	switch_sfx
0x540fa0	6	STT_FUNC	STB_GLOBAL	13	SDL_CreateRGBSurface
0x5aea30	383	STT_FUNC	STB_GLOBAL	13	SDL_SYS_HapticOpen
0x4727a0	5027	STT_FUNC	STB_GLOBAL	13	pico8_print_char
0x4af680	50	STT_FUNC	STB_GLOBAL	13	save_cart_to_file_as_32k_flattened_block
0x0	0	STT_FUNC	STB_GLOBAL	SHN_UNDEF	fread@@GLIBC_2.2.5
0x540f40	6	STT_FUNC	STB_GLOBAL	13	SDL_sinf
0x5b3cd0	55	STT_FUNC	STB_GLOBAL	13	SDL_ResetAssertionReport_REAL
0x4286d0	87	STT_FUNC	STB_GLOBAL	13	luaK_exp2anyreg
0x45b690	3	STT_FUNC	STB_GLOBAL	13	load_splash_bmp
0x0	0	STT_FUNC	STB_GLOBAL	SHN_UNDEF	setenv@@GLIBC_2.2.5
0x57ae50	541	STT_FUNC	STB_GLOBAL	13	SDL_SetWindowPosition_REAL
0x524850	5	STT_FUNC	STB_GLOBAL	13	tdefl_compressor_free
0x42f940	152	STT_FUNC	STB_GLOBAL	13	luaB_rawget
0x4194e0	58	STT_FUNC	STB_GLOBAL	13	luaO_str2d
0x5b4eb0	295	STT_FUNC	STB_GLOBAL	13	SDL_LogMessageV_REAL
0x4c39d0	7	STT_FUNC	STB_GLOBAL	13	codo_set_zlib_window_size
0x540570	6	STT_FUNC	STB_GLOBAL	13	SDL_FreeFormat
0x4fe5a0	155	STT_FUNC	STB_GLOBAL	13	add_mixer_state_history_record
0x572b40	882	STT_FUNC	STB_GLOBAL	13	SDL_CalculateGammaRamp_REAL
0x5b4cb0	108	STT_FUNC	STB_GLOBAL	13	SDL_ClearHints_REAL
0x4cdf30	77	STT_FUNC	STB_GLOBAL	13	codo_fdiv
0x9af408	8	STT_OBJECT	STB_GLOBAL	25	X11_XRRGetOutputInfo
0x5d88b0	286	STT_FUNC	STB_GLOBAL	13	SDL_DrawPoints
0x4b6a20	563	STT_FUNC	STB_GLOBAL	13	codo_debug
0x540f30	6	STT_FUNC	STB_GLOBAL	13	SDL_sin
0x9af850	8	STT_OBJECT	STB_GLOBAL	25	X11_XKeysymToString
0x551c50	543	STT_FUNC	STB_GLOBAL	13	SDL_JoystickGetType_REAL
0x630250	78	STT_FUNC	STB_GLOBAL	13	SDL_Fcitx_Reset
0x53feb0	6	STT_FUNC	STB_GLOBAL	13	SDL_HapticPause
0x53fbd0	6	STT_FUNC	STB_GLOBAL	13	SDL_GameControllerMappingForGUID
0x5b4930	146	STT_FUNC	STB_GLOBAL	13	SDL_GetHintBoolean_REAL
0x5b56a0	38	STT_FUNC	STB_GLOBAL	13	SDL_AtomicLock_REAL
0x627100	50	STT_FUNC	STB_GLOBAL	13	X11_QuitKeyboard
0x5224f0	171	STT_FUNC	STB_GLOBAL	13	mz_crc32
0x5416c0	6	STT_FUNC	STB_GLOBAL	13	SDL_GL_CreateContext
0x9470b0	4	STT_OBJECT	STB_GLOBAL	25	test_bmp_i
0x4814f0	2005	STT_FUNC	STB_GLOBAL	13	vhand_sfx_pitch
0x43db00	49	STT_FUNC	STB_GLOBAL	13	run_chain_cancel_pending
0x5b1b50	112	STT_FUNC	STB_GLOBAL	13	SDL_GetPerformanceFrequency_REAL
0x0	0	STT_FUNC	STB_GLOBAL	SHN_UNDEF	getenv@@GLIBC_2.2.5
0x509b20	23	STT_FUNC	STB_GLOBAL	13	codo_flip_screen
0x52ffc0	2248	STT_FUNC	STB_GLOBAL	13	codo_save_xm_to_file
0x9af9f0	8	STT_OBJECT	STB_GLOBAL	25	X11_XAutoRepeatOn
0x9af3d0	8	STT_OBJECT	STB_GLOBAL	25	X11_XRRGetOutputProperty
0x4831d0	88	STT_FUNC	STB_GLOBAL	13	clear_selected_notes
0x9af8f0	8	STT_OBJECT	STB_GLOBAL	25	X11_XFreeModifiermap
0x5418f0	6	STT_FUNC	STB_GLOBAL	13	SDL_GetWindowOpacity
0x541850	6	STT_FUNC	STB_GLOBAL	13	SDL_GetQueuedAudioSize
0x4c0690	170	STT_FUNC	STB_GLOBAL	13	codo_fread_int32
0x54b860	32	STT_FUNC	STB_GLOBAL	13	SDL_WriteU8_REAL
0x541760	6	STT_FUNC	STB_GLOBAL	13	SDL_GameControllerAddMappingsFromRW
0x541780	6	STT_FUNC	STB_GLOBAL	13	SDL_HasAVX
0x4b0210	6741	STT_FUNC	STB_GLOBAL	13	export_bin
0x444a50	27	STT_FUNC	STB_GLOBAL	13	is_identifier_char
0x41ee30	45	STT_FUNC	STB_GLOBAL	13	luaC_step
0x4acff0	452	STT_FUNC	STB_GLOBAL	13	splore_update_cartridge_to_newer_version
0x498000	377	STT_FUNC	STB_GLOBAL	13	DGifGetLine
0x40e800	6552	STT_FUNC	STB_GLOBAL	13	codo_main_update
0x41fa50	257	STT_FUNC	STB_GLOBAL	13	luaL_loadbufferx
0x4ba3a0	26	STT_FUNC	STB_GLOBAL	13	codo_reset_clip
0x8ce228	4	STT_OBJECT	STB_GLOBAL	25	pitems
0x430fa0	336	STT_FUNC	STB_GLOBAL	13	tdel
0x43e490	825	STT_FUNC	STB_GLOBAL	13	extract_runtime_error
0x467690	1071	STT_FUNC	STB_GLOBAL	13	p8_print
0x54e5b0	154	STT_FUNC	STB_GLOBAL	13	SDL_GameControllerGetAxisFromString_REAL
0x484a00	736	STT_FUNC	STB_GLOBAL	13	draw_help_tip
0x9aabf8	4	STT_OBJECT	STB_GLOBAL	25	codo_video_inited
0x54ba60	24	STT_FUNC	STB_GLOBAL	13	SDL_HapticInit
0x4a5070	797	STT_FUNC	STB_GLOBAL	13	extract_label_palette
0x499dd0	59	STT_FUNC	STB_GLOBAL	13	EGifGCBToExtension
0x515160	50	STT_FUNC	STB_GLOBAL	13	codo_destroy_ctext
0x41a3e0	8994	STT_FUNC	STB_GLOBAL	13	luaV_execute
0x4188f0	4	STT_FUNC	STB_GLOBAL	13	lua_gethookcount
0x5069c0	10	STT_FUNC	STB_GLOBAL	13	csound_set_frequency
0x8cd100	96	STT_OBJECT	STB_GLOBAL	24	SW_RenderDriver
0x5ac9a0	84	STT_FUNC	STB_GLOBAL	13	SDL_SemValue_REAL
0x5b18f0	90	STT_FUNC	STB_GLOBAL	13	SDL_TicksInit
0x9af550	8	STT_OBJECT	STB_GLOBAL	25	X11_XShmDetach
0x5bf050	101	STT_FUNC	STB_GLOBAL	13	SDL_AudioStreamClear_REAL
0x590210	1489	STT_FUNC	STB_GLOBAL	13	yuvnv12_rgb24_std
0x575e60	280	STT_FUNC	STB_GLOBAL	13	SDL_LowerBlitScaled_REAL
0x9af528	8	STT_OBJECT	STB_GLOBAL	25	X11__XData32
0x50bbf0	3	STT_FUNC	STB_GLOBAL	13	codo_system_exit
0x4cdf90	176	STT_FUNC	STB_GLOBAL	13	codo_normalize
0x629ed0	932	STT_FUNC	STB_GLOBAL	13	X11_GL_GetVisual
0x45beb0	525	STT_FUNC	STB_GLOBAL	13	convert_bbs_code_to_song
0xad9c40	2048	STT_OBJECT	STB_GLOBAL	25	bitwise_font_dat
0x549850	519	STT_FUNC	STB_GLOBAL	13	SDL_MouseQuit
0x578e20	149	STT_FUNC	STB_GLOBAL	13	SDL_GetNumDisplayModes_REAL
0x540c60	6	STT_FUNC	STB_GLOBAL	13	SDL_wcslen
0x4c3a20	265	STT_FUNC	STB_GLOBAL	13	codo_load_png_from_file
0x45cdf0	30	STT_FUNC	STB_GLOBAL	13	get_current_gif_len
0x54c370	84	STT_FUNC	STB_GLOBAL	13	SDL_HapticEffectSupported_REAL
0x50f860	72	STT_FUNC	STB_GLOBAL	13	codo_get_clipboard_text
0x50c0d0	1104	STT_FUNC	STB_GLOBAL	13	codo_set_screen_software
0x4d0650	977	STT_FUNC	STB_GLOBAL	13	cmodel_calculate_matrices
0x5b4780	329	STT_FUNC	STB_GLOBAL	13	SDL_SetHint_REAL
0x4b7ad0	22	STT_FUNC	STB_GLOBAL	13	logf
0x41f950	241	STT_FUNC	STB_GLOBAL	13	lua_load
0x4310f0	296	STT_FUNC	STB_GLOBAL	13	tcount
0x588440	7	STT_FUNC	STB_GLOBAL	13	SDL_GetYUVConversionMode_REAL
0x56bfc0	5	STT_FUNC	STB_GLOBAL	13	SDL_strcasecmp_REAL
0x4cec70	92	STT_FUNC	STB_GLOBAL	13	ftan
0x4af6c0	940	STT_FUNC	STB_GLOBAL	13	generate_dat_file
0x9af658	8	STT_OBJECT	STB_GLOBAL	25	X11__XRead
0x4cdbd0	464	STT_FUNC	STB_GLOBAL	13	cmodel_calculate_bone_parents
0x499430	12	STT_FUNC	STB_GLOBAL	13	EGifSetGifVersion
0x499ff0	256	STT_FUNC	STB_GLOBAL	13	EGifCloseFile
0x4e6ca0	48	STT_FUNC	STB_GLOBAL	13	LodePNG_UnknownChunks_init
0x459850	143	STT_FUNC	STB_GLOBAL	13	sync_shared_map_to_gfx
0x49fec0	463	STT_FUNC	STB_GLOBAL	13	get_output_filename
0x5454d0	207	STT_FUNC	STB_GLOBAL	13	SDL_GestureDelTouch
0x0	0	STT_FUNC	STB_GLOBAL	SHN_UNDEF	__errno_location@@GLIBC_2.2.5
0x5b9d20	16	STT_FUNC	STB_GLOBAL	13	SDL_AudioQuit_REAL
0x5aa6d0	3	STT_FUNC	STB_GLOBAL	13	X11_SetWindowHitTest
0x4185d0	409	STT_FUNC	STB_GLOBAL	13	pico8_fixed_to_string
0x9aebf8	8	STT_OBJECT	STB_GLOBAL	25	SDL_Convert_S8_to_F32
0x540430	6	STT_FUNC	STB_GLOBAL	13	SDL_TryLockMutex
0x545060	170	STT_FUNC	STB_GLOBAL	13	SDL_RecordGesture_REAL
0x50fb10	422	STT_FUNC	STB_GLOBAL	13	codo_prefix_with_program_path
0x0	0	STT_FUNC	STB_GLOBAL	SHN_UNDEF	qsort@@GLIBC_2.2.5
0x579110	749	STT_FUNC	STB_GLOBAL	13	SDL_GetClosestDisplayMode_REAL
0x4be460	5	STT_FUNC	STB_GLOBAL	13	codo_gui_elevate_element
0x54b770	78	STT_FUNC	STB_GLOBAL	13	SDL_ReadBE32_REAL
0x9af360	8	STT_OBJECT	STB_GLOBAL	25	X11_XGetICValues
0x441cf0	2093	STT_FUNC	STB_GLOBAL	13	run_cart
0x512000	346	STT_FUNC	STB_GLOBAL	13	codo_fopen_vdisk
0x490a60	5	STT_FUNC	STB_GLOBAL	13	fatan2
0x9a9fd0	8	STT_OBJECT	STB_GLOBAL	25	codo_save_item_func
0x52ef50	12	STT_FUNC	STB_GLOBAL	13	mz_zip_get_type
0x4b57b0	41	STT_FUNC	STB_GLOBAL	13	reset_serial_file_buffers
0x6261a0	837	STT_FUNC	STB_GLOBAL	13	X11_UpdateKeymap
0x4ba930	91	STT_FUNC	STB_GLOBAL	13	codo_getpixel
0x541270	6	STT_FUNC	STB_GLOBAL	13	SDL_GetNumTouchDevices
0x541c50	6	STT_FUNC	STB_GLOBAL	13	SDL_atanf
0x5402d0	6	STT_FUNC	STB_GLOBAL	13	SDL_LogMessageV
0x40ad30	563	STT_FUNC	STB_GLOBAL	13	process_running_keypresses
0x556440	146	STT_FUNC	STB_GLOBAL	13	SDL_RenderGetClipRect_REAL
0x4c0e70	171	STT_FUNC	STB_GLOBAL	13	codo_fwrite_int32s
0x5173c0	455	STT_FUNC	STB_GLOBAL	13	calculate_skip_steps
0x630b90	234	STT_FUNC	STB_GLOBAL	13	SDL_ReadFromDataQueue
0x57a4b0	29	STT_FUNC	STB_GLOBAL	13	SDL_HasWindows
0x49df40	912	STT_FUNC	STB_GLOBAL	13	GifDrawBoxedText8x8
0x9af4a8	8	STT_OBJECT	STB_GLOBAL	25	X11_XineramaQueryVersion
0x540520	6	STT_FUNC	STB_GLOBAL	13	SDL_CondWaitTimeout
0x517020	135	STT_FUNC	STB_GLOBAL	13	get_char_cat
0x44ab30	1300	STT_FUNC	STB_GLOBAL	13	vhand_editor_frame
0x8ce1a8	0	STT_NOTYPE	STB_GLOBAL	25	__bss_start
0x4181a0	29	STT_FUNC	STB_GLOBAL	13	lua_pushboolean
0x4919e0	539	STT_FUNC	STB_GLOBAL	13	do_paste_sfx
0x9af610	8	STT_OBJECT	STB_GLOBAL	25	X11_XQueryTree
0x62f920	127	STT_FUNC	STB_GLOBAL	13	SDL_IBus_SetFocus
0x56b8c0	91	STT_FUNC	STB_GLOBAL	13	SDL_strlcat_REAL
0x41f0b0	136	STT_FUNC	STB_GLOBAL	13	luaC_changemode
0x52ef40	12	STT_FUNC	STB_GLOBAL	13	mz_zip_get_mode
0x5404a0	6	STT_FUNC	STB_GLOBAL	13	SDL_SemWaitTimeout
0x40d280	63	STT_FUNC	STB_GLOBAL	13	show_message
0x9af5f8	8	STT_OBJECT	STB_GLOBAL	25	X11_XkbQueryExtension
0x5b2c80	125	STT_FUNC	STB_GLOBAL	13	SDL_IOReady
0x4f7ea0	16	STT_FUNC	STB_GLOBAL	13	LZ4_freeHC
0x527290	359	STT_FUNC	STB_GLOBAL	13	mz_uncompress
0x540410	6	STT_FUNC	STB_GLOBAL	13	SDL_CreateMutex
0x4ccc40	504	STT_FUNC	STB_GLOBAL	13	cmodel_new_triangle
0x43e7d0	42	STT_FUNC	STB_GLOBAL	13	pico8_register_cycles_spent_in_skipped_frames
0x0	0	STT_FUNC	STB_GLOBAL	SHN_UNDEF	mkstemp@@GLIBC_2.2.5
0x571db0	104	STT_FUNC	STB_GLOBAL	13	SDL_SetPaletteColors_REAL
0x5115b0	34	STT_FUNC	STB_GLOBAL	13	codo_destroy_thread
0x553b40	481	STT_FUNC	STB_GLOBAL	13	SDL_UnlockTexture_REAL
0x9af858	8	STT_OBJECT	STB_GLOBAL	25	X11_XKeysymToKeycode
0x58ec90	665	STT_FUNC	STB_GLOBAL	13	yuv422_rgb565_std
0x4b7130	1015	STT_FUNC	STB_GLOBAL	13	do_scancode_tester
0x62ffc0	557	STT_FUNC	STB_GLOBAL	13	SDL_Fcitx_Init
0x418da0	152	STT_FUNC	STB_GLOBAL	13	luaU_dump
0x50c520	74	STT_FUNC	STB_GLOBAL	13	calculate_emucol
0x445850	7	STT_FUNC	STB_GLOBAL	13	get_last_token
0x4d3350	1458	STT_FUNC	STB_GLOBAL	13	apply_synth_filter_mix
0x540770	6	STT_FUNC	STB_GLOBAL	13	SDL_GetTextureAlphaMod
0x49f2a0	53	STT_FUNC	STB_GLOBAL	13	export_label_png
0x578610	35	STT_FUNC	STB_GLOBAL	13	SDL_GetVideoDriver_REAL
0x428730	18	STT_FUNC	STB_GLOBAL	13	luaK_exp2anyregup
0x558850	647	STT_FUNC	STB_GLOBAL	13	SDL_SW_CreateYUVTexture
0x4efb90	210	STT_FUNC	STB_GLOBAL	13	codo_free
0x5155c0	290	STT_FUNC	STB_GLOBAL	13	codo_get_ctextfield_pos_for_cursor
0x4d5db0	60	STT_FUNC	STB_GLOBAL	13	codo_synth_generate
0x4f9e20	5596	STT_FUNC	STB_GLOBAL	13	mix_osc_tick_new
0x41eb20	769	STT_FUNC	STB_GLOBAL	13	luaC_forcestep
0x45d040	160	STT_FUNC	STB_GLOBAL	13	base64_encode_blockend
0x417ec0	94	STT_FUNC	STB_GLOBAL	13	lua_tonumber_from_tvalue
0x5b7320	261	STT_FUNC	STB_GLOBAL	13	SDL_GetAudioDeviceName_REAL
0x629d70	63	STT_FUNC	STB_GLOBAL	13	X11_QuitMouse
0x498e70	612	STT_FUNC	STB_GLOBAL	13	EGifOpenFileHandle
0x8c9918	12	STT_OBJECT	STB_GLOBAL	24	codo_zlib_settings
0x56b670	5	STT_FUNC	STB_GLOBAL	13	SDL_wcslen_REAL
0x42b360	381	STT_FUNC	STB_GLOBAL	13	luaB_next
0x9af8e0	8	STT_OBJECT	STB_GLOBAL	25	X11_XFreeStringList
0x52e530	180	STT_FUNC	STB_GLOBAL	13	mz_zip_writer_finalize_heap_archive
0x0	0	STT_FUNC	STB_GLOBAL	SHN_UNDEF	clock@@GLIBC_2.2.5
0x0	0	STT_FUNC	STB_GLOBAL	SHN_UNDEF	sigaddset@@GLIBC_2.2.5
0x4201c0	94	STT_FUNC	STB_GLOBAL	13	luaX_init
0x44c090	596	STT_FUNC	STB_GLOBAL	13	get_tile_col
0x4eafd0	28	STT_FUNC	STB_GLOBAL	13	LodePNG_InfoRaw_cleanup
0x53fdc0	6	STT_FUNC	STB_GLOBAL	13	SDL_HapticOpenFromJoystick
0x540340	6	STT_FUNC	STB_GLOBAL	13	SDL_GetMouseState
0x516010	207	STT_FUNC	STB_GLOBAL	13	ctextfield_copy
0x540810	6	STT_FUNC	STB_GLOBAL	13	SDL_RenderSetLogicalSize
0x56b480	5	STT_FUNC	STB_GLOBAL	13	SDL_pow_REAL
0x9af330	4	STT_OBJECT	STB_GLOBAL	25	SDL_X11_HAVE_XVIDMODE
0x9aca68	4	STT_OBJECT	STB_GLOBAL	25	mz_force_create_new_file
0x4152e0	97	STT_FUNC	STB_GLOBAL	13	debug_pattern_dat
0x4bb190	633	STT_FUNC	STB_GLOBAL	13	codo_draw_sprite_col
0x5773b0	11	STT_FUNC	STB_GLOBAL	13	SDL_DuplicateSurface_REAL
0x5417a0	6	STT_FUNC	STB_GLOBAL	13	SDL_GetAssertionHandler
0x54c780	151	STT_FUNC	STB_GLOBAL	13	SDL_HapticGetEffectStatus_REAL
0x5420b0	173	STT_FUNC	STB_GLOBAL	13	SDL_LogMessage
0x5b49d0	560	STT_FUNC	STB_GLOBAL	13	SDL_AddHintCallback_REAL
0x4a5390	369	STT_FUNC	STB_GLOBAL	13	extpal_blit
0x4e6620	11	STT_FUNC	STB_GLOBAL	13	LodePNG_chunk_next_const
0x0	0	STT_FUNC	STB_GLOBAL	SHN_UNDEF	sem_init@@GLIBC_2.2.5
0x422ce0	19	STT_FUNC	STB_GLOBAL	13	luaK_ret
0x417d20	30	STT_FUNC	STB_GLOBAL	13	lua_type
0x4e7270	187	STT_FUNC	STB_GLOBAL	13	LodePNG_IText_cleanup
0x540910	6	STT_FUNC	STB_GLOBAL	13	SDL_RenderDrawLine
0x0	0	STT_FUNC	STB_GLOBAL	SHN_UNDEF	pthread_mutexattr_settype@@GLIBC_2.2.5
0x0	0	STT_FUNC	STB_GLOBAL	SHN_UNDEF	sincos@@GLIBC_2.2.5
0x572360	256	STT_FUNC	STB_GLOBAL	13	SDL_MapRGBA_REAL
0x4457b0	34	STT_FUNC	STB_GLOBAL	13	get_next_token
0x53f950	6	STT_FUNC	STB_GLOBAL	13	SDL_CloseAudio
0x5414e0	6	STT_FUNC	STB_GLOBAL	13	SDL_GetWindowMinimumSize
0x468090	192	STT_FUNC	STB_GLOBAL	13	count_pixels
0x4be690	35	STT_FUNC	STB_GLOBAL	13	codo_get_gui_element
0x62bf20	254	STT_FUNC	STB_GLOBAL	13	X11_CreateShaper
0x435860	455	STT_FUNC	STB_GLOBAL	13	luaB_pairs
0x577610	646	STT_FUNC	STB_GLOBAL	13	SDL_CreateRGBSurface_REAL
0x511480	58	STT_FUNC	STB_GLOBAL	13	codo_wget_ex
0x541390	6	STT_FUNC	STB_GLOBAL	13	SDL_GetCurrentDisplayMode
0x5c5220	639	STT_FUNC	STB_GLOBAL	13	SDL_HasNEON_REAL
0x54bad0	424	STT_FUNC	STB_GLOBAL	13	SDL_HapticOpen_REAL
0x5aec50	324	STT_FUNC	STB_GLOBAL	13	SDL_SYS_JoystickIsHaptic
0x43cf60	924	STT_FUNC	STB_GLOBAL	13	luaY_parser
0x478870	7933	STT_FUNC	STB_GLOBAL	13	pico8_memcpy_simple
0x53fb10	6	STT_FUNC	STB_GLOBAL	13	SDL_WaitEventTimeout
0x4436f0	1209	STT_FUNC	STB_GLOBAL	13	update_frame_rate
0x0	0	STT_FUNC	STB_GLOBAL	SHN_UNDEF	strncasecmp@@GLIBC_2.2.5
0x5403f0	6	STT_FUNC	STB_GLOBAL	13	SDL_FreeCursor
0x541cb0	6	STT_FUNC	STB_GLOBAL	13	SDL_logf
0x5106b0	108	STT_FUNC	STB_GLOBAL	13	codo_set_mouse
0x57ba80	118	STT_FUNC	STB_GLOBAL	13	SDL_MinimizeWindow_REAL
0x46ea90	2943	STT_FUNC	STB_GLOBAL	13	draw_fillcircle
0x57e650	50	STT_FUNC	STB_GLOBAL	13	SDL_DisableScreenSaver_REAL
0x9af7a8	8	STT_OBJECT	STB_GLOBAL	25	X11_XResetScreenSaver
0x541b90	6	STT_FUNC	STB_GLOBAL	13	SDL_SetMemoryFunctions
0x42ded0	181	STT_FUNC	STB_GLOBAL	13	luaB_select
0x4ef550	72	STT_FUNC	STB_GLOBAL	13	LodePNG_saveFile
0x52efe0	552	STT_FUNC	STB_GLOBAL	13	mz_zip_get_error_string
0x580a90	83	STT_FUNC	STB_GLOBAL	13	SDL_GL_GetSwapInterval_REAL
0x53f880	6	STT_FUNC	STB_GLOBAL	13	SDL_PauseAudio
0x4b3100	3684	STT_FUNC	STB_GLOBAL	13	pico8_mix_down
0x4ae920	282	STT_FUNC	STB_GLOBAL	13	set_item_from_nfo
0x5b4d50	47	STT_FUNC	STB_GLOBAL	13	SDL_LogSetAllPriority_REAL
0x9af598	8	STT_OBJECT	STB_GLOBAL	25	X11_XSetICFocus
0x491c00	685	STT_FUNC	STB_GLOBAL	13	restore_bmp
0x598ed0	1371	STT_FUNC	STB_GLOBAL	13	yuv422_rgb565_sseu
0x523cb0	235	STT_FUNC	STB_GLOBAL	13	tdefl_compress_mem_to_output
0x411590	555	STT_FUNC	STB_GLOBAL	13	save_pico8_cart_rom_ex
0x44bdc0	129	STT_FUNC	STB_GLOBAL	13	map_putpixel_editor
0x0	0	STT_FUNC	STB_GLOBAL	SHN_UNDEF	__stack_chk_fail@@GLIBC_2.4
0x541480	6	STT_FUNC	STB_GLOBAL	13	SDL_GetWindowData
0x56b220	5	STT_FUNC	STB_GLOBAL	13	SDL_asinf_REAL
0x56b170	42	STT_FUNC	STB_GLOBAL	13	SDL_free_REAL
0x5121b0	298	STT_FUNC	STB_GLOBAL	13	codo_create_pico8_cart
0x522870	49	STT_FUNC	STB_GLOBAL	13	mz_deflateEnd
0x56bf90	5	STT_FUNC	STB_GLOBAL	13	SDL_strtod_REAL
0x0	0	STT_FUNC	STB_GLOBAL	SHN_UNDEF	cosf@@GLIBC_2.2.5
0x4c07e0	158	STT_FUNC	STB_GLOBAL	13	codo_fwrite_uint16
0x431220	254	STT_FUNC	STB_GLOBAL	13	unpack
0x5091d0	189	STT_FUNC	STB_GLOBAL	13	debug_pico8_channels
0x5b4630	325	STT_FUNC	STB_GLOBAL	13	SDL_SetHintWithPriority_REAL
0x426130	117	STT_FUNC	STB_GLOBAL	13	lua_setfield
0x54b630	74	STT_FUNC	STB_GLOBAL	13	SDL_ReadU8_REAL
0x4119c0	1007	STT_FUNC	STB_GLOBAL	13	save_pico8_cart_png_ex
0x61fd30	441	STT_FUNC	STB_GLOBAL	13	X11_SetClipboardText
0x511570	53	STT_FUNC	STB_GLOBAL	13	codo_create_thread
0x4073b0	324	STT_FUNC	STB_GLOBAL	13	boot_init
0x405260	2	STT_FUNC	STB_GLOBAL	13	_dl_relocate_static_pie
0x499bd0	127	STT_FUNC	STB_GLOBAL	13	EGifPutExtensionTrailer
0x52ee50	236	STT_FUNC	STB_GLOBAL	13	mz_zip_extract_archive_file_to_heap
0x9af420	8	STT_OBJECT	STB_GLOBAL	25	X11_XRRGetScreenResources
0x8ce210	8	STT_OBJECT	STB_GLOBAL	25	draw_tv_frame_bmp
0x5109a0	67	STT_FUNC	STB_GLOBAL	13	checkSDLError
0x5411a0	6	STT_FUNC	STB_GLOBAL	13	SDL_GetThreadID
0x5587c0	23	STT_FUNC	STB_GLOBAL	13	SDL_GetBlendModeColorOperation
0x53fc50	6	STT_FUNC	STB_GLOBAL	13	SDL_GameControllerEventState
0x40a9e0	332	STT_FUNC	STB_GLOBAL	13	update_paused_menu
0x424630	477	STT_FUNC	STB_GLOBAL	13	luaV_lessequal
0x5286e0	53	STT_FUNC	STB_GLOBAL	13	mz_zip_reader_init_file_v2
0x9af4c0	8	STT_OBJECT	STB_GLOBAL	25	X11_XdbeGetBackBufferAttributes
0x541810	6	STT_FUNC	STB_GLOBAL	13	SDL_SetWindowHitTest
0x5acc90	70	STT_FUNC	STB_GLOBAL	13	SDL_CondSignal_REAL
0x4f9dc0	83	STT_FUNC	STB_GLOBAL	13	inst5
0xac9c40	65536	STT_OBJECT	STB_GLOBAL	25	stream_buffer
0x57f820	69	STT_FUNC	STB_GLOBAL	13	SDL_DestroyWindow_REAL
0x8ce208	4	STT_OBJECT	STB_GLOBAL	25	pause_button_state_t
0x541060	6	STT_FUNC	STB_GLOBAL	13	SDL_GetSurfaceColorMod
0x57bb70	194	STT_FUNC	STB_GLOBAL	13	SDL_SetWindowFullscreen_REAL
0x549d80	3	STT_FUNC	STB_GLOBAL	13	SDL_TouchInit
0x5778a0	550	STT_FUNC	STB_GLOBAL	13	SDL_CreateRGBSurfaceFrom_REAL
0x4196a0	63	STT_FUNC	STB_GLOBAL	13	get_pico8_tab
0x540240	6	STT_FUNC	STB_GLOBAL	13	SDL_HasScreenKeyboardSupport
0x56c180	34	STT_FUNC	STB_GLOBAL	13	SDL_vsnprintf_REAL
0x4ae8d0	67	STT_FUNC	STB_GLOBAL	13	cancel_download
0x0	0	STT_FUNC	STB_GLOBAL	SHN_UNDEF	strcmp@@GLIBC_2.2.5
0x5069e0	2	STT_FUNC	STB_GLOBAL	13	codo_set_sound_position
0x54bf60	317	STT_FUNC	STB_GLOBAL	13	SDL_HapticOpenFromJoystick_REAL
0x4191a0	100	STT_FUNC	STB_GLOBAL	13	lua_replace
0x507170	632	STT_FUNC	STB_GLOBAL	13	codo_music_is_playing
0x56c3f0	229	STT_FUNC	STB_GLOBAL	13	SDL_Generic_SetTLSData
0x5acbc0	70	STT_FUNC	STB_GLOBAL	13	SDL_UnlockMutex_REAL
0x56d5c0	196	STT_FUNC	STB_GLOBAL	13	SDL_RemoveTimer_REAL
0x40ab30	170	STT_FUNC	STB_GLOBAL	13	update_emergency_paused_menu
0x524820	22	STT_FUNC	STB_GLOBAL	13	tdefl_write_image_to_png_file_in_memory
0x4eecf0	409	STT_FUNC	STB_GLOBAL	13	LodePNG_Encoder_cleanup
0x516910	247	STT_FUNC	STB_GLOBAL	13	ctextfield_paste
0x541300	6	STT_FUNC	STB_GLOBAL	13	SDL_VideoInit
0x57ba10	100	STT_FUNC	STB_GLOBAL	13	SDL_MaximizeWindow_REAL
0x499e10	244	STT_FUNC	STB_GLOBAL	13	EGifPutCode
0x49dcd0	325	STT_FUNC	STB_GLOBAL	13	GifDrawText8x8
0x8ce0e0	32	STT_OBJECT	STB_GLOBAL	24	ALSA_bootstrap
0x0	0	STT_FUNC	STB_GLOBAL	SHN_UNDEF	__memset_chk@@GLIBC_2.3.4
0x4986a0	298	STT_FUNC	STB_GLOBAL	13	DGifCloseFile
0x5417d0	6	STT_FUNC	STB_GLOBAL	13	SDL_sqrtf
0x47a900	2376	STT_FUNC	STB_GLOBAL	13	pico8_memset_simple
0x57b900	156	STT_FUNC	STB_GLOBAL	13	SDL_HideWindow_REAL
0x5536e0	92	STT_FUNC	STB_GLOBAL	13	SDL_GetTextureColorMod_REAL
0x0	0	STT_FUNC	STB_GLOBAL	SHN_UNDEF	__fread_chk@@GLIBC_2.7
0x5afef0	6	STT_FUNC	STB_GLOBAL	13	SDL_SYS_HapticPause
0x4a3220	73	STT_FUNC	STB_GLOBAL	13	strip_lid_version
0x541f30	173	STT_FUNC	STB_GLOBAL	13	SDL_snprintf
0x505020	2388	STT_FUNC	STB_GLOBAL	13	codo_stop_sfx
0x9a9fc8	8	STT_OBJECT	STB_GLOBAL	25	codo_load_config_func
0x4ab310	210	STT_FUNC	STB_GLOBAL	13	spin_letter_wheel
0x5d7060	477	STT_FUNC	STB_GLOBAL	13	SDL_BlendPoint
0x574aa0	188	STT_FUNC	STB_GLOBAL	13	SDL_SetWindowShape_REAL
0x499440	641	STT_FUNC	STB_GLOBAL	13	EGifPutLine
0x43dc20	271	STT_FUNC	STB_GLOBAL	13	pico_print_col
0x4c04b0	8	STT_FUNC	STB_GLOBAL	13	codo_set_load_item_func
0x57c040	96	STT_FUNC	STB_GLOBAL	13	SDL_GetWindowOpacity_REAL
0x45c1e0	244	STT_FUNC	STB_GLOBAL	13	convert_binary_file_to_hex
0x9af7e0	8	STT_OBJECT	STB_GLOBAL	25	X11_XPeekEvent
0x9af34c	4	STT_OBJECT	STB_GLOBAL	25	SDL_X11_HAVE_XCURSOR
0x9af448	8	STT_OBJECT	STB_GLOBAL	25	X11_XRRConfigSizes
0x529f30	1427	STT_FUNC	STB_GLOBAL	13	mz_zip_validate_file
0x4192d0	17	STT_FUNC	STB_GLOBAL	13	luaX_trackbraces
0x541b20	6	STT_FUNC	STB_GLOBAL	13	SDL_Vulkan_UnloadLibrary
0x540670	6	STT_FUNC	STB_GLOBAL	13	SDL_EnclosePoints
0x9af9f8	8	STT_OBJECT	STB_GLOBAL	25	X11_XAllocClassHint
0xb1eda0	8	STT_OBJECT	STB_GLOBAL	25	seed
0x9aac78	8	STT_OBJECT	STB_GLOBAL	25	sdl_window
0x4c40d0	196	STT_FUNC	STB_GLOBAL	13	codo_fwrite
0x4782a0	1484	STT_FUNC	STB_GLOBAL	13	pico8_peek
0x5464a0	140	STT_FUNC	STB_GLOBAL	13	SDL_SetKeymap
0x53fee0	6	STT_FUNC	STB_GLOBAL	13	SDL_HapticRumbleSupported
0x0	0	STT_FUNC	STB_GLOBAL	SHN_UNDEF	getcwd@@GLIBC_2.2.5
0x541890	6	STT_FUNC	STB_GLOBAL	13	SDL_JoystickCurrentPowerLevel
0x570c30	677	STT_FUNC	STB_GLOBAL	13	SDL_PixelFormatEnumToMasks_REAL
0x575ba0	697	STT_FUNC	STB_GLOBAL	13	SDL_UpperBlit_REAL
0x979b28	4	STT_OBJECT	STB_GLOBAL	25	serial_sound_buffer_pos
0x50f840	5	STT_FUNC	STB_GLOBAL	13	codo_set_clipboard_text
0x449540	5605	STT_FUNC	STB_GLOBAL	13	vhand_gfx_spriter
0x56b1b0	5	STT_FUNC	STB_GLOBAL	13	SDL_atan_REAL
0x540b10	6	STT_FUNC	STB_GLOBAL	13	SDL_WriteBE64
0x512160	70	STT_FUNC	STB_GLOBAL	13	vdisk_file_owned
0x418950	222	STT_FUNC	STB_GLOBAL	13	lua_getlocal
0x556690	133	STT_FUNC	STB_GLOBAL	13	SDL_SetRenderDrawBlendMode_REAL
0x5b3d40	1452	STT_FUNC	STB_GLOBAL	13	SDL_SetError_REAL
0x4484f0	2063	STT_FUNC	STB_GLOBAL	13	vhand_data_field
0x4ba3f0	13	STT_FUNC	STB_GLOBAL	13	codo_save_clip
0x0	0	STT_FUNC	STB_GLOBAL	SHN_UNDEF	inotify_rm_watch@@GLIBC_2.4
0x56b090	12	STT_FUNC	STB_GLOBAL	13	SDL_GetNumAllocations_REAL
0x514640	68	STT_FUNC	STB_GLOBAL	13	codo_load_pico8_cart
0x0	0	STT_FUNC	STB_GLOBAL	SHN_UNDEF	acos@@GLIBC_2.2.5
0x41a350	23	STT_FUNC	STB_GLOBAL	13	lua_cpu_prepare_for_slice
0x571470	695	STT_FUNC	STB_GLOBAL	13	SDL_AllocFormat_REAL
0x56cdb0	5	STT_FUNC	STB_GLOBAL	13	SDL_SetThreadPriority_REAL
0x490be0	48	STT_FUNC	STB_GLOBAL	13	pico8_ashr
0x57a580	83	STT_FUNC	STB_GLOBAL	13	SDL_GetWindowFlags_REAL
0x415630	681	STT_FUNC	STB_GLOBAL	13	save_cart_to_url
0x4b7c70	34	STT_FUNC	STB_GLOBAL	13	codo_destroy_palette
0x9af6a8	8	STT_OBJECT	STB_GLOBAL	25	X11_XextCreateExtension
0x4c3730	602	STT_FUNC	STB_GLOBAL	13	codo_fgets_sensitive
0x414bd0	52	STT_FUNC	STB_GLOBAL	13	get_sandboxed_cstore_filename
0x48e1d0	62	STT_FUNC	STB_GLOBAL	13	is_key_bound
0x4e6bf0	9	STT_FUNC	STB_GLOBAL	13	LodePNG_InfoColor_isPaletteType
0x957610	4	STT_OBJECT	STB_GLOBAL	25	zxc2
0x541020	6	STT_FUNC	STB_GLOBAL	13	SDL_SetSurfaceRLE
0x4c39b0	30	STT_FUNC	STB_GLOBAL	13	codo_ascii_to_int6
0x431ba0	207	STT_FUNC	STB_GLOBAL	13	luaopen_base
0x5c3490	510	STT_FUNC	STB_GLOBAL	13	SDL_GetCPUCacheLineSize_REAL
0x5069d0	3	STT_FUNC	STB_GLOBAL	13	codo_get_sound_position
0x0	0	STT_FUNC	STB_GLOBAL	SHN_UNDEF	sem_post@@GLIBC_2.2.5
0x572ec0	188	STT_FUNC	STB_GLOBAL	13	SDL_HasIntersection_REAL
0x540420	6	STT_FUNC	STB_GLOBAL	13	SDL_LockMutex
0x4f43c0	57	STT_FUNC	STB_GLOBAL	13	LZ4_create
0x424c80	282	STT_FUNC	STB_GLOBAL	13	luaH_next_pico8_all
0x48fef0	14	STT_FUNC	STB_GLOBAL	13	pico8_preprocess_none
0x4bdb90	11	STT_FUNC	STB_GLOBAL	13	codo_hide_mouse
0x540ab0	10	STT_FUNC	STB_GLOBAL	13	SDL_WriteU8
0x8ce678	4	STT_OBJECT	STB_GLOBAL	25	cpu_cycles_frame
0x9aac60	8	STT_OBJECT	STB_GLOBAL	25	codo_ctx_display
0x575830	69	STT_FUNC	STB_GLOBAL	13	SDL_GetColorKey_REAL
0x451d90	1274	STT_FUNC	STB_GLOBAL	13	sprite_op
0x4bfcd0	89	STT_FUNC	STB_GLOBAL	13	codo_get_text_width
0x53fd10	6	STT_FUNC	STB_GLOBAL	13	SDL_SaveAllDollarTemplates
0x54f390	587	STT_FUNC	STB_GLOBAL	13	SDL_GameControllerOpen_REAL
0x4a48e0	1422	STT_FUNC	STB_GLOBAL	13	cart_menu_pop
0x0	0	STT_FUNC	STB_GLOBAL	SHN_UNDEF	localeconv@@GLIBC_2.2.5
0x580df0	35	STT_FUNC	STB_GLOBAL	13	SDL_HasScreenKeyboardSupport_REAL
0x546850	151	STT_FUNC	STB_GLOBAL	13	SDL_SendKeyboardText
0x54ca10	85	STT_FUNC	STB_GLOBAL	13	SDL_HapticUnpause_REAL
0x56b640	5	STT_FUNC	STB_GLOBAL	13	SDL_memmove_REAL
0x540540	6	STT_FUNC	STB_GLOBAL	13	SDL_PixelFormatEnumToMasks
0x417be0	23	STT_FUNC	STB_GLOBAL	13	lua_gettop
0x5aadf0	25	STT_FUNC	STB_GLOBAL	13	X11_Xinput2IsMultitouchSupported
0x419210	27	STT_FUNC	STB_GLOBAL	13	luaC_barrierback_
0x57a530	66	STT_FUNC	STB_GLOBAL	13	SDL_GetWindowFromID_REAL
0x574b60	54	STT_FUNC	STB_GLOBAL	13	SDL_GetShapedWindowMode_REAL
0x422900	34	STT_FUNC	STB_GLOBAL	13	luaK_patchtohere
0x62dc60	2772	STT_FUNC	STB_GLOBAL	13	dump_monitor_info
0x51b150	272	STT_FUNC	STB_GLOBAL	13	codo_redo
0x9af6f0	8	STT_OBJECT	STB_GLOBAL	25	X11_XUngrabPointer
0x52f270	22	STT_FUNC	STB_GLOBAL	13	mz_zip_get_archive_file_start_offset
0x4e6630	817	STT_FUNC	STB_GLOBAL	13	LodePNG_append_chunk
0x49fa30	396	STT_FUNC	STB_GLOBAL	13	export_raw
0x588450	31	STT_FUNC	STB_GLOBAL	13	SDL_GetYUVConversionModeForResolution_REAL
0x424da0	301	STT_FUNC	STB_GLOBAL	13	lua_next
0x5a3c30	2671	STT_FUNC	STB_GLOBAL	13	rgb24_yuv420_sseu
0x541bf0	6	STT_FUNC	STB_GLOBAL	13	SDL_AudioStreamClear
0x9af4b0	8	STT_OBJECT	STB_GLOBAL	25	X11_XineramaQueryExtension
0x417e20	26	STT_FUNC	STB_GLOBAL	13	lua_isuserdata
0x56acf0	5	STT_FUNC	STB_GLOBAL	13	SDL_iconv_close_REAL
0x541d30	6	STT_FUNC	STB_GLOBAL	13	SDL_RenderGetMetalLayer
0x4cd680	479	STT_FUNC	STB_GLOBAL	13	cmodel_delete_polygon
0x44e580	103	STT_FUNC	STB_GLOBAL	13	count_tweet_size
0x5be5b0	1346	STT_FUNC	STB_GLOBAL	13	SDL_AudioStreamPut_REAL
0x419350	44	STT_FUNC	STB_GLOBAL	13	luaO_ceillog2
0x9af700	8	STT_OBJECT	STB_GLOBAL	25	X11_XUndefineCursor
0x0	0	STT_FUNC	STB_GLOBAL	SHN_UNDEF	strcpy@@GLIBC_2.2.5
0x523080	441	STT_FUNC	STB_GLOBAL	13	mz_deflate
0x453750	379	STT_FUNC	STB_GLOBAL	13	clear_selected_region
0x4b7a80	65	STT_FUNC	STB_GLOBAL	13	codo_restart
0x433c90	471	STT_FUNC	STB_GLOBAL	13	luaB_ipairs
0x41c930	390	STT_FUNC	STB_GLOBAL	13	luaG_typeerror
0x53fed0	6	STT_FUNC	STB_GLOBAL	13	SDL_HapticStopAll
0x4a32d0	162	STT_FUNC	STB_GLOBAL	13	sanitise_title_string
0x9af758	8	STT_OBJECT	STB_GLOBAL	25	X11_XSetTextProperty
0x9af498	8	STT_OBJECT	STB_GLOBAL	25	X11_XIQueryDevice
0x581730	88	STT_FUNC	STB_GLOBAL	13	SDL_Vulkan_GetVkGetInstanceProcAddr_REAL
0x0	0	STT_FUNC	STB_GLOBAL	SHN_UNDEF	strtok@@GLIBC_2.2.5
0x53fec0	6	STT_FUNC	STB_GLOBAL	13	SDL_HapticUnpause
0x53fe00	6	STT_FUNC	STB_GLOBAL	13	SDL_HapticQuery
0x9af948	8	STT_OBJECT	STB_GLOBAL	25	X11_XDisplayName
0x4b3070	40	STT_FUNC	STB_GLOBAL	13	included_start
0xb17f60	696	STT_OBJECT	STB_GLOBAL	25	running_item
0x4c93c0	295	STT_FUNC	STB_GLOBAL	13	codo_load_pod
0x51af40	251	STT_FUNC	STB_GLOBAL	13	codo_push_undo_state
0x4e7b50	349	STT_FUNC	STB_GLOBAL	13	LodePNG_InfoPng_cleanup
0x509c30	34	STT_FUNC	STB_GLOBAL	13	codo_get_window_width
0x5b9950	94	STT_FUNC	STB_GLOBAL	13	SDL_GetAudioDeviceStatus_REAL
0x5789a0	114	STT_FUNC	STB_GLOBAL	13	SDL_GetDisplayName_REAL
0x50bfa0	299	STT_FUNC	STB_GLOBAL	13	codo_get_pixel_perfect_plat
0x5b3b70	299	STT_FUNC	STB_GLOBAL	13	SDL_AssertionsQuit
0x529dd0	229	STT_FUNC	STB_GLOBAL	13	mz_zip_reader_extract_to_cfile
0x541580	6	STT_FUNC	STB_GLOBAL	13	SDL_SetWindowFullscreen
0x5ae2e0	2	STT_FUNC	STB_GLOBAL	13	SDL_UpdateSteamControllers
0x4ad470	616	STT_FUNC	STB_GLOBAL	13	splore_enter
0xaa6ba0	65536	STT_OBJECT	STB_GLOBAL	25	syntax_error_buffer
0x634460	16	STT_OBJECT	STB_GLOBAL	15	luaO_nilobject_
0x9fd160	19008	STT_OBJECT	STB_GLOBAL	25	hash_to_filename
0x53f830	6	STT_FUNC	STB_GLOBAL	13	SDL_GetNumAudioDevices
0x4d0230	13	STT_FUNC	STB_GLOBAL	13	canim_channel_clear
0x540640	6	STT_FUNC	STB_GLOBAL	13	SDL_HasIntersection
0x54f9a0	95	STT_FUNC	STB_GLOBAL	13	SDL_GameControllerFromInstanceID_REAL
0x4a9fc0	446	STT_FUNC	STB_GLOBAL	13	check_cart_update_nfo
0x443680	50	STT_FUNC	STB_GLOBAL	13	pico8_assert_message
0x534470	6903	STT_FUNC	STB_GLOBAL	13	SDL_DYNAPI_entry
0x5592d0	164	STT_FUNC	STB_GLOBAL	13	SDL_SW_LockYUVTexture
0x528720	525	STT_FUNC	STB_GLOBAL	13	mz_zip_reader_init_cfile
0x4d1010	304	STT_FUNC	STB_GLOBAL	13	codo_get_preblit_scale
0x4b96f0	2208	STT_FUNC	STB_GLOBAL	13	codo_rect_lit
0x53ff60	6	STT_FUNC	STB_GLOBAL	13	SDL_DelHintCallback
0x4e4980	3448	STT_FUNC	STB_GLOBAL	13	LodeFlate_deflate
0x4f5ab0	5	STT_FUNC	STB_GLOBAL	13	LZ4_decompress_fast_withPrefix64k
0x5411c0	6	STT_FUNC	STB_GLOBAL	13	SDL_WaitThread
0x483230	6087	STT_FUNC	STB_GLOBAL	13	sfx_key_pressed
0x59ca10	2318	STT_FUNC	STB_GLOBAL	13	yuvnv12_rgb565_sse
0x46b050	722	STT_FUNC	STB_GLOBAL	13	pico8_stretch_blit
0x540bb0	6	STT_FUNC	STB_GLOBAL	13	SDL_setenv
0x54c210	25	STT_FUNC	STB_GLOBAL	13	SDL_HapticQuit
0x4069c0	31	STT_FUNC	STB_GLOBAL	13	set_paused_menu_state
0x0	0	STT_FUNC	STB_GLOBAL	SHN_UNDEF	nanosleep@@GLIBC_2.2.5
0x551a70	148	STT_FUNC	STB_GLOBAL	13	SDL_JoystickGetVendor_REAL
0x629cd0	160	STT_FUNC	STB_GLOBAL	13	X11_InitMouse
0x515bb0	1101	STT_FUNC	STB_GLOBAL	13	convert_escaped_to_glyphs_ex
0x8c5360	432	STT_OBJECT	STB_GLOBAL	20	luaP_opnames
0x425450	181	STT_FUNC	STB_GLOBAL	13	luaL_testudata
0x53fab0	6	STT_FUNC	STB_GLOBAL	13	SDL_HasEvent
0x4bb410	256	STT_FUNC	STB_GLOBAL	13	codo_draw_sprite_pal
0x0	0	STT_FUNC	STB_GLOBAL	SHN_UNDEF	srand@@GLIBC_2.2.5
0x4b5090	781	STT_FUNC	STB_GLOBAL	13	set_serial_parameters
0x5ac4c0	242	STT_FUNC	STB_GLOBAL	13	SDL_SYS_CreateThread
0x53fc60	6	STT_FUNC	STB_GLOBAL	13	SDL_GameControllerUpdate
0x541a90	6	STT_FUNC	STB_GLOBAL	13	SDL_MemoryBarrierAcquireFunction
0x42de00	50	STT_FUNC	STB_GLOBAL	13	luaL_checkany
0x9af530	8	STT_OBJECT	STB_GLOBAL	25	X11_XShmQueryExtension
0x54c820	220	STT_FUNC	STB_GLOBAL	13	SDL_HapticSetGain_REAL
0x946b40	4	STT_OBJECT	STB_GLOBAL	25	ctext_state_changed_inited
0x50c640	1307	STT_FUNC	STB_GLOBAL	13	codo_blit_to_video_plat
0x9e43c0	512	STT_OBJECT	STB_GLOBAL	25	pico8_error_string
0x56ad00	89	STT_FUNC	STB_GLOBAL	13	SDL_iconv_REAL
0x471470	444	STT_FUNC	STB_GLOBAL	13	draw_vline
0x540ef0	6	STT_FUNC	STB_GLOBAL	13	SDL_floor
0x5455a0	3227	STT_FUNC	STB_GLOBAL	13	SDL_GestureProcessEvent
0x4ba9f0	34	STT_FUNC	STB_GLOBAL	13	code_point
0x4304d0	341	STT_FUNC	STB_GLOBAL	13	luaB_setmetatable
0x54b6d0	78	STT_FUNC	STB_GLOBAL	13	SDL_ReadBE16_REAL
0x56bfe0	177	STT_FUNC	STB_GLOBAL	13	SDL_sscanf_REAL
0x5488a0	470	STT_FUNC	STB_GLOBAL	13	SDL_SendMouseButtonClicks
0x53fb60	6	STT_FUNC	STB_GLOBAL	13	SDL_DelEventWatch
0x540110	6	STT_FUNC	STB_GLOBAL	13	SDL_JoystickGetAxis
0x5513e0	178	STT_FUNC	STB_GLOBAL	13	SDL_JoystickEventState_REAL
0x53fba0	6	STT_FUNC	STB_GLOBAL	13	SDL_GetBasePath
0x9af770	8	STT_OBJECT	STB_GLOBAL	25	X11_XSetInputFocus
0x4c9720	1748	STT_FUNC	STB_GLOBAL	13	codo_load_pod_set_from_text_file
0x580230	1764	STT_FUNC	STB_GLOBAL	13	SDL_CreateWindow_REAL
0x5ae2c0	19	STT_FUNC	STB_GLOBAL	13	SDL_GetSteamControllerInputs
0x482730	47	STT_FUNC	STB_GLOBAL	13	vhand_sfx_pattern_none
0x4a6ec0	122	STT_FUNC	STB_GLOBAL	13	download_file
0x546e20	393	STT_FUNC	STB_GLOBAL	13	SDL_GetKeyFromName_REAL
0x42a600	228	STT_FUNC	STB_GLOBAL	13	luaL_argerror
0x9af958	8	STT_OBJECT	STB_GLOBAL	25	X11_XDisplayKeycodes
0x5b5660	4	STT_FUNC	STB_GLOBAL	13	SDL_AtomicGetPtr_REAL
0x588470	3890	STT_FUNC	STB_GLOBAL	13	SDL_ConvertPixels_YUV_to_RGB
0x5038b0	3547	STT_FUNC	STB_GLOBAL	13	codo_play_sfx_ex
0x498590	77	STT_FUNC	STB_GLOBAL	13	DGifExtensionToGCB
0x6345a0	129	STT_OBJECT	STB_GLOBAL	15	lua_ident
0x4f80a0	143	STT_FUNC	STB_GLOBAL	13	LZ4_compressHC
0x0	0	STT_FUNC	STB_GLOBAL	SHN_UNDEF	log10f@@GLIBC_2.2.5
0x43d7d0	28	STT_FUNC	STB_GLOBAL	13	luaZ_init
0x4ef5a0	1084	STT_FUNC	STB_GLOBAL	13	LodePNG_error_text
0x0	0	STT_FUNC	STB_GLOBAL	SHN_UNDEF	pthread_cond_wait@@GLIBC_2.3.2
0x57b820	92	STT_FUNC	STB_GLOBAL	13	SDL_GetWindowMaximumSize_REAL
0x41e540	16	STT_FUNC	STB_GLOBAL	13	lua_close
0x56b750	5	STT_FUNC	STB_GLOBAL	13	SDL_wcscmp_REAL
0x550040	57	STT_FUNC	STB_GLOBAL	13	SDL_JoystickNameForIndex_REAL
0x5b2810	58	STT_FUNC	STB_GLOBAL	13	SDL_UDEV_UnloadLibrary
0x4e5850	5	STT_FUNC	STB_GLOBAL	13	LodeZlib_read32bitInt
0x49daf0	141	STT_FUNC	STB_GLOBAL	13	GifFreeSavedImages
0x408640	2	STT_FUNC	STB_GLOBAL	13	draw_splash_screen
0x9af740	8	STT_OBJECT	STB_GLOBAL	25	X11_XSetWMNormalHints
0x5413a0	6	STT_FUNC	STB_GLOBAL	13	SDL_GetClosestDisplayMode
0x56bd80	259	STT_FUNC	STB_GLOBAL	13	SDL_lltoa_REAL
0x4203e0	223	STT_FUNC	STB_GLOBAL	13	lua_tolstring
0x40dce0	2060	STT_FUNC	STB_GLOBAL	13	update_load_download
0x4afe30	374	STT_FUNC	STB_GLOBAL	13	inject_windows_icon
0x56cdc0	66	STT_FUNC	STB_GLOBAL	13	SDL_WaitThread_REAL
0x417c60	55	STT_FUNC	STB_GLOBAL	13	lua_remove
0x8c8820	128	STT_OBJECT	STB_GLOBAL	24	twitter_char_weight
0x61fd20	15	STT_FUNC	STB_GLOBAL	13	X11_GetSDLCutBufferClipboardType
0x541ae0	6	STT_FUNC	STB_GLOBAL	13	SDL_ComposeCustomBlendMode
0x9af538	8	STT_OBJECT	STB_GLOBAL	25	X11_XShmCreatePixmap
0x4b8820	674	STT_FUNC	STB_GLOBAL	13	codo_draw_voxmap
0x4d02d0	881	STT_FUNC	STB_GLOBAL	13	cactor_evaluate_bones
0x4cca30	528	STT_FUNC	STB_GLOBAL	13	cmodel_new_quad
0x456e70	959	STT_FUNC	STB_GLOBAL	13	draw_code_tab_preview
0x406a00	164	STT_FUNC	STB_GLOBAL	13	scroll_immediate_mode_screen
0xb1c600	7420	STT_OBJECT	STB_GLOBAL	25	cconfig0
0x540860	6	STT_FUNC	STB_GLOBAL	13	SDL_RenderGetClipRect
0x4135a0	468	STT_FUNC	STB_GLOBAL	13	load_pico8_cart_any_format
0x46ae50	505	STT_FUNC	STB_GLOBAL	13	pico8_draw_sprite
0x9af470	8	STT_OBJECT	STB_GLOBAL	25	X11_XRRQueryVersion
0x556de0	178	STT_FUNC	STB_GLOBAL	13	SDL_RenderFillRect_REAL
0x5401b0	6	STT_FUNC	STB_GLOBAL	13	SDL_GetScancodeFromKey
0x4990e0	604	STT_FUNC	STB_GLOBAL	13	EGifOpen
0x5441d0	372	STT_FUNC	STB_GLOBAL	13	SDL_SetEventFilter_REAL
0x54ed10	549	STT_FUNC	STB_GLOBAL	13	SDL_GameControllerInitMappings
0x9af3f8	8	STT_OBJECT	STB_GLOBAL	25	X11_XRRGetCrtcInfo
0x53fa20	6	STT_FUNC	STB_GLOBAL	13	SDL_HasSSE3
0x64b00c	4	STT_OBJECT	STB_GLOBAL	15	LodeZlib_defaultDecompressSettings
0x4457e0	78	STT_FUNC	STB_GLOBAL	13	get_first_token
0x552c40	849	STT_FUNC	STB_GLOBAL	13	SDL_CreateWindowAndRenderer_REAL
0x53fb80	6	STT_FUNC	STB_GLOBAL	13	SDL_EventState
0x4bdf30	14	STT_FUNC	STB_GLOBAL	13	codo_delete_guie
0x550ff0	1002	STT_FUNC	STB_GLOBAL	13	SDL_JoystickUpdate_REAL
0x509710	767	STT_FUNC	STB_GLOBAL	13	codo_set_screen
0x421470	1034	STT_FUNC	STB_GLOBAL	13	luaV_concat
0x49af20	902	STT_FUNC	STB_GLOBAL	13	DGifOpen
0x54b4f0	44	STT_FUNC	STB_GLOBAL	13	SDL_AllocRW_REAL
0x509310	665	STT_FUNC	STB_GLOBAL	13	codo_get_pico8_song_ticks
0x5500b0	37	STT_FUNC	STB_GLOBAL	13	SDL_JoystickNumAxes_REAL
0x4b70d0	52	STT_FUNC	STB_GLOBAL	13	codo_get_elapsed_time
0x4cebe0	78	STT_FUNC	STB_GLOBAL	13	fsin
0x541010	6	STT_FUNC	STB_GLOBAL	13	SDL_SaveBMP_RW
0x523c90	7	STT_FUNC	STB_GLOBAL	13	tdefl_get_prev_return_status
0x49f830	511	STT_FUNC	STB_GLOBAL	13	save_code_png
0x57ecf0	1438	STT_FUNC	STB_GLOBAL	13	SDL_GL_GetAttribute_REAL
0x5418b0	6	STT_FUNC	STB_GLOBAL	13	SDL_JoystickFromInstanceID
0x540450	6	STT_FUNC	STB_GLOBAL	13	SDL_DestroyMutex
0x541620	6	STT_FUNC	STB_GLOBAL	13	SDL_DestroyWindow
0x5a9a00	153	STT_FUNC	STB_GLOBAL	13	X11_SetWindowInputFocus
0x505ae0	506	STT_FUNC	STB_GLOBAL	13	codo_get_sfx_playing_note
0x541be0	6	STT_FUNC	STB_GLOBAL	13	SDL_AudioStreamGet
0x5500e0	37	STT_FUNC	STB_GLOBAL	13	SDL_JoystickNumHats_REAL
0x5413d0	6	STT_FUNC	STB_GLOBAL	13	SDL_GetWindowDisplayMode
0x9af828	8	STT_OBJECT	STB_GLOBAL	25	X11_XLookupKeysym
0x490d00	160	STT_FUNC	STB_GLOBAL	13	backup_bmp
0x5758e0	60	STT_FUNC	STB_GLOBAL	13	SDL_GetSurfaceColorMod_REAL
0x4bd250	25	STT_FUNC	STB_GLOBAL	13	cpod_get_item_index
0x440f30	34	STT_FUNC	STB_GLOBAL	13	spend_cpu
0x4c3d60	441	STT_FUNC	STB_GLOBAL	13	codo_load_png
0x0	0	STT_FUNC	STB_GLOBAL	SHN_UNDEF	pthread_detach@@GLIBC_2.2.5
0x9af860	8	STT_OBJECT	STB_GLOBAL	25	X11_XIconifyWindow
0x4e5e90	90	STT_FUNC	STB_GLOBAL	13	LodePNG_chunk_type_equals
0x541550	6	STT_FUNC	STB_GLOBAL	13	SDL_MaximizeWindow
0x540e90	6	STT_FUNC	STB_GLOBAL	13	SDL_atan2
0x9af4a0	8	STT_OBJECT	STB_GLOBAL	25	X11_XineramaQueryScreens
0x5ab410	118	STT_FUNC	STB_GLOBAL	13	SDL_DBus_Quit
0x50d400	691	STT_FUNC	STB_GLOBAL	13	codo_get_joystick_axes
0x9af998	8	STT_OBJECT	STB_GLOBAL	25	X11_XCreateFontCursor
0x445ac0	2	STT_FUNC	STB_GLOBAL	13	vhand_map_info
0x57b2d0	437	STT_FUNC	STB_GLOBAL	13	SDL_SetWindowSize_REAL
0x540210	6	STT_FUNC	STB_GLOBAL	13	SDL_IsTextInputActive
0x56b450	5	STT_FUNC	STB_GLOBAL	13	SDL_logf_REAL
0x48df10	70	STT_FUNC	STB_GLOBAL	13	get_repeat_delay
0x578a20	205	STT_FUNC	STB_GLOBAL	13	SDL_GetDisplayBounds_REAL
0x64b010	12	STT_OBJECT	STB_GLOBAL	15	LodeZlib_defaultCompressSettings
0x440f90	114	STT_FUNC	STB_GLOBAL	13	navigate_to_error_line
0x979b48	8	STT_OBJECT	STB_GLOBAL	25	serial_file_buffer
0x53f790	6	STT_FUNC	STB_GLOBAL	13	SDL_AtomicAdd
0x540a60	6	STT_FUNC	STB_GLOBAL	13	SDL_ReadBE16
0x413d90	679	STT_FUNC	STB_GLOBAL	13	do_quick_save
0x4efea0	268	STT_FUNC	STB_GLOBAL	13	cbuffer_add_uint8
0x54f5f0	477	STT_FUNC	STB_GLOBAL	13	SDL_GameControllerGetAxis_REAL
0x9af730	8	STT_OBJECT	STB_GLOBAL	25	X11_XStoreColors
0x528fe0	202	STT_FUNC	STB_GLOBAL	13	mz_zip_reader_extract_file_to_mem_no_alloc
0x4b8b00	202	STT_FUNC	STB_GLOBAL	13	codo_blit_voxmap
0x48dfb0	543	STT_FUNC	STB_GLOBAL	13	player_button
0x5ace90	199	STT_FUNC	STB_GLOBAL	13	SDL_SYS_GetTLSData
0x0	0	STT_FUNC	STB_GLOBAL	SHN_UNDEF	__ctype_tolower_loc@@GLIBC_2.3
0x53fc90	6	STT_FUNC	STB_GLOBAL	13	SDL_GameControllerGetBindForAxis
0x529450	788	STT_FUNC	STB_GLOBAL	13	mz_zip_reader_extract_iter_new
0x558670	60	STT_FUNC	STB_GLOBAL	13	SDL_RenderGetMetalLayer_REAL
0x4b57a0	13	STT_FUNC	STB_GLOBAL	13	get_serial_image_file_remaining
0x541aa0	6	STT_FUNC	STB_GLOBAL	13	SDL_JoystickGetDeviceInstanceID
0x56b0e0	60	STT_FUNC	STB_GLOBAL	13	SDL_calloc_REAL
0x4c9f70	3766	STT_FUNC	STB_GLOBAL	13	codo_config_load
0x573f60	676	STT_FUNC	STB_GLOBAL	13	SDL_CalculateShapeBitmap
0x541950	6	STT_FUNC	STB_GLOBAL	13	SDL_SetWindowResizable
0x8c9280	8	STT_OBJECT	STB_GLOBAL	24	nil_str
0x540a30	6	STT_FUNC	STB_GLOBAL	13	SDL_FreeRW
0x4bf460	32	STT_FUNC	STB_GLOBAL	13	codo_text_exit
0x418300	145	STT_FUNC	STB_GLOBAL	13	print_table_state
0x9af388	8	STT_OBJECT	STB_GLOBAL	25	X11_XF86VidModeQueryExtension
0x596af0	1943	STT_FUNC	STB_GLOBAL	13	yuv420_argb_sse
0x61a360	2100	STT_FUNC	STB_GLOBAL	13	SDL_EGL_LoadLibrary
0x53fb70	6	STT_FUNC	STB_GLOBAL	13	SDL_FilterEvents
0x634420	53	STT_OBJECT	STB_GLOBAL	15	luaP_opmodes
0x4f82c0	7	STT_FUNC	STB_GLOBAL	13	codo_sound_exit
0x5501d0	101	STT_FUNC	STB_GLOBAL	13	SDL_JoystickGetAxisInitialState_REAL
0x541000	6	STT_FUNC	STB_GLOBAL	13	SDL_LoadBMP_RW
0x591440	1571	STT_FUNC	STB_GLOBAL	13	yuvnv12_argb_std
0x0	0	STT_FUNC	STB_GLOBAL	SHN_UNDEF	memcmp@@GLIBC_2.2.5
0x529b00	215	STT_FUNC	STB_GLOBAL	13	mz_zip_reader_extract_iter_free
0x4ef9e0	67	STT_FUNC	STB_GLOBAL	13	codo_malloc_
0x49d7b0	821	STT_FUNC	STB_GLOBAL	13	GifMakeSavedImage
0x516f80	152	STT_FUNC	STB_GLOBAL	13	line_x_to_cpos
0x53fea0	6	STT_FUNC	STB_GLOBAL	13	SDL_HapticSetAutocenter
0x56d0e0	264	STT_FUNC	STB_GLOBAL	13	SDL_TimerQuit
0x9e45c0	66048	STT_OBJECT	STB_GLOBAL	25	command_history
0x52f210	21	STT_FUNC	STB_GLOBAL	13	mz_zip_is_zip64
0x5b2850	312	STT_FUNC	STB_GLOBAL	13	SDL_UDEV_LoadLibrary
0x56ad60	551	STT_FUNC	STB_GLOBAL	13	SDL_iconv_string_REAL
0x49bc60	1290	STT_FUNC	STB_GLOBAL	13	EGifPutImageDesc
0x4c0d10	179	STT_FUNC	STB_GLOBAL	13	codo_fread_float
0x9af6d0	8	STT_OBJECT	STB_GLOBAL	25	X11_XWarpPointer
0x4041d0	0	STT_FUNC	STB_GLOBAL	SHN_UNDEF	calloc@@GLIBC_2.2.5
0x9af580	8	STT_OBJECT	STB_GLOBAL	25	X11_XCloseIM
0x540ec0	6	STT_FUNC	STB_GLOBAL	13	SDL_cos
0x44e2e0	137	STT_FUNC	STB_GLOBAL	13	draw_tiny_num
0xaeac80	131072	STT_OBJECT	STB_GLOBAL	25	freeable
0x540e80	6	STT_FUNC	STB_GLOBAL	13	SDL_atan
0x4bdc20	48	STT_FUNC	STB_GLOBAL	13	codo_get_any_key_down
0x625b10	413	STT_FUNC	STB_GLOBAL	13	X11_UpdateWindowFramebuffer
0x4d0fe0	39	STT_FUNC	STB_GLOBAL	13	codo_get_pixel_perfect
0x541a50	6	STT_FUNC	STB_GLOBAL	13	SDL_JoystickGetAxisInitialState
0x522390	350	STT_FUNC	STB_GLOBAL	13	mz_adler32
0x4522a0	437	STT_FUNC	STB_GLOBAL	13	switch_zoom
0x4a83e0	7128	STT_FUNC	STB_GLOBAL	13	populate_splore_list_from_png_file
0x56b1a0	5	STT_FUNC	STB_GLOBAL	13	SDL_qsort_REAL
0x9af368	8	STT_OBJECT	STB_GLOBAL	25	X11_XCreateIC
0x541450	6	STT_FUNC	STB_GLOBAL	13	SDL_GetWindowTitle
0x40d6f0	54	STT_FUNC	STB_GLOBAL	13	pico8_runtime_error
0x4bdbc0	88	STT_FUNC	STB_GLOBAL	13	codo_readkey
0x540560	6	STT_FUNC	STB_GLOBAL	13	SDL_AllocFormat
0x4ba410	1304	STT_FUNC	STB_GLOBAL	13	codo_stretch_blit
0x5595e0	50	STT_FUNC	STB_GLOBAL	13	SDL_SW_DestroyYUVTexture
0x5565c0	76	STT_FUNC	STB_GLOBAL	13	SDL_SetRenderDrawColor_REAL
0x9af808	8	STT_OBJECT	STB_GLOBAL	25	X11_XMissingExtension
0x9af790	8	STT_OBJECT	STB_GLOBAL	25	X11_XSendEvent
0x9aab30	4	STT_OBJECT	STB_GLOBAL	25	fade_vol
0x5402e0	6	STT_FUNC	STB_GLOBAL	13	SDL_LogGetOutputFunction
0x5548e0	28	STT_FUNC	STB_GLOBAL	13	SDL_RenderTargetSupported_REAL
0x5b3560	8	STT_FUNC	STB_GLOBAL	13	SDL_GetRevision_REAL
0x0	0	STT_FUNC	STB_GLOBAL	SHN_UNDEF	shmget@@GLIBC_2.2.5
0x0	0	STT_FUNC	STB_GLOBAL	SHN_UNDEF	feof@@GLIBC_2.2.5
0x5beb00	1181	STT_FUNC	STB_GLOBAL	13	SDL_AudioStreamFlush_REAL
0x4bc310	206	STT_FUNC	STB_GLOBAL	13	cpod_set_size
0x9af648	8	STT_OBJECT	STB_GLOBAL	25	X11__XSend
0x5519c0	60	STT_FUNC	STB_GLOBAL	13	SDL_JoystickGetDeviceInstanceID_REAL
0x9af4c8	8	STT_OBJECT	STB_GLOBAL	25	X11_XdbeFreeVisualInfo
0x62f190	402	STT_FUNC	STB_GLOBAL	13	SDL_IBus_UpdateTextRect
0x57e320	286	STT_FUNC	STB_GLOBAL	13	SDL_OnWindowFocusGained
0x5401a0	6	STT_FUNC	STB_GLOBAL	13	SDL_GetKeyFromScancode
0xc0efe0	0	STT_NOTYPE	STB_GLOBAL	25	_end
0x4b0160	21	STT_FUNC	STB_GLOBAL	13	add_to_zip_file
0x9af990	8	STT_OBJECT	STB_GLOBAL	25	X11_XCreateFontSet
0x540250	6	STT_FUNC	STB_GLOBAL	13	SDL_IsScreenKeyboardShown
0x4e6bd0	12	STT_FUNC	STB_GLOBAL	13	LodePNG_InfoColor_isGreyscaleType
0x5502a0	100	STT_FUNC	STB_GLOBAL	13	SDL_JoystickGetBall_REAL
0x481cd0	2642	STT_FUNC	STB_GLOBAL	13	draw_sfx_note
0x549de0	154	STT_FUNC	STB_GLOBAL	13	SDL_GetTouch
0x50bf00	102	STT_FUNC	STB_GLOBAL	13	codo_video_init_plat
0x575980	147	STT_FUNC	STB_GLOBAL	13	SDL_SetSurfaceBlendMode_REAL
0x57e870	312	STT_FUNC	STB_GLOBAL	13	SDL_GL_DeduceMaxSupportedESProfile
0x505980	198	STT_FUNC	STB_GLOBAL	13	codo_sfx_is_playing
0x4a4e70	510	STT_FUNC	STB_GLOBAL	13	draw_cart_menu
0x46bbd0	1726	STT_FUNC	STB_GLOBAL	13	draw_circle_even
0x61c3b0	232	STT_FUNC	STB_GLOBAL	13	SDL_DUMMY_UpdateWindowFramebuffer
0x429ee0	55	STT_FUNC	STB_GLOBAL	13	luaL_addstring
0x9af718	8	STT_OBJECT	STB_GLOBAL	25	X11_XSync
0x5239b0	735	STT_FUNC	STB_GLOBAL	13	mz_compress2
0x56cd90	19	STT_FUNC	STB_GLOBAL	13	SDL_GetThreadName_REAL
0x541130	6	STT_FUNC	STB_GLOBAL	13	SDL_LowerBlit
0x5d84f0	255	STT_FUNC	STB_GLOBAL	13	SDL_DrawLine
0x541630	6	STT_FUNC	STB_GLOBAL	13	SDL_IsScreenSaverEnabled
0x5809a0	114	STT_FUNC	STB_GLOBAL	13	SDL_GL_GetDrawableSize_REAL
0x413780	512	STT_FUNC	STB_GLOBAL	13	load_working_cart
0x4a3cf0	117	STT_FUNC	STB_GLOBAL	13	get_bbs_cart_url
0x5c0990	6329	STT_FUNC	STB_GLOBAL	13	SDL_MixAudioFormat_REAL
0x418890	54	STT_FUNC	STB_GLOBAL	13	lua_sethook
0x0	0	STT_FUNC	STB_GLOBAL	SHN_UNDEF	fclose@@GLIBC_2.2.5
0x9af450	8	STT_OBJECT	STB_GLOBAL	25	X11_XRRConfigRates
0x541420	6	STT_FUNC	STB_GLOBAL	13	SDL_GetWindowFromID
0x0	0	STT_FUNC	STB_GLOBAL	SHN_UNDEF	dlopen@@GLIBC_2.2.5
0x0	0	STT_FUNC	STB_GLOBAL	SHN_UNDEF	remove@@GLIBC_2.2.5
0x0	0	STT_FUNC	STB_GLOBAL	SHN_UNDEF	freopen@@GLIBC_2.2.5
0x4a6ea0	22	STT_FUNC	STB_GLOBAL	13	dl_on_error
0x9af3b0	8	STT_OBJECT	STB_GLOBAL	25	X11_XScreenSaverSuspend
0x522b30	88	STT_FUNC	STB_GLOBAL	13	mz_inflateReset
0x54bd70	424	STT_FUNC	STB_GLOBAL	13	SDL_HapticOpenFromMouse_REAL
0x549640	292	STT_FUNC	STB_GLOBAL	13	SDL_CreateCursor_REAL
0x50be90	3	STT_FUNC	STB_GLOBAL	13	codo_sound_exit_plat
0x541530	6	STT_FUNC	STB_GLOBAL	13	SDL_HideWindow
0x544860	125	STT_FUNC	STB_GLOBAL	13	SDL_SendSysWMEvent
0x524860	9770	STT_FUNC	STB_GLOBAL	13	tinfl_decompress
0x542e30	222	STT_FUNC	STB_GLOBAL	13	SDL_HasEvents_REAL
0x4408d0	978	STT_FUNC	STB_GLOBAL	13	merge_code_from_tabs
0x53fac0	6	STT_FUNC	STB_GLOBAL	13	SDL_HasEvents
0x9af618	8	STT_OBJECT	STB_GLOBAL	25	X11_XRefreshKeyboardMapping
0x49cea0	467	STT_FUNC	STB_GLOBAL	13	GifAddExtensionBlock
0x4188d0	5	STT_FUNC	STB_GLOBAL	13	lua_gethook
0x43da50	51	STT_FUNC	STB_GLOBAL	13	get_run_chain_label
0x9af6b0	8	STT_OBJECT	STB_GLOBAL	25	X11_XextAddDisplay
0x41f140	508	STT_FUNC	STB_GLOBAL	13	lua_gc
0x40d130	262	STT_FUNC	STB_GLOBAL	13	boot_embedded_cart
0x8ce224	4	STT_OBJECT	STB_GLOBAL	25	update_result
0x9af900	8	STT_OBJECT	STB_GLOBAL	25	X11_XFreeGC
0x505d20	248	STT_FUNC	STB_GLOBAL	13	codo_release_looping_pico8_channel
0x425430	31	STT_FUNC	STB_GLOBAL	13	luaL_setmetatable
0x4b53a0	117	STT_FUNC	STB_GLOBAL	13	serial_init_frame
0x440eb0	103	STT_FUNC	STB_GLOBAL	13	is_bbs_cart_file
0x508e50	886	STT_FUNC	STB_GLOBAL	13	codo_stop_all_sounds
0x0	0	STT_FUNC	STB_GLOBAL	SHN_UNDEF	strncpy@@GLIBC_2.2.5
0x5b5620	5	STT_FUNC	STB_GLOBAL	13	SDL_AtomicSet_REAL
0x541240	6	STT_FUNC	STB_GLOBAL	13	SDL_Delay
0x5ab490	1602	STT_FUNC	STB_GLOBAL	13	SDL_DBus_GetContext
0x8c87f0	4	STT_OBJECT	STB_GLOBAL	24	keyword_hash_start_index
0x418a30	276	STT_FUNC	STB_GLOBAL	13	lua_setlocal
0x54e930	334	STT_FUNC	STB_GLOBAL	13	SDL_GameControllerAddMapping_REAL
0x9af340	4	STT_OBJECT	STB_GLOBAL	25	SDL_X11_HAVE_XINPUT2
0x540590	6	STT_FUNC	STB_GLOBAL	13	SDL_SetPixelFormatPalette
0x5c3430	5	STT_FUNC	STB_GLOBAL	13	SDL_FreeWAV_REAL
0x4133d0	454	STT_FUNC	STB_GLOBAL	13	load_pico8_cart_js
0x543a10	970	STT_FUNC	STB_GLOBAL	13	SDL_WaitEventTimeout_REAL
0x56b9e0	54	STT_FUNC	STB_GLOBAL	13	SDL_strlwr_REAL
0x8cd400	32	STT_OBJECT	STB_GLOBAL	24	DUMMY_bootstrap
0x9aea10	8	STT_OBJECT	STB_GLOBAL	25	SRC_src_reset
0x4fc920	7289	STT_FUNC	STB_GLOBAL	13	mix_sfx_tick
0x541440	6	STT_FUNC	STB_GLOBAL	13	SDL_SetWindowTitle
0x47f810	1453	STT_FUNC	STB_GLOBAL	13	pico8_peek_1
0x50b160	174	STT_FUNC	STB_GLOBAL	13	codo_wget_worker
0x5577e0	1679	STT_FUNC	STB_GLOBAL	13	SDL_CreateTexture_REAL
0x57e2e0	34	STT_FUNC	STB_GLOBAL	13	SDL_OnWindowEnter
0x5b9a00	100	STT_FUNC	STB_GLOBAL	13	SDL_PauseAudioDevice_REAL
0x422440	177	STT_FUNC	STB_GLOBAL	13	luaO_pushfstring
0x51ae30	50	STT_FUNC	STB_GLOBAL	13	codo_destroy_undo_stack
0x541ce0	6	STT_FUNC	STB_GLOBAL	13	SDL_fmod
0xbd8860	223104	STT_OBJECT	STB_GLOBAL	25	pstate
0x4cd370	76	STT_FUNC	STB_GLOBAL	13	codo_create_material
0x4f0530	261	STT_FUNC	STB_GLOBAL	13	SHA1Result
0x0	0	STT_FUNC	STB_GLOBAL	SHN_UNDEF	__xstat64@@GLIBC_2.2.5
0x4be740	130	STT_FUNC	STB_GLOBAL	13	codo_gui_key_event
0x4e6c90	13	STT_FUNC	STB_GLOBAL	13	LodePNG_InfoColor_equal
0x9af5e0	8	STT_OBJECT	STB_GLOBAL	25	X11_XkbGetUpdatedMap
0x0	0	STT_FUNC	STB_GLOBAL	SHN_UNDEF	pthread_attr_init@@GLIBC_2.2.5
0x573940	340	STT_FUNC	STB_GLOBAL	13	SDL_GetSpanEnclosingRect
0x4cef50	82	STT_FUNC	STB_GLOBAL	13	codo_destroy_anim
0x540b00	6	STT_FUNC	STB_GLOBAL	13	SDL_WriteLE64
0x409490	58	STT_FUNC	STB_GLOBAL	13	get_boot_fps
0x528970	120	STT_FUNC	STB_GLOBAL	13	mz_zip_reader_is_file_supported
0x4c2d90	2429	STT_FUNC	STB_GLOBAL	13	codo_load_bmp
0x5aca50	158	STT_FUNC	STB_GLOBAL	13	SDL_CreateMutex_REAL
0x9af6c0	8	STT_OBJECT	STB_GLOBAL	25	X11_XWithdrawWindow
0x0	0	STT_FUNC	STB_GLOBAL	SHN_UNDEF	sem_getvalue@@GLIBC_2.2.5
0x9af568	8	STT_OBJECT	STB_GLOBAL	25	X11_XSetLocaleModifiers
0x4ec9d0	22	STT_FUNC	STB_GLOBAL	13	LodePNG_decode32
0x531390	3931	STT_FUNC	STB_GLOBAL	13	mix_channels_to_target
0x9af968	8	STT_OBJECT	STB_GLOBAL	25	X11_XDeleteProperty
0x540d30	6	STT_FUNC	STB_GLOBAL	13	SDL_strstr
0x41d9b0	101	STT_FUNC	STB_GLOBAL	13	luaD_shrinkstack
0x0	0	STT_FUNC	STB_GLOBAL	SHN_UNDEF	inotify_add_watch@@GLIBC_2.4
0x4c1fb0	730	STT_FUNC	STB_GLOBAL	13	codo_resolve_filename
0x0	0	STT_FUNC	STB_GLOBAL	SHN_UNDEF	difftime@@GLIBC_2.2.5
0x5228b0	82	STT_FUNC	STB_GLOBAL	13	mz_deflateBound
0x427eb0	176	STT_FUNC	STB_GLOBAL	13	lua_rawset
0x5116e0	662	STT_FUNC	STB_GLOBAL	13	codo_choose_display
0x4b8ad0	37	STT_FUNC	STB_GLOBAL	13	codo_draw_voxmap_matrix
0x4b8610	74	STT_FUNC	STB_GLOBAL	13	codo_getvoxel
0x967ac8	4	STT_OBJECT	STB_GLOBAL	25	cart_menu_items
0x5b55d0	32	STT_FUNC	STB_GLOBAL	13	SDL_LogGetOutputFunction_REAL
0x554b30	60	STT_FUNC	STB_GLOBAL	13	SDL_RenderGetLogicalSize_REAL
0x470790	1894	STT_FUNC	STB_GLOBAL	13	draw_filloval
0x52c390	36	STT_FUNC	STB_GLOBAL	13	mz_zip_writer_add_mem
0x4296a0	156	STT_FUNC	STB_GLOBAL	13	luaL_getsubtable
0x4bdf40	1307	STT_FUNC	STB_GLOBAL	13	codo_process_gui
0xb1e720	512	STT_OBJECT	STB_GLOBAL	25	codokey
0x4cc4a0	549	STT_FUNC	STB_GLOBAL	13	codo_create_poly
0x0	0	STT_FUNC	STB_GLOBAL	SHN_UNDEF	strtoull@@GLIBC_2.2.5
0x9af3f0	8	STT_OBJECT	STB_GLOBAL	25	X11_XRRFreeCrtcInfo
0x482760	1735	STT_FUNC	STB_GLOBAL	13	vhand_sfx_pattern
0x9af9c8	8	STT_OBJECT	STB_GLOBAL	25	X11_XClearWindow
0x9af950	8	STT_OBJECT	STB_GLOBAL	25	X11_XDrawRectangle
0x53f6c0	6	STT_FUNC	STB_GLOBAL	13	SDL_QuitSubSystem
0x45b090	213	STT_FUNC	STB_GLOBAL	13	rle_compress
0x0	0	STT_FUNC	STB_GLOBAL	SHN_UNDEF	dlsym@@GLIBC_2.2.5
0x550110	37	STT_FUNC	STB_GLOBAL	13	SDL_JoystickNumBalls_REAL
0x5284d0	478	STT_FUNC	STB_GLOBAL	13	mz_zip_reader_init_mem
0x53f6e0	6	STT_FUNC	STB_GLOBAL	13	SDL_Quit
0x5a12d0	1982	STT_FUNC	STB_GLOBAL	13	yuvnv12_argb_sse
0x5aff10	226	STT_FUNC	STB_GLOBAL	13	SDL_SYS_HapticStopAll
0x9af738	8	STT_OBJECT	STB_GLOBAL	25	X11_XSetWMProtocols
0x46b330	527	STT_FUNC	STB_GLOBAL	13	pico8_draw_sprite_pal
0x543680	906	STT_FUNC	STB_GLOBAL	13	SDL_WaitEvent_REAL
0x549da0	59	STT_FUNC	STB_GLOBAL	13	SDL_GetTouchDevice_REAL
0x9af4e8	8	STT_OBJECT	STB_GLOBAL	25	X11_XdbeSwapBuffers
0x5401e0	6	STT_FUNC	STB_GLOBAL	13	SDL_GetKeyName
0x4ed340	5135	STT_FUNC	STB_GLOBAL	13	LodePNG_Encoder_encode
0x51adf0	62	STT_FUNC	STB_GLOBAL	13	codo_create_undo_stack
0x5469a0	19	STT_FUNC	STB_GLOBAL	13	SDL_GetKeyboardState_REAL
0x5b0790	371	STT_FUNC	STB_GLOBAL	13	SDL_GetPowerInfo_Linux_proc_acpi
0x540280	6	STT_FUNC	STB_GLOBAL	13	SDL_UnloadObject
0x445830	7	STT_FUNC	STB_GLOBAL	13	get_token
0x43dd30	134	STT_FUNC	STB_GLOBAL	13	error_pico_print_col
0x619170	865	STT_FUNC	STB_GLOBAL	13	SDL_BlitCopy
0x420290	125	STT_FUNC	STB_GLOBAL	13	luaV_tostring
0x511c20	132	STT_FUNC	STB_GLOBAL	13	codo_find_first
0x4d5d90	21	STT_FUNC	STB_GLOBAL	13	codo_synth_generate_slice
0x540d00	6	STT_FUNC	STB_GLOBAL	13	SDL_strlwr
0x4f81e0	11	STT_FUNC	STB_GLOBAL	13	LZ4_compressHC_limitedOutput_continue
0x4c0740	156	STT_FUNC	STB_GLOBAL	13	codo_fwrite_int32
0x8c94a0	104	STT_OBJECT	STB_GLOBAL	24	note_name
0x54cb10	480	STT_FUNC	STB_GLOBAL	13	SDL_HapticRumbleInit_REAL
0x56b520	46	STT_FUNC	STB_GLOBAL	13	SDL_sqrtf_REAL
0x4c0b20	170	STT_FUNC	STB_GLOBAL	13	codo_fread_uint8
0x4f82d0	8	STT_FUNC	STB_GLOBAL	13	codo_set_post_mix_func
0x412ab0	665	STT_FUNC	STB_GLOBAL	13	save_backup_ex
0x445ad0	149	STT_FUNC	STB_GLOBAL	13	vhand_gfx_bank_button
0x4b5800	494	STT_FUNC	STB_GLOBAL	13	update_bios_program
0x412420	69	STT_FUNC	STB_GLOBAL	13	load_pico8_cart_png
0x9af348	4	STT_OBJECT	STB_GLOBAL	25	SDL_X11_HAVE_XDBE
0x511500	107	STT_FUNC	STB_GLOBAL	13	codo_wget_with_callbacks
0x5ac6e0	9	STT_FUNC	STB_GLOBAL	13	SDL_SYS_DetachThread
0x40dc60	123	STT_FUNC	STB_GLOBAL	13	determine_audio_pause_state
0x579f80	854	STT_FUNC	STB_GLOBAL	13	SDL_GetWindowDisplayMode_REAL
0x9af890	8	STT_OBJECT	STB_GLOBAL	25	X11_XGetWMHints
0x541af0	6	STT_FUNC	STB_GLOBAL	13	SDL_DuplicateSurface
0x5b6920	191	STT_FUNC	STB_GLOBAL	13	SDL_GetQueuedAudioSize_REAL
0x581440	17	STT_FUNC	STB_GLOBAL	13	SDL_ShouldAllowTopmost
0x62bed0	19	STT_FUNC	STB_GLOBAL	13	X11_GLES_SwapWindow
0x541190	6	STT_FUNC	STB_GLOBAL	13	SDL_ThreadID
0x53f6d0	6	STT_FUNC	STB_GLOBAL	13	SDL_WasInit
0x571e20	69	STT_FUNC	STB_GLOBAL	13	SDL_FreePalette_REAL
0x62ebd0	18	STT_FUNC	STB_GLOBAL	13	SDL_IME_Quit
0x54b520	5	STT_FUNC	STB_GLOBAL	13	SDL_FreeRW_REAL
0x529370	42	STT_FUNC	STB_GLOBAL	13	mz_zip_reader_extract_to_callback
0x490c10	48	STT_FUNC	STB_GLOBAL	13	pico8_lshr
0x541510	6	STT_FUNC	STB_GLOBAL	13	SDL_SetWindowBordered
0x56bcf0	137	STT_FUNC	STB_GLOBAL	13	SDL_ultoa_REAL
0x44c3b0	232	STT_FUNC	STB_GLOBAL	13	map_select
0x492030	385	STT_FUNC	STB_GLOBAL	13	restore_audio
0x4d0240	130	STT_FUNC	STB_GLOBAL	13	canim_channel_delete
0x548a80	840	STT_FUNC	STB_GLOBAL	13	SDL_SendMouseButton
0x52ef80	22	STT_FUNC	STB_GLOBAL	13	mz_zip_peek_last_error
0x61be20	34	STT_FUNC	STB_GLOBAL	13	SDL_EGL_DestroySurface
0x45c0c0	273	STT_FUNC	STB_GLOBAL	13	convert_bbs_code_to_bmp
0x540370	6	STT_FUNC	STB_GLOBAL	13	SDL_SetRelativeMouseMode
0x550240	85	STT_FUNC	STB_GLOBAL	13	SDL_JoystickGetHat_REAL
0x407780	2712	STT_FUNC	STB_GLOBAL	13	codo_main_init
0x540840	6	STT_FUNC	STB_GLOBAL	13	SDL_RenderGetViewport
0x57a420	137	STT_FUNC	STB_GLOBAL	13	SDL_GetWindowPixelFormat_REAL
0x5409e0	6	STT_FUNC	STB_GLOBAL	13	SDL_GL_UnbindTexture
0x5571e0	853	STT_FUNC	STB_GLOBAL	13	SDL_RenderCopyEx_REAL
0x5567b0	61	STT_FUNC	STB_GLOBAL	13	SDL_RenderDrawPoint_REAL
0x4a3650	304	STT_FUNC	STB_GLOBAL	13	find_item_index
0x9af344	4	STT_OBJECT	STB_GLOBAL	25	SDL_X11_HAVE_XINERAMA
0x4c10b0	2444	STT_FUNC	STB_GLOBAL	13	codo_serialise_synth
0x9af590	8	STT_OBJECT	STB_GLOBAL	25	X11_XUnsetICFocus
0x46abc0	652	STT_FUNC	STB_GLOBAL	13	pico8_blit
0x57e830	64	STT_FUNC	STB_GLOBAL	13	SDL_GL_ExtensionSupported_REAL
0x8ce690	4	STT_OBJECT	STB_GLOBAL	25	pico8_runtime_line
0x5d85f0	486	STT_FUNC	STB_GLOBAL	13	SDL_DrawLines
0x5418c0	6	STT_FUNC	STB_GLOBAL	13	SDL_GetDisplayUsableBounds
0x541a30	6	STT_FUNC	STB_GLOBAL	13	SDL_GameControllerNumMappings
0x4cd210	350	STT_FUNC	STB_GLOBAL	13	cmodel_calculate_normals
0x5417f0	6	STT_FUNC	STB_GLOBAL	13	SDL_tanf
0x56b890	40	STT_FUNC	STB_GLOBAL	13	SDL_utf8strlen_REAL
0x9af660	8	STT_OBJECT	STB_GLOBAL	25	X11__XFlushGCCache
0x4b8db0	82	STT_FUNC	STB_GLOBAL	13	codo_putpixel
0x9af4f0	8	STT_OBJECT	STB_GLOBAL	25	X11_XdbeDeallocateBackBufferName
0x440250	263	STT_FUNC	STB_GLOBAL	13	record_resource_data
0x4bfa50	503	STT_FUNC	STB_GLOBAL	13	codo_draw_text_c
0x56bf70	5	STT_FUNC	STB_GLOBAL	13	SDL_strtoll_REAL
0x5114c0	59	STT_FUNC	STB_GLOBAL	13	codo_wget
0x0	0	STT_FUNC	STB_GLOBAL	SHN_UNDEF	closedir@@GLIBC_2.2.5
0xb1eda8	4	STT_OBJECT	STB_GLOBAL	25	seeds
0x506a60	20	STT_FUNC	STB_GLOBAL	13	csound_set_volume
0x9af810	8	STT_OBJECT	STB_GLOBAL	25	X11_XMatchVisualInfo
0x4cf0a0	350	STT_FUNC	STB_GLOBAL	13	canim_new_actor
0x54c510	220	STT_FUNC	STB_GLOBAL	13	SDL_HapticUpdateEffect_REAL
0x4b6990	60	STT_FUNC	STB_GLOBAL	13	codo_set_window_title
0x5aedd0	481	STT_FUNC	STB_GLOBAL	13	SDL_SYS_HapticOpenFromJoystick
0x4244e0	332	STT_FUNC	STB_GLOBAL	13	luaV_lessthan
0x541180	6	STT_FUNC	STB_GLOBAL	13	SDL_GetThreadName
0x4a7160	416	STT_FUNC	STB_GLOBAL	13	download_list
0x9af358	4	STT_OBJECT	STB_GLOBAL	25	SDL_X11_HAVE_UTF8
0x52ef60	22	STT_FUNC	STB_GLOBAL	13	mz_zip_set_last_error
0x504690	2433	STT_FUNC	STB_GLOBAL	13	codo_play_sfx
0x421880	395	STT_FUNC	STB_GLOBAL	13	luaV_finishOp
0x57b070	278	STT_FUNC	STB_GLOBAL	13	SDL_GetWindowPosition_REAL
0x56c1d0	44	STT_FUNC	STB_GLOBAL	13	SDL_TLSGet_REAL
0x59c510	1275	STT_FUNC	STB_GLOBAL	13	yuv422_abgr_sseu
0x0	0	STT_FUNC	STB_GLOBAL	SHN_UNDEF	__sprintf_chk@@GLIBC_2.3.4
0x540af0	6	STT_FUNC	STB_GLOBAL	13	SDL_WriteBE32
0x541280	6	STT_FUNC	STB_GLOBAL	13	SDL_GetTouchDevice
0x5aa670	90	STT_FUNC	STB_GLOBAL	13	X11_GetWindowWMInfo
0x8ce1e0	8	STT_OBJECT	STB_GLOBAL	25	stderr@@GLIBC_2.2.5
0x4f0640	213	STT_FUNC	STB_GLOBAL	13	SHA1PadMessage
0x9aebd8	8	STT_OBJECT	STB_GLOBAL	25	SDL_Convert_S32_to_F32
0x4b8740	210	STT_FUNC	STB_GLOBAL	13	codo_reset_voxmap_clip
0x541840	6	STT_FUNC	STB_GLOBAL	13	SDL_QueueAudio
0x5b6890	142	STT_FUNC	STB_GLOBAL	13	SDL_DequeueAudio_REAL
0x47b250	3541	STT_FUNC	STB_GLOBAL	13	pico8_memset
0x580920	57	STT_FUNC	STB_GLOBAL	13	SDL_GL_GetCurrentWindow_REAL
0x5400f0	6	STT_FUNC	STB_GLOBAL	13	SDL_JoystickUpdate
0x541c00	6	STT_FUNC	STB_GLOBAL	13	SDL_AudioStreamAvailable
0x9af8f8	8	STT_OBJECT	STB_GLOBAL	25	X11_XFreeFont
0x4c05e0	176	STT_FUNC	STB_GLOBAL	13	codo_fread_int16
0x50d6c0	419	STT_FUNC	STB_GLOBAL	13	codo_get_joystick
0x53f6f0	6	STT_FUNC	STB_GLOBAL	13	SDL_ReportAssertion
0x8c9680	64	STT_OBJECT	STB_GLOBAL	24	game_name
0x4e5ef0	14	STT_FUNC	STB_GLOBAL	13	LodePNG_chunk_critical
0x0	0	STT_FUNC	STB_GLOBAL	SHN_UNDEF	asinf@@GLIBC_2.2.5
0x490420	101	STT_FUNC	STB_GLOBAL	13	p8_fdiv
0x4a1bf0	234	STT_FUNC	STB_GLOBAL	13	keyconfig_update
0x5a9e70	207	STT_FUNC	STB_GLOBAL	13	X11_HideWindow
0x498180	377	STT_FUNC	STB_GLOBAL	13	DGifGetPixel
0x53f860	6	STT_FUNC	STB_GLOBAL	13	SDL_GetAudioStatus
0x522bd0	218	STT_FUNC	STB_GLOBAL	13	mz_error
0x49a550	856	STT_FUNC	STB_GLOBAL	13	EGifPutScreenDesc
0x0	0	STT_FUNC	STB_GLOBAL	SHN_UNDEF	round@@GLIBC_2.2.5
0x4c3990	30	STT_FUNC	STB_GLOBAL	13	codo_int6_to_ascii
0x540950	6	STT_FUNC	STB_GLOBAL	13	SDL_RenderFillRect
0x9af8d0	8	STT_OBJECT	STB_GLOBAL	25	X11_XGetInputFocus
0x5414d0	6	STT_FUNC	STB_GLOBAL	13	SDL_SetWindowMinimumSize
0x425390	38	STT_FUNC	STB_GLOBAL	13	lua_gettable
0x9aac30	8	STT_OBJECT	STB_GLOBAL	25	curl_handle
0x56b6e0	98	STT_FUNC	STB_GLOBAL	13	SDL_wcslcat_REAL
0x426c30	1111	STT_FUNC	STB_GLOBAL	13	luaL_traceback
0x4bde80	161	STT_FUNC	STB_GLOBAL	13	codo_add_guie
0x4117c0	499	STT_FUNC	STB_GLOBAL	13	save_pico8_cart_rom
0x508c90	448	STT_FUNC	STB_GLOBAL	13	codo_any_sound_is_playing
0x4f9160	2414	STT_FUNC	STB_GLOBAL	13	mix_in_xm
0x558750	43	STT_FUNC	STB_GLOBAL	13	SDL_GetBlendModeSrcColorFactor
0x9af5c8	8	STT_OBJECT	STB_GLOBAL	25	X11_XkbFreeKeyboard
0x56b680	88	STT_FUNC	STB_GLOBAL	13	SDL_wcslcpy_REAL
0x0	0	STT_FUNC	STB_GLOBAL	SHN_UNDEF	__snprintf_chk@@GLIBC_2.3.4
0x56b470	5	STT_FUNC	STB_GLOBAL	13	SDL_log10f_REAL
0x541500	6	STT_FUNC	STB_GLOBAL	13	SDL_GetWindowMaximumSize
0x4427e0	1683	STT_FUNC	STB_GLOBAL	13	run_slice_section
0x523da0	250	STT_FUNC	STB_GLOBAL	13	tdefl_compress_mem_to_heap
0x52f2b0	42	STT_FUNC	STB_GLOBAL	13	mz_zip_read_archive_data
0x428a20	303	STT_FUNC	STB_GLOBAL	13	luaK_exp2RK
0x5a97d0	290	STT_FUNC	STB_GLOBAL	13	X11_SetWindowSize
0x468f50	971	STT_FUNC	STB_GLOBAL	13	add_c_functions_system
0x0	0	STT_FUNC	STB_GLOBAL	SHN_UNDEF	access@@GLIBC_2.2.5
0x427dc0	232	STT_FUNC	STB_GLOBAL	13	lua_rawsetp
0x9af878	8	STT_OBJECT	STB_GLOBAL	25	X11_XGrabKeyboard
0x0	0	STT_FUNC	STB_GLOBAL	SHN_UNDEF	fork@@GLIBC_2.2.5
0x0	0	STT_FUNC	STB_GLOBAL	SHN_UNDEF	sigemptyset@@GLIBC_2.2.5
0x572510	215	STT_FUNC	STB_GLOBAL	13	SDL_GetRGBA_REAL
0x421380	202	STT_FUNC	STB_GLOBAL	13	luaV_objlen
0x8ce21c	4	STT_OBJECT	STB_GLOBAL	25	command_history_pos
0x5935b0	2911	STT_FUNC	STB_GLOBAL	13	yuv420_rgb24_sse
0x541b40	6	STT_FUNC	STB_GLOBAL	13	SDL_Vulkan_CreateSurface
0x58da10	1568	STT_FUNC	STB_GLOBAL	13	yuv420_bgra_std
0x4affb0	426	STT_FUNC	STB_GLOBAL	13	generate_shadow
0x4be7d0	81	STT_FUNC	STB_GLOBAL	13	codo_gui_set_keyboard_focus
0x5b4d80	100	STT_FUNC	STB_GLOBAL	13	SDL_LogSetPriority_REAL
0x477880	447	STT_FUNC	STB_GLOBAL	13	pico8_lua_alloc
0x431760	911	STT_FUNC	STB_GLOBAL	13	luaL_setfuncs
0x4b7ca0	463	STT_FUNC	STB_GLOBAL	13	codo_create_voxmap
0x471760	166	STT_FUNC	STB_GLOBAL	13	set_draw_display
0x4b2640	155	STT_FUNC	STB_GLOBAL	13	find_tab_content
0x540500	6	STT_FUNC	STB_GLOBAL	13	SDL_CondBroadcast
0x4bc6e0	848	STT_FUNC	STB_GLOBAL	13	codo_destroy_pod
0x549130	105	STT_FUNC	STB_GLOBAL	13	SDL_GetGlobalMouseState_REAL
0x61b190	1388	STT_FUNC	STB_GLOBAL	13	SDL_EGL_CreateContext
0x40d400	99	STT_FUNC	STB_GLOBAL	13	show_message_hover
0x540920	6	STT_FUNC	STB_GLOBAL	13	SDL_RenderDrawLines
0x43fb00	1173	STT_FUNC	STB_GLOBAL	13	draw_cpu_spinner
0x575690	71	STT_FUNC	STB_GLOBAL	13	SDL_SetSurfacePalette_REAL
0x5ac7c0	78	STT_FUNC	STB_GLOBAL	13	SDL_SemWait_REAL
0x541380	6	STT_FUNC	STB_GLOBAL	13	SDL_GetDesktopDisplayMode
0x0	0	STT_FUNC	STB_GLOBAL	SHN_UNDEF	pthread_sigmask@@GLIBC_2.2.5
0x4ea850	1182	STT_FUNC	STB_GLOBAL	13	LodePNG_InfoPng_copy
0x547ce0	8	STT_FUNC	STB_GLOBAL	13	SDL_GetMouseFocus_REAL
0x5a4950	18	STT_FUNC	STB_GLOBAL	13	SDL_UnloadObject_REAL
0x50f980	113	STT_FUNC	STB_GLOBAL	13	codo_load_clipboard_from_file
0x9af9a0	8	STT_OBJECT	STB_GLOBAL	25	X11_XCreatePixmapCursor
0x5b6a40	35	STT_FUNC	STB_GLOBAL	13	SDL_GetAudioDriver_REAL
0x5ac810	394	STT_FUNC	STB_GLOBAL	13	SDL_SemWaitTimeout_REAL
0x0	0	STT_FUNC	STB_GLOBAL	SHN_UNDEF	fopen64@@GLIBC_2.2.5
0x9af640	8	STT_OBJECT	STB_GLOBAL	25	X11__XReply
0x53fe10	6	STT_FUNC	STB_GLOBAL	13	SDL_HapticNumAxes
0x0	0	STT_FUNC	STB_GLOBAL	SHN_UNDEF	strtoll@@GLIBC_2.2.5
0x4b26e0	1512	STT_FUNC	STB_GLOBAL	13	load_included_text
0x54a9c0	110	STT_FUNC	STB_GLOBAL	13	SDL_TouchQuit
0x5447b0	39	STT_FUNC	STB_GLOBAL	13	SDL_RegisterEvents_REAL
0x8c9a78	4	STT_OBJECT	STB_GLOBAL	24	codo_screen_mode
0x540690	6	STT_FUNC	STB_GLOBAL	13	SDL_GetNumRenderDrivers
0x53fa40	6	STT_FUNC	STB_GLOBAL	13	SDL_HasSSE42
0x5535d0	260	STT_FUNC	STB_GLOBAL	13	SDL_SetTextureColorMod_REAL
0x979b38	8	STT_OBJECT	STB_GLOBAL	25	serial_file_buffer2
0x56bfb0	5	STT_FUNC	STB_GLOBAL	13	SDL_strncmp_REAL
0x580960	57	STT_FUNC	STB_GLOBAL	13	SDL_GL_GetCurrentContext_REAL
0x56bb50	137	STT_FUNC	STB_GLOBAL	13	SDL_uitoa_REAL
0x436270	476	STT_FUNC	STB_GLOBAL	13	luaL_tolstring
0x497e60	79	STT_FUNC	STB_GLOBAL	13	gif_malloc
0x4b30d0	43	STT_FUNC	STB_GLOBAL	13	included_name
0x444aa0	45	STT_FUNC	STB_GLOBAL	13	add_api_function_name
0x4bd700	35	STT_FUNC	STB_GLOBAL	13	cpod_first
0x4d1fd0	27	STT_FUNC	STB_GLOBAL	13	codo_create_synth
0x56b580	25	STT_FUNC	STB_GLOBAL	13	SDL_isdigit_REAL
0x946b50	8	STT_OBJECT	STB_GLOBAL	25	cel_bmp
0x4e6610	11	STT_FUNC	STB_GLOBAL	13	LodePNG_chunk_next
0x5ae300	2	STT_FUNC	STB_GLOBAL	13	SDL_QuitSteamControllers
0x56b430	5	STT_FUNC	STB_GLOBAL	13	SDL_fmodf_REAL
0x8c9a40	52	STT_OBJECT	STB_GLOBAL	24	note_dx
0x53f740	6	STT_FUNC	STB_GLOBAL	13	SDL_AtomicLock
0x630810	98	STT_FUNC	STB_GLOBAL	13	SDL_FreeDataQueue
0x4a0370	4072	STT_FUNC	STB_GLOBAL	13	export_html
0x62bc80	42	STT_FUNC	STB_GLOBAL	13	X11_GL_SwapWindow
0x5aca00	66	STT_FUNC	STB_GLOBAL	13	SDL_SemPost_REAL
0x5569f0	346	STT_FUNC	STB_GLOBAL	13	SDL_RenderDrawLines_REAL
0x5b16d0	536	STT_FUNC	STB_GLOBAL	13	SDL_GetPrefPath_REAL
0x5bf020	35	STT_FUNC	STB_GLOBAL	13	SDL_AudioStreamAvailable_REAL
0x529d60	101	STT_FUNC	STB_GLOBAL	13	mz_zip_reader_extract_file_to_file
0x418480	5	STT_FUNC	STB_GLOBAL	13	lua_status
0x4bd730	51	STT_FUNC	STB_GLOBAL	13	cpod_next
0x5ac790	46	STT_FUNC	STB_GLOBAL	13	SDL_SemTryWait_REAL
0x57bdc0	192	STT_FUNC	STB_GLOBAL	13	SDL_UpdateWindowSurface_REAL
0x0	0	STT_FUNC	STB_GLOBAL	SHN_UNDEF	wcscmp@@GLIBC_2.2.5
0x41f340	250	STT_FUNC	STB_GLOBAL	13	luaC_checkfinalizer
0x0	0	STT_FUNC	STB_GLOBAL	SHN_UNDEF	fwrite@@GLIBC_2.2.5
0x9aab04	4	STT_OBJECT	STB_GLOBAL	25	codo_total_malloced
0x4fba50	510	STT_FUNC	STB_GLOBAL	13	generate_sfx_inst_note
0x627230	37	STT_FUNC	STB_GLOBAL	13	X11_SetTextInputRect
0x541870	6	STT_FUNC	STB_GLOBAL	13	SDL_GetGrabbedWindow
0x4075e0	2	STT_FUNC	STB_GLOBAL	13	open_filesystem
0x4cf330	83	STT_FUNC	STB_GLOBAL	13	canim_channel_set_num_states
0xb1e920	128	STT_OBJECT	STB_GLOBAL	25	codokey_buffer
0x4ad890	3356	STT_FUNC	STB_GLOBAL	13	splore_controls
0x5ae990	7	STT_FUNC	STB_GLOBAL	13	SDL_SYS_NumHaptics
0x54f940	18	STT_FUNC	STB_GLOBAL	13	SDL_GameControllerGetProductVersion_REAL
0x49ce60	51	STT_FUNC	STB_GLOBAL	13	GifApplyTranslation
0x541c10	6	STT_FUNC	STB_GLOBAL	13	SDL_FreeAudioStream
0x4228e0	18	STT_FUNC	STB_GLOBAL	13	luaK_concat
0x56b560	5	STT_FUNC	STB_GLOBAL	13	SDL_tanf_REAL
0x9af9b8	8	STT_OBJECT	STB_GLOBAL	25	X11_XConvertSelection
0x498300	381	STT_FUNC	STB_GLOBAL	13	DGifGetExtension
0x43d970	8	STT_FUNC	STB_GLOBAL	13	get_current_L0
0x43ded0	311	STT_FUNC	STB_GLOBAL	13	pico_print_2
0x440d80	300	STT_FUNC	STB_GLOBAL	13	get_lid_from_filename
0x54fde0	162	STT_FUNC	STB_GLOBAL	13	SDL_GameControllerEventState_REAL
0x5d5cb0	646	STT_FUNC	STB_GLOBAL	13	SDL_BlendLines
0x579090	125	STT_FUNC	STB_GLOBAL	13	SDL_GetCurrentDisplayMode_REAL
0x40d2c0	152	STT_FUNC	STB_GLOBAL	13	show_message_2_ex
0x41ddc0	66	STT_FUNC	STB_GLOBAL	13	luaE_freeCI
0x4c04f0	3	STT_FUNC	STB_GLOBAL	13	codo_fix_uint32
0x580b80	83	STT_FUNC	STB_GLOBAL	13	SDL_GL_DeleteContext_REAL
0x0	0	STT_FUNC	STB_GLOBAL	SHN_UNDEF	pthread_mutex_lock@@GLIBC_2.2.5
0x4ed130	523	STT_FUNC	STB_GLOBAL	13	LodePNG_Decoder_copy
0x43ffa0	688	STT_FUNC	STB_GLOBAL	13	draw_resource_data
0x5b5650	3	STT_FUNC	STB_GLOBAL	13	SDL_AtomicGet_REAL
0x5400d0	6	STT_FUNC	STB_GLOBAL	13	SDL_JoystickNumHats
0x4b5690	65	STT_FUNC	STB_GLOBAL	13	serial_set_dropped_file
0x627430	148	STT_FUNC	STB_GLOBAL	13	X11_GetVisualInfoFromVisual
0x53f9b0	6	STT_FUNC	STB_GLOBAL	13	SDL_GetCPUCacheLineSize
0x967ac4	4	STT_OBJECT	STB_GLOBAL	25	cart_menu_y0
0x5182b0	939	STT_FUNC	STB_GLOBAL	13	toggle_block_comment
0x5e6a90	148	STT_FUNC	STB_GLOBAL	13	SDL_CalculateBlit0
0x4043a0	0	STT_FUNC	STB_GLOBAL	SHN_UNDEF	realloc@@GLIBC_2.2.5
0x61b910	436	STT_FUNC	STB_GLOBAL	13	SDL_EGL_SwapBuffers
0x468150	546	STT_FUNC	STB_GLOBAL	13	audio_stat
0x54f7d0	259	STT_FUNC	STB_GLOBAL	13	SDL_GameControllerGetButton_REAL
0x4bd770	8	STT_FUNC	STB_GLOBAL	13	codo_set_mouse_bmp
0x5c4d10	639	STT_FUNC	STB_GLOBAL	13	SDL_HasAVX_REAL
0x540150	6	STT_FUNC	STB_GLOBAL	13	SDL_JoystickClose
0x5893b0	279	STT_FUNC	STB_GLOBAL	13	SDL_ConvertPixels_RGB_to_YUV
0x42a520	77	STT_FUNC	STB_GLOBAL	13	luaL_checkversion_
0x428750	21	STT_FUNC	STB_GLOBAL	13	luaK_exp2val
0x492940	393	STT_FUNC	STB_GLOBAL	13	pxa_build_hash_lookup
0x541c20	6	STT_FUNC	STB_GLOBAL	13	SDL_AudioStreamFlush
0x53fa60	6	STT_FUNC	STB_GLOBAL	13	SDL_GetError
0x9af400	8	STT_OBJECT	STB_GLOBAL	25	X11_XRRFreeOutputInfo
0x53fae0	6	STT_FUNC	STB_GLOBAL	13	SDL_FlushEvents
0x56b660	5	STT_FUNC	STB_GLOBAL	13	SDL_strlen_REAL
0x53f920	6	STT_FUNC	STB_GLOBAL	13	SDL_LockAudioDevice
0x436c20	108	STT_FUNC	STB_GLOBAL	13	luaZ_fill
0x4c3ff0	98	STT_FUNC	STB_GLOBAL	13	codo_fclose
0x540960	6	STT_FUNC	STB_GLOBAL	13	SDL_RenderFillRects
0x53f8a0	6	STT_FUNC	STB_GLOBAL	13	SDL_LoadWAV_RW
0x4aee50	434	STT_FUNC	STB_GLOBAL	13	install_preloaded_bbs_carts
0x630720	62	STT_FUNC	STB_GLOBAL	13	SDL_Fcitx_PumpEvents
0x414450	799	STT_FUNC	STB_GLOBAL	13	save_png_screenshot
0x49e400	2339	STT_FUNC	STB_GLOBAL	13	GifQuantizeBuffer
0x0	0	STT_FUNC	STB_GLOBAL	SHN_UNDEF	setlocale@@GLIBC_2.2.5
0x417d40	18	STT_FUNC	STB_GLOBAL	13	lua_typename
0x541e70	178	STT_FUNC	STB_GLOBAL	13	SDL_sscanf
0x4804b0	1335	STT_FUNC	STB_GLOBAL	13	vhand_pattern_chooser_tiny
0x95760c	4	STT_OBJECT	STB_GLOBAL	25	zxc3
0x43edb0	3407	STT_FUNC	STB_GLOBAL	13	run_config
0x4b7530	1352	STT_FUNC	STB_GLOBAL	13	codo_main
0x4b56e0	174	STT_FUNC	STB_GLOBAL	13	serial_set_dropped_image_file
0x42dd60	154	STT_FUNC	STB_GLOBAL	13	luaL_checkoption
0x4b2cd0	909	STT_FUNC	STB_GLOBAL	13	pico8_flatten_includes
0x5b5670	1	STT_FUNC	STB_GLOBAL	13	SDL_MemoryBarrierReleaseFunction_REAL
0x471810	75	STT_FUNC	STB_GLOBAL	13	get_number_of_displays
0x4f39a0	2592	STT_FUNC	STB_GLOBAL	13	LZ4_compress_limitedOutput_continue
0x9af8c0	8	STT_OBJECT	STB_GLOBAL	25	X11_XGetModifierMapping
0x62b090	247	STT_FUNC	STB_GLOBAL	13	X11_GL_MakeCurrent
0x4b30a0	40	STT_FUNC	STB_GLOBAL	13	included_end
0x549b20	107	STT_FUNC	STB_GLOBAL	13	SDL_ShowCursor_REAL
0x540270	6	STT_FUNC	STB_GLOBAL	13	SDL_LoadFunction
0x578920	114	STT_FUNC	STB_GLOBAL	13	SDL_GetDisplayDriverData
0x516e60	288	STT_FUNC	STB_GLOBAL	13	get_line_x
0x4c0f20	108	STT_FUNC	STB_GLOBAL	13	codo_fread_int32s
0x511cb0	43	STT_FUNC	STB_GLOBAL	13	codo_find_close
0x56bfa0	5	STT_FUNC	STB_GLOBAL	13	SDL_strcmp_REAL
0x0	0	STT_FUNC	STB_GLOBAL	SHN_UNDEF	sinf@@GLIBC_2.2.5
0x0	0	STT_FUNC	STB_GLOBAL	SHN_UNDEF	perror@@GLIBC_2.2.5
0x541970	6	STT_FUNC	STB_GLOBAL	13	SDL_CreateRGBSurfaceWithFormatFrom
0xada860	1024	STT_OBJECT	STB_GLOBAL	25	freq
0x4ab1c0	34	STT_FUNC	STB_GLOBAL	13	splore_entering_text
0x54e670	116	STT_FUNC	STB_GLOBAL	13	SDL_GameControllerGetButtonFromString_REAL
0x510110	10	STT_FUNC	STB_GLOBAL	13	codo_mkdir
0x0	0	STT_FUNC	STB_GLOBAL	SHN_UNDEF	rand@@GLIBC_2.2.5
0x540b30	6	STT_FUNC	STB_GLOBAL	13	SDL_IsShapedWindow
0x9aab24	4	STT_OBJECT	STB_GLOBAL	25	advanced_pattern
0x549260	576	STT_FUNC	STB_GLOBAL	13	SDL_SetRelativeMouseMode_REAL
0x9a9fb0	8	STT_OBJECT	STB_GLOBAL	25	codo_font1
0x0	0	STT_FUNC	STB_GLOBAL	SHN_UNDEF	shmctl@@GLIBC_2.2.5
0xb56dc0	32	STT_OBJECT	STB_GLOBAL	25	hist0
0x56c200	284	STT_FUNC	STB_GLOBAL	13	SDL_TLSSet_REAL
0x441010	338	STT_FUNC	STB_GLOBAL	13	find_tab_line
0x5b5680	1	STT_FUNC	STB_GLOBAL	13	SDL_MemoryBarrierAcquireFunction_REAL
0x54f1e0	147	STT_FUNC	STB_GLOBAL	13	SDL_IsGameController_REAL
0x52f600	2405	STT_FUNC	STB_GLOBAL	13	codo_load_xm_from_file
0x42a770	110	STT_FUNC	STB_GLOBAL	13	luaL_checknumber
0x59e7c0	2958	STT_FUNC	STB_GLOBAL	13	yuvnv12_rgb24_sseu
0x418580	72	STT_FUNC	STB_GLOBAL	13	lua_upvalueid
0x49f6d0	343	STT_FUNC	STB_GLOBAL	13	save_map_png
0x9af500	8	STT_OBJECT	STB_GLOBAL	25	X11_XdbeQueryExtension
0x49c8f0	2	STT_FUNC	STB_GLOBAL	13	GifFreeMapObject
0x540460	6	STT_FUNC	STB_GLOBAL	13	SDL_CreateSemaphore
0x8ce1a8	0	STT_NOTYPE	STB_GLOBAL	24	_edata
0x540e70	6	STT_FUNC	STB_GLOBAL	13	SDL_asin
0x51b4f0	12	STT_FUNC	STB_GLOBAL	13	miniz_def_alloc_func
0x620f90	11615	STT_FUNC	STB_GLOBAL	13	SDL_X11_LoadSymbols
0x0	0	STT_FUNC	STB_GLOBAL	SHN_UNDEF	pthread_mutexattr_init@@GLIBC_2.2.5
0x4c0880	170	STT_FUNC	STB_GLOBAL	13	codo_fread_uint32
0x445790	21	STT_FUNC	STB_GLOBAL	13	init_keyword_hash_table
0x4b8660	221	STT_FUNC	STB_GLOBAL	13	codo_set_voxmap_clip
0x9af578	8	STT_OBJECT	STB_GLOBAL	25	X11_Xutf8DrawString
0x499a70	135	STT_FUNC	STB_GLOBAL	13	EGifPutExtensionLeader
0x54f5e0	5	STT_FUNC	STB_GLOBAL	13	SDL_GameControllerUpdate_REAL
0x418880	16	STT_FUNC	STB_GLOBAL	13	luaK_fixline
0x540d10	6	STT_FUNC	STB_GLOBAL	13	SDL_strchr
0x9af8e8	8	STT_OBJECT	STB_GLOBAL	25	X11_XFreePixmap
0x9af6b8	8	STT_OBJECT	STB_GLOBAL	25	X11_XVisualIDFromVisual
0x5b3550	13	STT_FUNC	STB_GLOBAL	13	SDL_GetVersion_REAL
0x546550	239	STT_FUNC	STB_GLOBAL	13	SDL_SetKeyboardFocus
0x54f980	19	STT_FUNC	STB_GLOBAL	13	SDL_GameControllerGetJoystick_REAL
0x472210	1385	STT_FUNC	STB_GLOBAL	13	draw_character
0x543310	876	STT_FUNC	STB_GLOBAL	13	SDL_PollEvent_REAL
0x4c04c0	8	STT_FUNC	STB_GLOBAL	13	codo_set_save_item_func
0x62f0e0	171	STT_FUNC	STB_GLOBAL	13	SDL_IBus_Quit
0x4e6cf0	143	STT_FUNC	STB_GLOBAL	13	LodePNG_UnknownChunks_copy
0x5b2c10	107	STT_FUNC	STB_GLOBAL	13	SDL_UDEV_DelCallback
0x56bf60	5	STT_FUNC	STB_GLOBAL	13	SDL_strtoul_REAL
0x0	0	STT_FUNC	STB_GLOBAL	SHN_UNDEF	pthread_key_create@@GLIBC_2.2.5
0x46daf0	974	STT_FUNC	STB_GLOBAL	13	draw_line
0x9f47c0	34180	STT_OBJECT	STB_GLOBAL	25	param_list1
0x9aea00	8	STT_OBJECT	STB_GLOBAL	25	SRC_src_strerror
0x581580	10	STT_FUNC	STB_GLOBAL	13	SDL_OnApplicationDidReceiveMemoryWarning
0x550910	377	STT_FUNC	STB_GLOBAL	13	SDL_JoystickQuit
0x472110	252	STT_FUNC	STB_GLOBAL	13	init_bitwise_font
0x540680	6	STT_FUNC	STB_GLOBAL	13	SDL_IntersectRectAndLine
0x541710	6	STT_FUNC	STB_GLOBAL	13	SDL_GL_SetSwapInterval
0x9aab0c	4	STT_OBJECT	STB_GLOBAL	25	codo_total_mallocs
0x541660	6	STT_FUNC	STB_GLOBAL	13	SDL_GL_LoadLibrary
0x5765d0	987	STT_FUNC	STB_GLOBAL	13	SDL_ConvertPixels_REAL
0x4b6dc0	50	STT_FUNC	STB_GLOBAL	13	codo_exit
0x5151f0	51	STT_FUNC	STB_GLOBAL	13	get_char_width
0x4180d0	75	STT_FUNC	STB_GLOBAL	13	lua_topointer
0x6201f0	794	STT_FUNC	STB_GLOBAL	13	X11_HasClipboardText
0x62f9a0	666	STT_FUNC	STB_GLOBAL	13	SDL_IBus_ProcessKeyEvent
0xadac60	4	STT_OBJECT	STB_GLOBAL	25	num_blocks
0x429ff0	319	STT_FUNC	STB_GLOBAL	13	luaL_gsub
0x4e5700	328	STT_FUNC	STB_GLOBAL	13	LodeZlib_add32bitInt
0x581500	112	STT_FUNC	STB_GLOBAL	13	SDL_ComputeDiagonalDPI
0x544350	214	STT_FUNC	STB_GLOBAL	13	SDL_GetEventFilter_REAL
0x51b040	272	STT_FUNC	STB_GLOBAL	13	codo_undo
0x4effb0	21	STT_FUNC	STB_GLOBAL	13	cbuffer_get_uint8
0x541940	6	STT_FUNC	STB_GLOBAL	13	SDL_DequeueAudio
0x4e6bb0	21	STT_FUNC	STB_GLOBAL	13	LodePNG_InfoColor_getChannels
0x506a30	3	STT_FUNC	STB_GLOBAL	13	codo_sound_status
0x473b70	32	STT_FUNC	STB_GLOBAL	13	destroy_print_buffer
0x471710	73	STT_FUNC	STB_GLOBAL	13	update_gfx_clipping
0x4aa8d0	21	STT_FUNC	STB_GLOBAL	13	save_bbs_cart_label
0x541680	6	STT_FUNC	STB_GLOBAL	13	SDL_GL_UnloadLibrary
0x41ee60	232	STT_FUNC	STB_GLOBAL	13	lua_pushcclosure
0x547cd0	7	STT_FUNC	STB_GLOBAL	13	SDL_SetDoubleClickTime
0x9af5b0	8	STT_OBJECT	STB_GLOBAL	25	X11_Xutf8TextListToTextProperty
0x53fd60	6	STT_FUNC	STB_GLOBAL	13	SDL_HapticOpen
0x556720	60	STT_FUNC	STB_GLOBAL	13	SDL_GetRenderDrawBlendMode_REAL
0x0	0	STT_FUNC	STB_GLOBAL	SHN_UNDEF	localtime@@GLIBC_2.2.5
0x9af5d8	8	STT_OBJECT	STB_GLOBAL	25	X11_XkbGetMap
0x6274d0	322	STT_FUNC	STB_GLOBAL	13	X11_GetPixelFormatFromVisualInfo
0x42a6f0	65	STT_FUNC	STB_GLOBAL	13	luaL_checktype
0x550490	231	STT_FUNC	STB_GLOBAL	13	SDL_JoystickClose_REAL
0x490cc0	58	STT_FUNC	STB_GLOBAL	13	destroy_dbmp
0x545130	189	STT_FUNC	STB_GLOBAL	13	SDL_SaveAllDollarTemplates_REAL
0x62bb90	237	STT_FUNC	STB_GLOBAL	13	X11_GL_GetSwapInterval
0x53ff20	6	STT_FUNC	STB_GLOBAL	13	SDL_SetHintWithPriority
0x9af4b8	8	STT_OBJECT	STB_GLOBAL	25	X11_XineramaIsActive
0x50bb00	240	STT_FUNC	STB_GLOBAL	13	codo_get_key_name
0x0	0	STT_FUNC	STB_GLOBAL	SHN_UNDEF	pthread_mutex_destroy@@GLIBC_2.2.5
0x541860	6	STT_FUNC	STB_GLOBAL	13	SDL_ClearQueuedAudio
0x422e30	101	STT_FUNC	STB_GLOBAL	13	luaK_jump
0x9af980	8	STT_OBJECT	STB_GLOBAL	25	X11_XCreateImage
0x5733f0	1345	STT_FUNC	STB_GLOBAL	13	SDL_IntersectRectAndLine_REAL
0x511ec0	188	STT_FUNC	STB_GLOBAL	13	codo_get_datetime
0x4be6c0	19	STT_FUNC	STB_GLOBAL	13	codo_gui_num_elements
0x432230	36	STT_FUNC	STB_GLOBAL	13	luaopen_os
0x5b6290	378	STT_FUNC	STB_GLOBAL	13	SDL_AddAudioDevice
0x56b200	5	STT_FUNC	STB_GLOBAL	13	SDL_acosf_REAL
0x529770	97	STT_FUNC	STB_GLOBAL	13	mz_zip_reader_extract_file_iter_new
0x50d390	5	STT_FUNC	STB_GLOBAL	13	codo_count_joysticks
0x44e6b0	290	STT_FUNC	STB_GLOBAL	13	set_gfx_zoom
0x4c5f80	52	STT_FUNC	STB_GLOBAL	13	codo_fseek
0x629050	78	STT_FUNC	STB_GLOBAL	13	X11_GetDisplayDPI
0x53f960	6	STT_FUNC	STB_GLOBAL	13	SDL_CloseAudioDevice
0x4f2580	5137	STT_FUNC	STB_GLOBAL	13	LZ4_compress_limitedOutput
0x629eb0	29	STT_FUNC	STB_GLOBAL	13	X11_GL_UnloadLibrary
0x5427d0	1438	STT_FUNC	STB_GLOBAL	13	SDL_PeepEvents_REAL
0x5ac680	79	STT_FUNC	STB_GLOBAL	13	SDL_SYS_SetThreadPriority
0x49fbc0	318	STT_FUNC	STB_GLOBAL	13	export_wav
0x8c9a80	8	STT_OBJECT	STB_GLOBAL	24	codo_screen
0x0	0	STT_FUNC	STB_GLOBAL	SHN_UNDEF	write@@GLIBC_2.2.5
0x50f8b0	22	STT_FUNC	STB_GLOBAL	13	codo_has_clipboard_text
0x517ed0	103	STT_FUNC	STB_GLOBAL	13	codo_create_ctext
0x592cf0	2239	STT_FUNC	STB_GLOBAL	13	yuv420_rgb565_sseu
0x579c60	792	STT_FUNC	STB_GLOBAL	13	SDL_GetDisplayForWindow
0x445970	329	STT_FUNC	STB_GLOBAL	13	count_tokens
0x5b99b0	78	STT_FUNC	STB_GLOBAL	13	SDL_GetAudioStatus_REAL
0x542520	186	STT_FUNC	STB_GLOBAL	13	SDL_LogCritical
0x4ad780	269	STT_FUNC	STB_GLOBAL	13	print_splore_exit_message
0x41feb0	88	STT_FUNC	STB_GLOBAL	13	lua_pushlstring
0x61c2a0	2	STT_FUNC	STB_GLOBAL	13	DUMMY_PumpEvents
0x448f40	1523	STT_FUNC	STB_GLOBAL	13	vhand_map_navigator
0xb56de0	525616	STT_OBJECT	STB_GLOBAL	25	ps0
0x45d650	89	STT_FUNC	STB_GLOBAL	13	timer_end
0x540290	6	STT_FUNC	STB_GLOBAL	13	SDL_LogSetAllPriority
0x4cb740	2095	STT_FUNC	STB_GLOBAL	13	codo_floodfill
0x549f20	186	STT_FUNC	STB_GLOBAL	13	SDL_GetTouchFinger_REAL
0x62f550	235	STT_FUNC	STB_GLOBAL	13	SDL_IBus_Init
0x54c9a0	102	STT_FUNC	STB_GLOBAL	13	SDL_HapticPause_REAL
0x4ac060	2235	STT_FUNC	STB_GLOBAL	13	action_current_splore_item
0x429c50	196	STT_FUNC	STB_GLOBAL	13	luaL_error
0x5235a0	43	STT_FUNC	STB_GLOBAL	13	tdefl_compress_buffer
0x581140	767	STT_FUNC	STB_GLOBAL	13	SDL_ShowSimpleMessageBox_REAL
0x5403b0	6	STT_FUNC	STB_GLOBAL	13	SDL_CreateSystemCursor
0x4bdc50	420	STT_FUNC	STB_GLOBAL	13	codo_get_key_state
0x5c9b90	558	STT_FUNC	STB_GLOBAL	13	SDL_BlendFillRect
0x42a820	113	STT_FUNC	STB_GLOBAL	13	luaL_checkinteger
0x5756e0	53	STT_FUNC	STB_GLOBAL	13	SDL_SetSurfaceRLE_REAL
0x540c50	6	STT_FUNC	STB_GLOBAL	13	SDL_memcmp
0x41ff10	89	STT_FUNC	STB_GLOBAL	13	luaL_pushresult
0x578640	39	STT_FUNC	STB_GLOBAL	13	SDL_GetCurrentVideoDriver_REAL
0x8ce680	16	STT_OBJECT	STB_GLOBAL	25	call_stats
0x0	0	STT_FUNC	STB_GLOBAL	SHN_UNDEF	pthread_cond_broadcast@@GLIBC_2.3.2
0x56b300	21	STT_FUNC	STB_GLOBAL	13	SDL_copysignf_REAL
0x575960	30	STT_FUNC	STB_GLOBAL	13	SDL_GetSurfaceAlphaMod_REAL
0x62a280	3494	STT_FUNC	STB_GLOBAL	13	X11_GL_LoadLibrary
0x957600	4	STT_OBJECT	STB_GLOBAL	25	max_allocated
0x527f80	362	STT_FUNC	STB_GLOBAL	13	tinfl_decompress_mem_to_heap
0x541350	6	STT_FUNC	STB_GLOBAL	13	SDL_GetDisplayBounds
0x4ac920	1743	STT_FUNC	STB_GLOBAL	13	process_cart_menu_action
0x5bd160	707	STT_FUNC	STB_GLOBAL	13	SDL_PrepareResampleFilter
0x5c3440	68	STT_FUNC	STB_GLOBAL	13	SDL_GetCPUCount_REAL
0x540050	51	STT_FUNC	STB_GLOBAL	13	SDL_JoystickGetGUIDFromString
0x4bd200	8	STT_FUNC	STB_GLOBAL	13	codo_set_destroy_item_func
0x490510	61	STT_FUNC	STB_GLOBAL	13	p8_fmod
0x419790	60	STT_FUNC	STB_GLOBAL	13	luaS_hash
0x8c8808	4	STT_OBJECT	STB_GLOBAL	24	last_view_generated
0x8ccc40	96	STT_OBJECT	STB_GLOBAL	24	GL_RenderDriver
0x4456b0	220	STT_FUNC	STB_GLOBAL	13	add_to_keyword_hash_table
0x0	0	STT_FUNC	STB_GLOBAL	SHN_UNDEF	ftello64@@GLIBC_2.2.5
0x4fbf70	2476	STT_FUNC	STB_GLOBAL	13	calculate_osc_state
0x5a9f80	10	STT_FUNC	STB_GLOBAL	13	X11_MaximizeWindow
0x553410	12	STT_FUNC	STB_GLOBAL	13	SDL_GetRenderer_REAL
0x0	0	STT_FUNC	STB_GLOBAL	SHN_UNDEF	strftime@@GLIBC_2.2.5
0x570ee0	1418	STT_FUNC	STB_GLOBAL	13	SDL_MasksToPixelFormatEnum_REAL
0x5b3a00	357	STT_FUNC	STB_GLOBAL	13	SDL_ReportAssertion_REAL
0x419130	101	STT_FUNC	STB_GLOBAL	13	lua_copy
0x425300	143	STT_FUNC	STB_GLOBAL	13	lua_getglobal
0x620f60	34	STT_FUNC	STB_GLOBAL	13	SDL_X11_UnloadSymbols
0x57c730	1399	STT_FUNC	STB_GLOBAL	13	SDL_GetWindowGammaRamp_REAL
0x557e70	1428	STT_FUNC	STB_GLOBAL	13	SDL_CreateTextureFromSurface_REAL
0x59c010	1275	STT_FUNC	STB_GLOBAL	13	yuv422_abgr_sse
0x444a70	16	STT_FUNC	STB_GLOBAL	13	is_alphanum
0x554b70	55	STT_FUNC	STB_GLOBAL	13	SDL_RenderGetIntegerScale_REAL
0x0	0	STT_FUNC	STB_GLOBAL	SHN_UNDEF	inotify_init@@GLIBC_2.4
0x52b220	424	STT_FUNC	STB_GLOBAL	13	mz_zip_writer_init_from_reader_v2
0x9af8a8	8	STT_OBJECT	STB_GLOBAL	25	X11_XGetVisualInfo
0x57a5e0	172	STT_FUNC	STB_GLOBAL	13	SDL_SetWindowTitle_REAL
0x4cf510	308	STT_FUNC	STB_GLOBAL	13	canim_channel_evaluate
0x571730	1080	STT_FUNC	STB_GLOBAL	13	SDL_InitFormat
0x9af630	8	STT_OBJECT	STB_GLOBAL	25	X11_XSynchronize
0x42d5d0	142	STT_FUNC	STB_GLOBAL	13	luaL_optunsigned
0x0	0	STT_FUNC	STB_GLOBAL	SHN_UNDEF	clock_gettime@@GLIBC_2.2.5
0x546a00	64	STT_FUNC	STB_GLOBAL	13	SDL_GetKeyFromScancode_REAL
0x4eee90	1493	STT_FUNC	STB_GLOBAL	13	LodePNG_Encoder_copy
0x4a3440	225	STT_FUNC	STB_GLOBAL	13	save_splore_list_to_file
0x0	0	STT_FUNC	STB_GLOBAL	SHN_UNDEF	sqrt@@GLIBC_2.2.5
0x540530	6	STT_FUNC	STB_GLOBAL	13	SDL_GetPixelFormatName
0x540e20	6	STT_FUNC	STB_GLOBAL	13	SDL_strncmp
0x53fb20	6	STT_FUNC	STB_GLOBAL	13	SDL_PushEvent
0x40d360	152	STT_FUNC	STB_GLOBAL	13	show_message_2
0x56b920	61	STT_FUNC	STB_GLOBAL	13	SDL_strdup_REAL
0x4bde40	2	STT_FUNC	STB_GLOBAL	13	codo_keys_exit
0x590e20	1568	STT_FUNC	STB_GLOBAL	13	yuvnv12_bgra_std
0x505ce0	52	STT_FUNC	STB_GLOBAL	13	codo_get_pico8_channel_sfx
0x0	0	STT_FUNC	STB_GLOBAL	SHN_UNDEF	strtoul@@GLIBC_2.2.5
0x4288f0	292	STT_FUNC	STB_GLOBAL	13	luaK_goiffalse
0x5154c0	244	STT_FUNC	STB_GLOBAL	13	codo_get_ctextfield_cursor_pos
0x9af9c0	8	STT_OBJECT	STB_GLOBAL	25	X11_XCloseDisplay
0x4c94f0	316	STT_FUNC	STB_GLOBAL	13	codo_load_pod_set
0x40abe0	139	STT_FUNC	STB_GLOBAL	13	toggle_mute
0x52f570	34	STT_FUNC	STB_GLOBAL	13	codo_create_xm
0x61afa0	489	STT_FUNC	STB_GLOBAL	13	SDL_EGL_MakeCurrent
0x0	0	STT_FUNC	STB_GLOBAL	SHN_UNDEF	pthread_mutex_unlock@@GLIBC_2.2.5
0x4e70a0	404	STT_FUNC	STB_GLOBAL	13	LodePNG_Text_add
0x9af788	8	STT_OBJECT	STB_GLOBAL	25	X11_XSetErrorHandler
0x5b1950	11	STT_FUNC	STB_GLOBAL	13	SDL_TicksQuit
0x542220	186	STT_FUNC	STB_GLOBAL	13	SDL_LogDebug
0x452290	16	STT_FUNC	STB_GLOBAL	13	switch_col
0x4ce0a0	524	STT_FUNC	STB_GLOBAL	13	codo_matrix_mul
0x490b50	33	STT_FUNC	STB_GLOBAL	13	pico8_rotl
0x58ef30	598	STT_FUNC	STB_GLOBAL	13	yuv422_rgb24_std
0x53f840	6	STT_FUNC	STB_GLOBAL	13	SDL_GetAudioDeviceName
0x569220	2576	STT_FUNC	STB_GLOBAL	13	SDLgfx_rotozoomSurfaceSizeTrig
0x47c030	2808	STT_FUNC	STB_GLOBAL	13	pico8_reload
0x4efc70	5	STT_FUNC	STB_GLOBAL	13	codo_memset
0x43dac0	51	STT_FUNC	STB_GLOBAL	13	get_run_chain_param_str
0x57be80	141	STT_FUNC	STB_GLOBAL	13	SDL_UpdateWindowSurfaceRects_REAL
0x4f55a0	1293	STT_FUNC	STB_GLOBAL	13	LZ4_decompress_fast
0x0	0	STT_FUNC	STB_GLOBAL	SHN_UNDEF	memcpy@@GLIBC_2.14
0x0	0	STT_FUNC	STB_GLOBAL	SHN_UNDEF	fcntl@@GLIBC_2.2.5
0x4291f0	245	STT_FUNC	STB_GLOBAL	13	luaK_self
0x4b4820	115	STT_FUNC	STB_GLOBAL	13	allocate_channel
0x49d600	305	STT_FUNC	STB_GLOBAL	13	EGifGCBToSavedExtension
0x5469e0	28	STT_FUNC	STB_GLOBAL	13	SDL_ToggleModState
0x5748f0	417	STT_FUNC	STB_GLOBAL	13	SDL_FreeShapeTree
0x9af7b0	8	STT_OBJECT	STB_GLOBAL	25	X11_XReparentWindow
0x4ee750	763	STT_FUNC	STB_GLOBAL	13	LodePNG_encode
0x9af868	8	STT_OBJECT	STB_GLOBAL	25	X11_XGrabServer
0x490a90	29	STT_FUNC	STB_GLOBAL	13	set_rand_seed
0x53f870	6	STT_FUNC	STB_GLOBAL	13	SDL_GetAudioDeviceStatus
0x4c1d40	58	STT_FUNC	STB_GLOBAL	13	codo_get_filename_extension
0x4f4a40	1464	STT_FUNC	STB_GLOBAL	13	LZ4_decompress_safe_withPrefix64k
0x4c64d0	400	STT_FUNC	STB_GLOBAL	13	codo_fprintf_4x
0x580e50	740	STT_FUNC	STB_GLOBAL	13	SDL_ShowMessageBox_REAL
0x59dc30	2958	STT_FUNC	STB_GLOBAL	13	yuvnv12_rgb24_sse
0x9af5a8	8	STT_OBJECT	STB_GLOBAL	25	X11_Xutf8LookupString
0x9aab40	4	STT_OBJECT	STB_GLOBAL	25	fade_start_t
0x42a8a0	64	STT_FUNC	STB_GLOBAL	13	luaL_optinteger
0x575b10	140	STT_FUNC	STB_GLOBAL	13	SDL_LowerBlit_REAL
0x967ad0	4	STT_OBJECT	STB_GLOBAL	25	cart_menu
0x5c4a90	639	STT_FUNC	STB_GLOBAL	13	SDL_HasSSE42_REAL
0x540510	6	STT_FUNC	STB_GLOBAL	13	SDL_CondWait
0x6264f0	3087	STT_FUNC	STB_GLOBAL	13	X11_InitKeyboard
0x53fe20	6	STT_FUNC	STB_GLOBAL	13	SDL_HapticEffectSupported
0x4d2ea0	1186	STT_FUNC	STB_GLOBAL	13	apply_synth_filter_reduce
0x5aebb0	157	STT_FUNC	STB_GLOBAL	13	SDL_SYS_HapticMouse
0x5b7430	5820	STT_FUNC	STB_GLOBAL	13	SDL_OpenAudio_REAL
0x411350	210	STT_FUNC	STB_GLOBAL	13	draw_cart_comment
0x52f400	20	STT_FUNC	STB_GLOBAL	13	codo_strcpy
0x5286b0	39	STT_FUNC	STB_GLOBAL	13	mz_zip_reader_init_file
0x53f7c0	6	STT_FUNC	STB_GLOBAL	13	SDL_AtomicGetPtr
0x5a4840	78	STT_FUNC	STB_GLOBAL	13	SDL_LoadObject_REAL
0x0	0	STT_FUNC	STB_GLOBAL	SHN_UNDEF	open@@GLIBC_2.2.5
0x5280f0	140	STT_FUNC	STB_GLOBAL	13	tinfl_decompress_mem_to_mem
0x578c20	158	STT_FUNC	STB_GLOBAL	13	SDL_GetDisplayDPI_REAL
0x4c0520	3	STT_FUNC	STB_GLOBAL	13	codo_fix_int16
0x53fcd0	6	STT_FUNC	STB_GLOBAL	13	SDL_GameControllerGetBindForButton
0x541cf0	6	STT_FUNC	STB_GLOBAL	13	SDL_fmodf
0x4f82e0	8	STT_FUNC	STB_GLOBAL	13	codo_get_xm_playstate
0x40a130	18	STT_FUNC	STB_GLOBAL	13	pico8_list_files
0x9af3a0	8	STT_OBJECT	STB_GLOBAL	25	X11_XF86VidModeGetAllModeLines
0x41a390	7	STT_FUNC	STB_GLOBAL	13	lua_set_cpu_cycles_slice_max
0x497eb0	66	STT_FUNC	STB_GLOBAL	13	gif_free_all
0x53fd30	6	STT_FUNC	STB_GLOBAL	13	SDL_LoadDollarTemplates
0x523240	851	STT_FUNC	STB_GLOBAL	13	mz_compress
0x550370	41	STT_FUNC	STB_GLOBAL	13	SDL_JoystickGetAttached_REAL
0x42b5c0	134	STT_FUNC	STB_GLOBAL	13	luaB_cocreate
0x40d240	63	STT_FUNC	STB_GLOBAL	13	show_message_ex
0x541820	6	STT_FUNC	STB_GLOBAL	13	SDL_GetGlobalMouseState
0x428770	375	STT_FUNC	STB_GLOBAL	13	luaK_goiftrue
0x0	0	STT_FUNC	STB_GLOBAL	SHN_UNDEF	iconv_close@@GLIBC_2.2.5
0x57f290	210	STT_FUNC	STB_GLOBAL	13	SDL_GL_CreateContext_REAL
0x0	0	STT_FUNC	STB_GLOBAL	SHN_UNDEF	sin@@GLIBC_2.2.5
0x56ba20	5	STT_FUNC	STB_GLOBAL	13	SDL_strchr_REAL
0x418120	20	STT_FUNC	STB_GLOBAL	13	lua_pushnil
0x540660	6	STT_FUNC	STB_GLOBAL	13	SDL_UnionRect
0x558780	55	STT_FUNC	STB_GLOBAL	13	SDL_GetBlendModeDstColorFactor
0x5b9b30	46	STT_FUNC	STB_GLOBAL	13	SDL_UnlockAudioDevice_REAL
0x409320	359	STT_FUNC	STB_GLOBAL	13	draw_extpal_glitch
0x0	0	STT_FUNC	STB_GLOBAL	SHN_UNDEF	log@@GLIBC_2.2.5
0x53fa00	6	STT_FUNC	STB_GLOBAL	13	SDL_HasSSE
0x418e90	40	STT_FUNC	STB_GLOBAL	13	luaC_barrier_
0x56af90	62	STT_FUNC	STB_GLOBAL	13	SDL_GetMemoryFunctions_REAL
0x0	0	STT_FUNC	STB_GLOBAL	SHN_UNDEF	rename@@GLIBC_2.2.5
0x4b1c70	261	STT_FUNC	STB_GLOBAL	13	create_undo_sfx64_state
0x4094d0	2972	STT_FUNC	STB_GLOBAL	13	codo_main_draw
0x630880	194	STT_FUNC	STB_GLOBAL	13	SDL_ClearDataQueue
0x556520	68	STT_FUNC	STB_GLOBAL	13	SDL_RenderSetScale_REAL
0x421040	281	STT_FUNC	STB_GLOBAL	13	luaH_get
0x444b90	2844	STT_FUNC	STB_GLOBAL	13	get_next_token_0
0x418790	7	STT_FUNC	STB_GLOBAL	13	luaK_getlabel
0x4a1b40	81	STT_FUNC	STB_GLOBAL	13	keyconfig_init
0x9aebe0	8	STT_OBJECT	STB_GLOBAL	25	SDL_Convert_U16_to_F32
0x56b3c0	81	STT_FUNC	STB_GLOBAL	13	SDL_floorf_REAL
0x4cec30	54	STT_FUNC	STB_GLOBAL	13	codo_mangle_int32
0x4f7e30	97	STT_FUNC	STB_GLOBAL	13	LZ4_createHC
0x418770	28	STT_FUNC	STB_GLOBAL	13	luaL_buffinit
0x4e6da0	117	STT_FUNC	STB_GLOBAL	13	LodePNG_Text_cleanup
0x511980	206	STT_FUNC	STB_GLOBAL	13	codo_open_display
0x540a90	6	STT_FUNC	STB_GLOBAL	13	SDL_ReadLE64
0x45ce10	18	STT_FUNC	STB_GLOBAL	13	base64_init_encodestate
0x57f370	364	STT_FUNC	STB_GLOBAL	13	SDL_GL_MakeCurrent_REAL
0x42de40	138	STT_FUNC	STB_GLOBAL	13	luaB_rawlen
0x44e4e0	24	STT_FUNC	STB_GLOBAL	13	add_guie
0x417d60	31	STT_FUNC	STB_GLOBAL	13	lua_iscfunction
0x9af7d0	8	STT_OBJECT	STB_GLOBAL	25	X11_XPutImage
0x61a2d0	130	STT_FUNC	STB_GLOBAL	13	SDL_EGL_UnloadLibrary
0x5af020	108	STT_FUNC	STB_GLOBAL	13	SDL_SYS_HapticQuit
0x4b01b0	61	STT_FUNC	STB_GLOBAL	13	show_pico8_screen
0x0	0	STT_FUNC	STB_GLOBAL	SHN_UNDEF	strtod@@GLIBC_2.2.5
0x56b1e0	5	STT_FUNC	STB_GLOBAL	13	SDL_atan2f_REAL
0x528360	368	STT_FUNC	STB_GLOBAL	13	mz_zip_reader_init
0x58fb90	1650	STT_FUNC	STB_GLOBAL	13	yuvnv12_rgb565_std
0x5befa0	125	STT_FUNC	STB_GLOBAL	13	SDL_AudioStreamGet_REAL
0x50d3a0	84	STT_FUNC	STB_GLOBAL	13	codo_count_joystick_buttons
0x8ce1e8	8	STT_OBJECT	STB_GLOBAL	25	stdout@@GLIBC_2.2.5
0x52b570	11	STT_FUNC	STB_GLOBAL	13	mz_set_force_create_new_file
0x530980	77	STT_FUNC	STB_GLOBAL	13	unify_note_identity
0x4a7300	82	STT_FUNC	STB_GLOBAL	13	clean_pico8_string
0x4eaef0	174	STT_FUNC	STB_GLOBAL	13	LodePNG_InfoColor_copy
0x58c780	1650	STT_FUNC	STB_GLOBAL	13	yuv420_rgb565_std
0x540a10	6	STT_FUNC	STB_GLOBAL	13	SDL_RWFromConstMem
0x0	0	STT_FUNC	STB_GLOBAL	SHN_UNDEF	mkdir@@GLIBC_2.2.5
0x426390	290	STT_FUNC	STB_GLOBAL	13	luaL_ref
0x578ec0	332	STT_FUNC	STB_GLOBAL	13	SDL_GetDisplayMode_REAL
0x5abe30	319	STT_FUNC	STB_GLOBAL	13	SDL_DBus_CallVoidMethodOnConnection
0x9aebc0	8	STT_OBJECT	STB_GLOBAL	25	SDL_Convert_F32_to_S16
0x0	0	STT_FUNC	STB_GLOBAL	SHN_UNDEF	time@@GLIBC_2.2.5
0x509290	67	STT_FUNC	STB_GLOBAL	13	codo_audio_rec
0x427090	200	STT_FUNC	STB_GLOBAL	13	luaL_where
0x405220	5	STT_FUNC	STB_GLOBAL	13	main
0x9af670	8	STT_OBJECT	STB_GLOBAL	25	X11__XEatData
0x446500	1214	STT_FUNC	STB_GLOBAL	13	vhand_gfx_navigator
0x413350	86	STT_FUNC	STB_GLOBAL	13	sync_shared_data_on_load
0x4cf3f0	276	STT_FUNC	STB_GLOBAL	13	canim_channel_index_for_command
0x4bd210	51	STT_FUNC	STB_GLOBAL	13	cpod_get_item
0x5a9900	32	STT_FUNC	STB_GLOBAL	13	X11_GetWindowBordersSize
0x0	0	STT_FUNC	STB_GLOBAL	SHN_UNDEF	shmat@@GLIBC_2.2.5
0x541d00	6	STT_FUNC	STB_GLOBAL	13	SDL_SetYUVConversionMode
0x403820	0	STT_FUNC	STB_GLOBAL	11	_init
0x48ea50	2554	STT_FUNC	STB_GLOBAL	13	read_buttons
0x4f8210	171	STT_FUNC	STB_GLOBAL	13	codo_sound_init
0x5abf70	311	STT_FUNC	STB_GLOBAL	13	SDL_DBus_CallVoidMethod
0x41d650	54	STT_FUNC	STB_GLOBAL	13	luaC_runtilstate
0x42aaa0	113	STT_FUNC	STB_GLOBAL	13	luaL_checkunsigned
0x581890	201	STT_FUNC	STB_GLOBAL	13	SDL_Vulkan_CreateSurface_REAL
0x5b48d0	92	STT_FUNC	STB_GLOBAL	13	SDL_GetHint_REAL
0x418bc0	172	STT_FUNC	STB_GLOBAL	13	luaD_rawrunprotected
0x0	0	STT_FUNC	STB_GLOBAL	SHN_UNDEF	fflush@@GLIBC_2.2.5
0x43e170	797	STT_FUNC	STB_GLOBAL	13	extract_syntax_error
0x541a40	6	STT_FUNC	STB_GLOBAL	13	SDL_GameControllerMappingForIndex
0x45c2e0	235	STT_FUNC	STB_GLOBAL	13	convert_hex_to_binary_file
0x5416e0	6	STT_FUNC	STB_GLOBAL	13	SDL_GL_GetCurrentWindow
0x4101a0	134	STT_FUNC	STB_GLOBAL	13	codo_main_exit
0x540b60	6	STT_FUNC	STB_GLOBAL	13	SDL_malloc
0x54ccf0	482	STT_FUNC	STB_GLOBAL	13	SDL_HapticRumblePlay_REAL
0x5b67d0	181	STT_FUNC	STB_GLOBAL	13	SDL_QueueAudio_REAL
0x457230	385	STT_FUNC	STB_GLOBAL	13	get_code_char_count
0x540c10	6	STT_FUNC	STB_GLOBAL	13	SDL_tolower
0x40b410	1588	STT_FUNC	STB_GLOBAL	13	tab_completion
0x9aebd0	8	STT_OBJECT	STB_GLOBAL	25	SDL_Convert_F32_to_S8
0x4ad1c0	678	STT_FUNC	STB_GLOBAL	13	splore_init
0x5afbf0	150	STT_FUNC	STB_GLOBAL	13	SDL_SYS_HapticRunEffect
0x0	0	STT_FUNC	STB_GLOBAL	SHN_UNDEF	sqrtf@@GLIBC_2.2.5
0x41dd00	91	STT_FUNC	STB_GLOBAL	13	luaF_newproto
0x4cc720	781	STT_FUNC	STB_GLOBAL	13	cmodel_new_polygon
0x8c96c0	64	STT_OBJECT	STB_GLOBAL	24	game_fn
0x580a20	111	STT_FUNC	STB_GLOBAL	13	SDL_GL_SetSwapInterval_REAL
0x5b9d30	311	STT_FUNC	STB_GLOBAL	13	SDL_FirstAudioFormat
0x57ce40	161	STT_FUNC	STB_GLOBAL	13	SDL_UpdateWindowGrab
0x967acc	4	STT_OBJECT	STB_GLOBAL	25	cart_menu_tt
0x54ea80	70	STT_FUNC	STB_GLOBAL	13	SDL_GameControllerNumMappings_REAL
0x41cc50	299	STT_FUNC	STB_GLOBAL	13	luaS_resize
0x5412e0	6	STT_FUNC	STB_GLOBAL	13	SDL_GetNumVideoDrivers
0x9470c4	4	STT_OBJECT	STB_GLOBAL	25	vidx
0x414800	11	STT_FUNC	STB_GLOBAL	13	clear_embedded_carts
0x0	0	STT_FUNC	STB_GLOBAL	SHN_UNDEF	sinh@@GLIBC_2.2.5
0x47a770	142	STT_FUNC	STB_GLOBAL	13	get_memcpy_byte
0x4199a0	75	STT_FUNC	STB_GLOBAL	13	lua_rawlen
0x411f00	7	STT_FUNC	STB_GLOBAL	13	save_pico8_cart_png
0x41ef50	338	STT_FUNC	STB_GLOBAL	13	lua_newthread
0x550580	905	STT_FUNC	STB_GLOBAL	13	SDL_JoystickOpen_REAL
0x575f80	1500	STT_FUNC	STB_GLOBAL	13	SDL_UpperBlitScaled_REAL
0x541c60	6	STT_FUNC	STB_GLOBAL	13	SDL_atan2f
0x447b50	300	STT_FUNC	STB_GLOBAL	13	vhand_sfx_pattern_edit
0x53f7a0	6	STT_FUNC	STB_GLOBAL	13	SDL_AtomicCASPtr
0x9af628	8	STT_OBJECT	STB_GLOBAL	25	X11_XESetWireToEvent
0x490a70	31	STT_FUNC	STB_GLOBAL	13	get_rand_seed
0x421160	44	STT_FUNC	STB_GLOBAL	13	lua_rawget
0x53ff30	6	STT_FUNC	STB_GLOBAL	13	SDL_SetHint
0x56ac60	94	STT_FUNC	STB_GLOBAL	13	SDL_setenv_REAL
0x6418a0	1024	STT_OBJECT	STB_GLOBAL	15	GifAsciiTable8x8
0x540550	6	STT_FUNC	STB_GLOBAL	13	SDL_MasksToPixelFormatEnum
0x0	0	STT_FUNC	STB_GLOBAL	SHN_UNDEF	pthread_attr_setdetachstate@@GLIBC_2.2.5
0x41dcb0	71	STT_FUNC	STB_GLOBAL	13	luaF_newCclosure
0x5ac670	5	STT_FUNC	STB_GLOBAL	13	SDL_ThreadID_REAL
0x581960	114	STT_FUNC	STB_GLOBAL	13	SDL_Vulkan_GetDrawableSize_REAL
0x540fd0	6	STT_FUNC	STB_GLOBAL	13	SDL_SetSurfacePalette
0x522b90	49	STT_FUNC	STB_GLOBAL	13	mz_inflateEnd
0x5b3580	8	STT_FUNC	STB_GLOBAL	13	SDL_GetPlatform_REAL
